Workbook

Sheet Lease-Up Bridge
B2: Lease-Up Bridge — what happened at the property, and how it becomes Year 1 & Year 2
B3: Drop this sheet into the model, then Calculate (Ctrl+Alt+F9). Blue cells are live formulas against HD Dump, T12 Dump, RRA, RR Dump and Cash Flow (Annual). Grey cells are static reconstructed history — the model has no equivalent source for them.
B4: Market & effective rent use the SAME T90 window and mix-weighting as Cash Flow (Annual) rows 252-304, so this tab and the model agree by construction. Contract rent = (AGPR − |vacancy|) ÷ occupied units — vacant units sit in AGPR at market, which overstates contract rent by ~4% at lease-up occupancy, so they are removed.
B6: UNIT MIX (live from tblRentRoll — drives the mix weighting)
C7: S1_Seas | D7: A1_Seas | E7: A2_Seas | F7: B1_Seas | G7: B2_Seas | H7: B3a_Seas | I7: B3b_Seas | J7: C1a_Seas | K7: C1b_Seas | L7: total
B8: units | C8: =COUNTIFS('RR Dump'!$B$2:$B$361,C7) | D8: =COUNTIFS('RR Dump'!$B$2:$B$361,D7) | E8: =COUNTIFS('RR Dump'!$B$2:$B$361,E7) | F8: =COUNTIFS('RR Dump'!$B$2:$B$361,F7) | G8: =COUNTIFS('RR Dump'!$B$2:$B$361,G7) | H8: =COUNTIFS('RR Dump'!$B$2:$B$361,H7) | I8: =COUNTIFS('RR Dump'!$B$2:$B$361,I7) | J8: =COUNTIFS('RR Dump'!$B$2:$B$361,J7) | K8: =COUNTIFS('RR Dump'!$B$2:$B$361,K7) | L8: =SUM(C8:K8)
T9: T90 helper block — market by plan, then effective by plan (hidden)
B10: Month | C10: Basis | D10: Market rent (T90 HelloData) | E10: Effective rent (T90 HelloData) | F10: Contract rent (per occupied) | G10: Physical occupancy | H10: (LTL)/GTL % | I10: New leases | J10: Renew- als | K10: Move- outs | L10: Leases expiring | M10: Expiring rent | N10: Renews at | O10: Renewal increase % | P10: New lease at
B11: 45504 | C11: Actual | D11: =SUMPRODUCT(T11:AB11,$C$8:$K$8)/SUM($C$8:$K$8) | E11: =SUMPRODUCT(AD11:AL11,$C$8:$K$8)/SUM($C$8:$K$8) | F11: =IFERROR((INDEX('T12 Dump'!$D$9:$O$9,MATCH(EOMONTH($B11,-1)+1,'T12 Dump'!$D$3:$O$3,0))-ABS(INDEX('T12 Dump'!$D$11:$O$11,MATCH(EOMONTH($B11,-1)+1,'T12 Dump'!$D$3:$O$3,0))))/($F11*360),"") | G11: =IFERROR(1-ABS(INDEX('T12 Dump'!$D$11:$O$11,MATCH(EOMONTH($B11,-1)+1,'T12 Dump'!$D$3:$O$3,0)))/INDEX('T12 Dump'!$D$7:$O$7,MATCH(EOMONTH($B11,-1)+1,'T12 Dump'!$D$3:$O$3,0)),"") | H11: =IFERROR($F11/$D11-1,"") | I11: 2 | T11: =IF(COUNTIFS('HD Dump'!$U$2:$U$538,C$7,'HD Dump'!$R$2:$R$538,">="&$B11-90,'HD Dump'!$R$2:$R$538,"<="&$B11)>0,AVERAGEIFS('HD Dump'!$M$2:$M$538,'HD Dump'!$U$2:$U$538,C$7,'HD Dump'!$R$2:$R$538,">="&$B11-90,'HD Dump'!$R$2:$R$538,"<="&$B11),"") | U11: =IF(COUNTIFS('HD Dump'!$U$2:$U$538,D$7,'HD Dump'!$R$2:$R$538,">="&$B11-90,'HD Dump'!$R$2:$R$538,"<="&$B11)>0,AVERAGEIFS('HD Dump'!$M$2:$M$538,'HD Dump'!$U$2:$U$538,D$7,'HD Dump'!$R$2:$R$538,">="&$B11-90,'HD Dump'!$R$2:$R$538,"<="&$B11),"") | V11: =IF(COUNTIFS('HD Dump'!$U$2:$U$538,E$7,'HD Dump'!$R$2:$R$538,">="&$B11-90,'HD Dump'!$R$2:$R$538,"<="&$B11)>0,AVERAGEIFS('HD Dump'!$M$2:$M$538,'HD Dump'!$U$2:$U$538,E$7,'HD Dump'!$R$2:$R$538,">="&$B11-90,'HD Dump'!$R$2:$R$538,"<="&$B11),"") | W11: =IF(COUNTIFS('HD Dump'!$U$2:$U$538,F$7,'HD Dump'!$R$2:$R$538,">="&$B11-90,'HD Dump'!$R$2:$R$538,"<="&$B11)>0,AVERAGEIFS('HD Dump'!$M$2:$M$538,'HD Dump'!$U$2:$U$538,F$7,'HD Dump'!$R$2:$R$538,">="&$B11-90,'HD Dump'!$R$2:$R$538,"<="&$B11),"") | X11: =IF(COUNTIFS('HD Dump'!$U$2:$U$538,G$7,'HD Dump'!$R$2:$R$538,">="&$B11-90,'HD Dump'!$R$2:$R$538,"<="&$B11)>0,AVERAGEIFS('HD Dump'!$M$2:$M$538,'HD Dump'!$U$2:$U$538,G$7,'HD Dump'!$R$2:$R$538,">="&$B11-90,'HD Dump'!$R$2:$R$538,"<="&$B11),"") | Y11: =IF(COUNTIFS('HD Dump'!$U$2:$U$538,H$7,'HD Dump'!$R$2:$R$538,">="&$B11-90,'HD Dump'!$R$2:$R$538,"<="&$B11)>0,AVERAGEIFS('HD Dump'!$M$2:$M$538,'HD Dump'!$U$2:$U$538,H$7,'HD Dump'!$R$2:$R$538,">="&$B11-90,'HD Dump'!$R$2:$R$538,"<="&$B11),"") | Z11: =IF(COUNTIFS('HD Dump'!$U$2:$U$538,I$7,'HD Dump'!$R$2:$R$538,">="&$B11-90,'HD Dump'!$R$2:$R$538,"<="&$B11)>0,AVERAGEIFS('HD Dump'!$M$2:$M$538,'HD Dump'!$U$2:$U$538,I$7,'HD Dump'!$R$2:$R$538,">="&$B11-90,'HD Dump'!$R$2:$R$538,"<="&$B11),"") | AA11: =IF(COUNTIFS('HD Dump'!$U$2:$U$538,J$7,'HD Dump'!$R$2:$R$538,">="&$B11-90,'HD Dump'!$R$2:$R$538,"<="&$B11)>0,AVERAGEIFS('HD Dump'!$M$2:$M$538,'HD Dump'!$U$2:$U$538,J$7,'HD Dump'!$R$2:$R$538,">="&$B11-90,'HD Dump'!$R$2:$R$538,"<="&$B11),"") | AB11: =IF(COUNTIFS('HD Dump'!$U$2:$U$538,K$7,'HD Dump'!$R$2:$R$538,">="&$B11-90,'HD Dump'!$R$2:$R$538,"<="&$B11)>0,AVERAGEIFS('HD Dump'!$M$2:$M$538,'HD Dump'!$U$2:$U$538,K$7,'HD Dump'!$R$2:$R$538,">="&$B11-90,'HD Dump'!$R$2:$R$538,"<="&$B11),"") | AD11: =IF(COUNTIFS('HD Dump'!$U$2:$U$538,C$7,'HD Dump'!$R$2:$R$538,">="&$B11-90,'HD Dump'!$R$2:$R$538,"<="&$B11)>0,AVERAGEIFS('HD Dump'!$O$2:$O$538,'HD Dump'!$U$2:$U$538,C$7,'HD Dump'!$R$2:$R$538,">="&$B11-90,'HD Dump'!$R$2:$R$538,"<="&$B11),"") | AE11: =IF(COUNTIFS('HD Dump'!$U$2:$U$538,D$7,'HD Dump'!$R$2:$R$538,">="&$B11-90,'HD Dump'!$R$2:$R$538,"<="&$B11)>0,AVERAGEIFS('HD Dump'!$O$2:$O$538,'HD Dump'!$U$2:$U$538,D$7,'HD Dump'!$R$2:$R$538,">="&$B11-90,'HD Dump'!$R$2:$R$538,"<="&$B11),"") | AF11: =IF(COUNTIFS('HD Dump'!$U$2:$U$538,E$7,'HD Dump'!$R$2:$R$538,">="&$B11-90,'HD Dump'!$R$2:$R$538,"<="&$B11)>0,AVERAGEIFS('HD Dump'!$O$2:$O$538,'HD Dump'!$U$2:$U$538,E$7,'HD Dump'!$R$2:$R$538,">="&$B11-90,'HD Dump'!$R$2:$R$538,"<="&$B11),"") | AG11: =IF(COUNTIFS('HD Dump'!$U$2:$U$538,F$7,'HD Dump'!$R$2:$R$538,">="&$B11-90,'HD Dump'!$R$2:$R$538,"<="&$B11)>0,AVERAGEIFS('HD Dump'!$O$2:$O$538,'HD Dump'!$U$2:$U$538,F$7,'HD Dump'!$R$2:$R$538,">="&$B11-90,'HD Dump'!$R$2:$R$538,"<="&$B11),"") | AH11: =IF(COUNTIFS('HD Dump'!$U$2:$U$538,G$7,'HD Dump'!$R$2:$R$538,">="&$B11-90,'HD Dump'!$R$2:$R$538,"<="&$B11)>0,AVERAGEIFS('HD Dump'!$O$2:$O$538,'HD Dump'!$U$2:$U$538,G$7,'HD Dump'!$R$2:$R$538,">="&$B11-90,'HD Dump'!$R$2:$R$538,"<="&$B11),"") | AI11: =IF(COUNTIFS('HD Dump'!$U$2:$U$538,H$7,'HD Dump'!$R$2:$R$538,">="&$B11-90,'HD Dump'!$R$2:$R$538,"<="&$B11)>0,AVERAGEIFS('HD Dump'!$O$2:$O$538,'HD Dump'!$U$2:$U$538,H$7,'HD Dump'!$R$2:$R$538,">="&$B11-90,'HD Dump'!$R$2:$R$538,"<="&$B11),"") | AJ11: =IF(COUNTIFS('HD Dump'!$U$2:$U$538,I$7,'HD Dump'!$R$2:$R$538,">="&$B11-90,'HD Dump'!$R$2:$R$538,"<="&$B11)>0,AVERAGEIFS('HD Dump'!$O$2:$O$538,'HD Dump'!$U$2:$U$538,I$7,'HD Dump'!$R$2:$R$538,">="&$B11-90,'HD Dump'!$R$2:$R$538,"<="&$B11),"") | AK11: =IF(COUNTIFS('HD Dump'!$U$2:$U$538,J$7,'HD Dump'!$R$2:$R$538,">="&$B11-90,'HD Dump'!$R$2:$R$538,"<="&$B11)>0,AVERAGEIFS('HD Dump'!$O$2:$O$538,'HD Dump'!$U$2:$U$538,J$7,'HD Dump'!$R$2:$R$538,">="&$B11-90,'HD Dump'!$R$2:$R$538,"<="&$B11),"") | AL11: =IF(COUNTIFS('HD Dump'!$U$2:$U$538,K$7,'HD Dump'!$R$2:$R$538,">="&$B11-90,'HD Dump'!$R$2:$R$538,"<="&$B11)>0,AVERAGEIFS('HD Dump'!$O$2:$O$538,'HD Dump'!$U$2:$U$538,K$7,'HD Dump'!$R$2:$R$538,">="&$B11-90,'HD Dump'!$R$2:$R$538,"<="&$B11),"")
B12: 45535 | C12: Actual | D12: =SUMPRODUCT(T12:AB12,$C$8:$K$8)/SUM($C$8:$K$8) | E12: =SUMPRODUCT(AD12:AL12,$C$8:$K$8)/SUM($C$8:$K$8) | F12: =IFERROR((INDEX('T12 Dump'!$D$9:$O$9,MATCH(EOMONTH($B12,-1)+1,'T12 Dump'!$D$3:$O$3,0))-ABS(INDEX('T12 Dump'!$D$11:$O$11,MATCH(EOMONTH($B12,-1)+1,'T12 Dump'!$D$3:$O$3,0))))/($F12*360),"") | G12: =IFERROR(1-ABS(INDEX('T12 Dump'!$D$11:$O$11,MATCH(EOMONTH($B12,-1)+1,'T12 Dump'!$D$3:$O$3,0)))/INDEX('T12 Dump'!$D$7:$O$7,MATCH(EOMONTH($B12,-1)+1,'T12 Dump'!$D$3:$O$3,0)),"") | H12: =IFERROR($F12/$D12-1,"") | I12: 7 | T12: =IF(COUNTIFS('HD Dump'!$U$2:$U$538,C$7,'HD Dump'!$R$2:$R$538,">="&$B12-90,'HD Dump'!$R$2:$R$538,"<="&$B12)>0,AVERAGEIFS('HD Dump'!$M$2:$M$538,'HD Dump'!$U$2:$U$538,C$7,'HD Dump'!$R$2:$R$538,">="&$B12-90,'HD Dump'!$R$2:$R$538,"<="&$B12),T11) | U12: =IF(COUNTIFS('HD Dump'!$U$2:$U$538,D$7,'HD Dump'!$R$2:$R$538,">="&$B12-90,'HD Dump'!$R$2:$R$538,"<="&$B12)>0,AVERAGEIFS('HD Dump'!$M$2:$M$538,'HD Dump'!$U$2:$U$538,D$7,'HD Dump'!$R$2:$R$538,">="&$B12-90,'HD Dump'!$R$2:$R$538,"<="&$B12),U11) | V12: =IF(COUNTIFS('HD Dump'!$U$2:$U$538,E$7,'HD Dump'!$R$2:$R$538,">="&$B12-90,'HD Dump'!$R$2:$R$538,"<="&$B12)>0,AVERAGEIFS('HD Dump'!$M$2:$M$538,'HD Dump'!$U$2:$U$538,E$7,'HD Dump'!$R$2:$R$538,">="&$B12-90,'HD Dump'!$R$2:$R$538,"<="&$B12),V11) | W12: =IF(COUNTIFS('HD Dump'!$U$2:$U$538,F$7,'HD Dump'!$R$2:$R$538,">="&$B12-90,'HD Dump'!$R$2:$R$538,"<="&$B12)>0,AVERAGEIFS('HD Dump'!$M$2:$M$538,'HD Dump'!$U$2:$U$538,F$7,'HD Dump'!$R$2:$R$538,">="&$B12-90,'HD Dump'!$R$2:$R$538,"<="&$B12),W11) | X12: =IF(COUNTIFS('HD Dump'!$U$2:$U$538,G$7,'HD Dump'!$R$2:$R$538,">="&$B12-90,'HD Dump'!$R$2:$R$538,"<="&$B12)>0,AVERAGEIFS('HD Dump'!$M$2:$M$538,'HD Dump'!$U$2:$U$538,G$7,'HD Dump'!$R$2:$R$538,">="&$B12-90,'HD Dump'!$R$2:$R$538,"<="&$B12),X11) | Y12: =IF(COUNTIFS('HD Dump'!$U$2:$U$538,H$7,'HD Dump'!$R$2:$R$538,">="&$B12-90,'HD Dump'!$R$2:$R$538,"<="&$B12)>0,AVERAGEIFS('HD Dump'!$M$2:$M$538,'HD Dump'!$U$2:$U$538,H$7,'HD Dump'!$R$2:$R$538,">="&$B12-90,'HD Dump'!$R$2:$R$538,"<="&$B12),Y11) | Z12: =IF(COUNTIFS('HD Dump'!$U$2:$U$538,I$7,'HD Dump'!$R$2:$R$538,">="&$B12-90,'HD Dump'!$R$2:$R$538,"<="&$B12)>0,AVERAGEIFS('HD Dump'!$M$2:$M$538,'HD Dump'!$U$2:$U$538,I$7,'HD Dump'!$R$2:$R$538,">="&$B12-90,'HD Dump'!$R$2:$R$538,"<="&$B12),Z11) | AA12: =IF(COUNTIFS('HD Dump'!$U$2:$U$538,J$7,'HD Dump'!$R$2:$R$538,">="&$B12-90,'HD Dump'!$R$2:$R$538,"<="&$B12)>0,AVERAGEIFS('HD Dump'!$M$2:$M$538,'HD Dump'!$U$2:$U$538,J$7,'HD Dump'!$R$2:$R$538,">="&$B12-90,'HD Dump'!$R$2:$R$538,"<="&$B12),AA11) | AB12: =IF(COUNTIFS('HD Dump'!$U$2:$U$538,K$7,'HD Dump'!$R$2:$R$538,">="&$B12-90,'HD Dump'!$R$2:$R$538,"<="&$B12)>0,AVERAGEIFS('HD Dump'!$M$2:$M$538,'HD Dump'!$U$2:$U$538,K$7,'HD Dump'!$R$2:$R$538,">="&$B12-90,'HD Dump'!$R$2:$R$538,"<="&$B12),AB11) | AD12: =IF(COUNTIFS('HD Dump'!$U$2:$U$538,C$7,'HD Dump'!$R$2:$R$538,">="&$B12-90,'HD Dump'!$R$2:$R$538,"<="&$B12)>0,AVERAGEIFS('HD Dump'!$O$2:$O$538,'HD Dump'!$U$2:$U$538,C$7,'HD Dump'!$R$2:$R$538,">="&$B12-90,'HD Dump'!$R$2:$R$538,"<="&$B12),AD11) | AE12: =IF(COUNTIFS('HD Dump'!$U$2:$U$538,D$7,'HD Dump'!$R$2:$R$538,">="&$B12-90,'HD Dump'!$R$2:$R$538,"<="&$B12)>0,AVERAGEIFS('HD Dump'!$O$2:$O$538,'HD Dump'!$U$2:$U$538,D$7,'HD Dump'!$R$2:$R$538,">="&$B12-90,'HD Dump'!$R$2:$R$538,"<="&$B12),AE11) | AF12: =IF(COUNTIFS('HD Dump'!$U$2:$U$538,E$7,'HD Dump'!$R$2:$R$538,">="&$B12-90,'HD Dump'!$R$2:$R$538,"<="&$B12)>0,AVERAGEIFS('HD Dump'!$O$2:$O$538,'HD Dump'!$U$2:$U$538,E$7,'HD Dump'!$R$2:$R$538,">="&$B12-90,'HD Dump'!$R$2:$R$538,"<="&$B12),AF11) | AG12: =IF(COUNTIFS('HD Dump'!$U$2:$U$538,F$7,'HD Dump'!$R$2:$R$538,">="&$B12-90,'HD Dump'!$R$2:$R$538,"<="&$B12)>0,AVERAGEIFS('HD Dump'!$O$2:$O$538,'HD Dump'!$U$2:$U$538,F$7,'HD Dump'!$R$2:$R$538,">="&$B12-90,'HD Dump'!$R$2:$R$538,"<="&$B12),AG11) | AH12: =IF(COUNTIFS('HD Dump'!$U$2:$U$538,G$7,'HD Dump'!$R$2:$R$538,">="&$B12-90,'HD Dump'!$R$2:$R$538,"<="&$B12)>0,AVERAGEIFS('HD Dump'!$O$2:$O$538,'HD Dump'!$U$2:$U$538,G$7,'HD Dump'!$R$2:$R$538,">="&$B12-90,'HD Dump'!$R$2:$R$538,"<="&$B12),AH11) | AI12: =IF(COUNTIFS('HD Dump'!$U$2:$U$538,H$7,'HD Dump'!$R$2:$R$538,">="&$B12-90,'HD Dump'!$R$2:$R$538,"<="&$B12)>0,AVERAGEIFS('HD Dump'!$O$2:$O$538,'HD Dump'!$U$2:$U$538,H$7,'HD Dump'!$R$2:$R$538,">="&$B12-90,'HD Dump'!$R$2:$R$538,"<="&$B12),AI11) | AJ12: =IF(COUNTIFS('HD Dump'!$U$2:$U$538,I$7,'HD Dump'!$R$2:$R$538,">="&$B12-90,'HD Dump'!$R$2:$R$538,"<="&$B12)>0,AVERAGEIFS('HD Dump'!$O$2:$O$538,'HD Dump'!$U$2:$U$538,I$7,'HD Dump'!$R$2:$R$538,">="&$B12-90,'HD Dump'!$R$2:$R$538,"<="&$B12),AJ11) | AK12: =IF(COUNTIFS('HD Dump'!$U$2:$U$538,J$7,'HD Dump'!$R$2:$R$538,">="&$B12-90,'HD Dump'!$R$2:$R$538,"<="&$B12)>0,AVERAGEIFS('HD Dump'!$O$2:$O$538,'HD Dump'!$U$2:$U$538,J$7,'HD Dump'!$R$2:$R$538,">="&$B12-90,'HD Dump'!$R$2:$R$538,"<="&$B12),AK11) | AL12: =IF(COUNTIFS('HD Dump'!$U$2:$U$538,K$7,'HD Dump'!$R$2:$R$538,">="&$B12-90,'HD Dump'!$R$2:$R$538,"<="&$B12)>0,AVERAGEIFS('HD Dump'!$O$2:$O$538,'HD Dump'!$U$2:$U$538,K$7,'HD Dump'!$R$2:$R$538,">="&$B12-90,'HD Dump'!$R$2:$R$538,"<="&$B12),AL11)
B13: 45565 | C13: Actual | D13: =SUMPRODUCT(T13:AB13,$C$8:$K$8)/SUM($C$8:$K$8) | E13: =SUMPRODUCT(AD13:AL13,$C$8:$K$8)/SUM($C$8:$K$8) | F13: =IFERROR((INDEX('T12 Dump'!$D$9:$O$9,MATCH(EOMONTH($B13,-1)+1,'T12 Dump'!$D$3:$O$3,0))-ABS(INDEX('T12 Dump'!$D$11:$O$11,MATCH(EOMONTH($B13,-1)+1,'T12 Dump'!$D$3:$O$3,0))))/($F13*360),"") | G13: =IFERROR(1-ABS(INDEX('T12 Dump'!$D$11:$O$11,MATCH(EOMONTH($B13,-1)+1,'T12 Dump'!$D$3:$O$3,0)))/INDEX('T12 Dump'!$D$7:$O$7,MATCH(EOMONTH($B13,-1)+1,'T12 Dump'!$D$3:$O$3,0)),"") | H13: =IFERROR($F13/$D13-1,"") | I13: 47 | T13: =IF(COUNTIFS('HD Dump'!$U$2:$U$538,C$7,'HD Dump'!$R$2:$R$538,">="&$B13-90,'HD Dump'!$R$2:$R$538,"<="&$B13)>0,AVERAGEIFS('HD Dump'!$M$2:$M$538,'HD Dump'!$U$2:$U$538,C$7,'HD Dump'!$R$2:$R$538,">="&$B13-90,'HD Dump'!$R$2:$R$538,"<="&$B13),T12) | U13: =IF(COUNTIFS('HD Dump'!$U$2:$U$538,D$7,'HD Dump'!$R$2:$R$538,">="&$B13-90,'HD Dump'!$R$2:$R$538,"<="&$B13)>0,AVERAGEIFS('HD Dump'!$M$2:$M$538,'HD Dump'!$U$2:$U$538,D$7,'HD Dump'!$R$2:$R$538,">="&$B13-90,'HD Dump'!$R$2:$R$538,"<="&$B13),U12) | V13: =IF(COUNTIFS('HD Dump'!$U$2:$U$538,E$7,'HD Dump'!$R$2:$R$538,">="&$B13-90,'HD Dump'!$R$2:$R$538,"<="&$B13)>0,AVERAGEIFS('HD Dump'!$M$2:$M$538,'HD Dump'!$U$2:$U$538,E$7,'HD Dump'!$R$2:$R$538,">="&$B13-90,'HD Dump'!$R$2:$R$538,"<="&$B13),V12) | W13: =IF(COUNTIFS('HD Dump'!$U$2:$U$538,F$7,'HD Dump'!$R$2:$R$538,">="&$B13-90,'HD Dump'!$R$2:$R$538,"<="&$B13)>0,AVERAGEIFS('HD Dump'!$M$2:$M$538,'HD Dump'!$U$2:$U$538,F$7,'HD Dump'!$R$2:$R$538,">="&$B13-90,'HD Dump'!$R$2:$R$538,"<="&$B13),W12) | X13: =IF(COUNTIFS('HD Dump'!$U$2:$U$538,G$7,'HD Dump'!$R$2:$R$538,">="&$B13-90,'HD Dump'!$R$2:$R$538,"<="&$B13)>0,AVERAGEIFS('HD Dump'!$M$2:$M$538,'HD Dump'!$U$2:$U$538,G$7,'HD Dump'!$R$2:$R$538,">="&$B13-90,'HD Dump'!$R$2:$R$538,"<="&$B13),X12) | Y13: =IF(COUNTIFS('HD Dump'!$U$2:$U$538,H$7,'HD Dump'!$R$2:$R$538,">="&$B13-90,'HD Dump'!$R$2:$R$538,"<="&$B13)>0,AVERAGEIFS('HD Dump'!$M$2:$M$538,'HD Dump'!$U$2:$U$538,H$7,'HD Dump'!$R$2:$R$538,">="&$B13-90,'HD Dump'!$R$2:$R$538,"<="&$B13),Y12) | Z13: =IF(COUNTIFS('HD Dump'!$U$2:$U$538,I$7,'HD Dump'!$R$2:$R$538,">="&$B13-90,'HD Dump'!$R$2:$R$538,"<="&$B13)>0,AVERAGEIFS('HD Dump'!$M$2:$M$538,'HD Dump'!$U$2:$U$538,I$7,'HD Dump'!$R$2:$R$538,">="&$B13-90,'HD Dump'!$R$2:$R$538,"<="&$B13),Z12) | AA13: =IF(COUNTIFS('HD Dump'!$U$2:$U$538,J$7,'HD Dump'!$R$2:$R$538,">="&$B13-90,'HD Dump'!$R$2:$R$538,"<="&$B13)>0,AVERAGEIFS('HD Dump'!$M$2:$M$538,'HD Dump'!$U$2:$U$538,J$7,'HD Dump'!$R$2:$R$538,">="&$B13-90,'HD Dump'!$R$2:$R$538,"<="&$B13),AA12) | AB13: =IF(COUNTIFS('HD Dump'!$U$2:$U$538,K$7,'HD Dump'!$R$2:$R$538,">="&$B13-90,'HD Dump'!$R$2:$R$538,"<="&$B13)>0,AVERAGEIFS('HD Dump'!$M$2:$M$538,'HD Dump'!$U$2:$U$538,K$7,'HD Dump'!$R$2:$R$538,">="&$B13-90,'HD Dump'!$R$2:$R$538,"<="&$B13),AB12) | AD13: =IF(COUNTIFS('HD Dump'!$U$2:$U$538,C$7,'HD Dump'!$R$2:$R$538,">="&$B13-90,'HD Dump'!$R$2:$R$538,"<="&$B13)>0,AVERAGEIFS('HD Dump'!$O$2:$O$538,'HD Dump'!$U$2:$U$538,C$7,'HD Dump'!$R$2:$R$538,">="&$B13-90,'HD Dump'!$R$2:$R$538,"<="&$B13),AD12) | AE13: =IF(COUNTIFS('HD Dump'!$U$2:$U$538,D$7,'HD Dump'!$R$2:$R$538,">="&$B13-90,'HD Dump'!$R$2:$R$538,"<="&$B13)>0,AVERAGEIFS('HD Dump'!$O$2:$O$538,'HD Dump'!$U$2:$U$538,D$7,'HD Dump'!$R$2:$R$538,">="&$B13-90,'HD Dump'!$R$2:$R$538,"<="&$B13),AE12) | AF13: =IF(COUNTIFS('HD Dump'!$U$2:$U$538,E$7,'HD Dump'!$R$2:$R$538,">="&$B13-90,'HD Dump'!$R$2:$R$538,"<="&$B13)>0,AVERAGEIFS('HD Dump'!$O$2:$O$538,'HD Dump'!$U$2:$U$538,E$7,'HD Dump'!$R$2:$R$538,">="&$B13-90,'HD Dump'!$R$2:$R$538,"<="&$B13),AF12) | AG13: =IF(COUNTIFS('HD Dump'!$U$2:$U$538,F$7,'HD Dump'!$R$2:$R$538,">="&$B13-90,'HD Dump'!$R$2:$R$538,"<="&$B13)>0,AVERAGEIFS('HD Dump'!$O$2:$O$538,'HD Dump'!$U$2:$U$538,F$7,'HD Dump'!$R$2:$R$538,">="&$B13-90,'HD Dump'!$R$2:$R$538,"<="&$B13),AG12) | AH13: =IF(COUNTIFS('HD Dump'!$U$2:$U$538,G$7,'HD Dump'!$R$2:$R$538,">="&$B13-90,'HD Dump'!$R$2:$R$538,"<="&$B13)>0,AVERAGEIFS('HD Dump'!$O$2:$O$538,'HD Dump'!$U$2:$U$538,G$7,'HD Dump'!$R$2:$R$538,">="&$B13-90,'HD Dump'!$R$2:$R$538,"<="&$B13),AH12) | AI13: =IF(COUNTIFS('HD Dump'!$U$2:$U$538,H$7,'HD Dump'!$R$2:$R$538,">="&$B13-90,'HD Dump'!$R$2:$R$538,"<="&$B13)>0,AVERAGEIFS('HD Dump'!$O$2:$O$538,'HD Dump'!$U$2:$U$538,H$7,'HD Dump'!$R$2:$R$538,">="&$B13-90,'HD Dump'!$R$2:$R$538,"<="&$B13),AI12) | AJ13: =IF(COUNTIFS('HD Dump'!$U$2:$U$538,I$7,'HD Dump'!$R$2:$R$538,">="&$B13-90,'HD Dump'!$R$2:$R$538,"<="&$B13)>0,AVERAGEIFS('HD Dump'!$O$2:$O$538,'HD Dump'!$U$2:$U$538,I$7,'HD Dump'!$R$2:$R$538,">="&$B13-90,'HD Dump'!$R$2:$R$538,"<="&$B13),AJ12) | AK13: =IF(COUNTIFS('HD Dump'!$U$2:$U$538,J$7,'HD Dump'!$R$2:$R$538,">="&$B13-90,'HD Dump'!$R$2:$R$538,"<="&$B13)>0,AVERAGEIFS('HD Dump'!$O$2:$O$538,'HD Dump'!$U$2:$U$538,J$7,'HD Dump'!$R$2:$R$538,">="&$B13-90,'HD Dump'!$R$2:$R$538,"<="&$B13),AK12) | AL13: =IF(COUNTIFS('HD Dump'!$U$2:$U$538,K$7,'HD Dump'!$R$2:$R$538,">="&$B13-90,'HD Dump'!$R$2:$R$538,"<="&$B13)>0,AVERAGEIFS('HD Dump'!$O$2:$O$538,'HD Dump'!$U$2:$U$538,K$7,'HD Dump'!$R$2:$R$538,">="&$B13-90,'HD Dump'!$R$2:$R$538,"<="&$B13),AL12)
B14: 45596 | C14: Actual | D14: =SUMPRODUCT(T14:AB14,$C$8:$K$8)/SUM($C$8:$K$8) | E14: =SUMPRODUCT(AD14:AL14,$C$8:$K$8)/SUM($C$8:$K$8) | F14: =IFERROR((INDEX('T12 Dump'!$D$9:$O$9,MATCH(EOMONTH($B14,-1)+1,'T12 Dump'!$D$3:$O$3,0))-ABS(INDEX('T12 Dump'!$D$11:$O$11,MATCH(EOMONTH($B14,-1)+1,'T12 Dump'!$D$3:$O$3,0))))/($F14*360),"") | G14: =IFERROR(1-ABS(INDEX('T12 Dump'!$D$11:$O$11,MATCH(EOMONTH($B14,-1)+1,'T12 Dump'!$D$3:$O$3,0)))/INDEX('T12 Dump'!$D$7:$O$7,MATCH(EOMONTH($B14,-1)+1,'T12 Dump'!$D$3:$O$3,0)),"") | H14: =IFERROR($F14/$D14-1,"") | I14: 19 | T14: =IF(COUNTIFS('HD Dump'!$U$2:$U$538,C$7,'HD Dump'!$R$2:$R$538,">="&$B14-90,'HD Dump'!$R$2:$R$538,"<="&$B14)>0,AVERAGEIFS('HD Dump'!$M$2:$M$538,'HD Dump'!$U$2:$U$538,C$7,'HD Dump'!$R$2:$R$538,">="&$B14-90,'HD Dump'!$R$2:$R$538,"<="&$B14),T13) | U14: =IF(COUNTIFS('HD Dump'!$U$2:$U$538,D$7,'HD Dump'!$R$2:$R$538,">="&$B14-90,'HD Dump'!$R$2:$R$538,"<="&$B14)>0,AVERAGEIFS('HD Dump'!$M$2:$M$538,'HD Dump'!$U$2:$U$538,D$7,'HD Dump'!$R$2:$R$538,">="&$B14-90,'HD Dump'!$R$2:$R$538,"<="&$B14),U13) | V14: =IF(COUNTIFS('HD Dump'!$U$2:$U$538,E$7,'HD Dump'!$R$2:$R$538,">="&$B14-90,'HD Dump'!$R$2:$R$538,"<="&$B14)>0,AVERAGEIFS('HD Dump'!$M$2:$M$538,'HD Dump'!$U$2:$U$538,E$7,'HD Dump'!$R$2:$R$538,">="&$B14-90,'HD Dump'!$R$2:$R$538,"<="&$B14),V13) | W14: =IF(COUNTIFS('HD Dump'!$U$2:$U$538,F$7,'HD Dump'!$R$2:$R$538,">="&$B14-90,'HD Dump'!$R$2:$R$538,"<="&$B14)>0,AVERAGEIFS('HD Dump'!$M$2:$M$538,'HD Dump'!$U$2:$U$538,F$7,'HD Dump'!$R$2:$R$538,">="&$B14-90,'HD Dump'!$R$2:$R$538,"<="&$B14),W13) | X14: =IF(COUNTIFS('HD Dump'!$U$2:$U$538,G$7,'HD Dump'!$R$2:$R$538,">="&$B14-90,'HD Dump'!$R$2:$R$538,"<="&$B14)>0,AVERAGEIFS('HD Dump'!$M$2:$M$538,'HD Dump'!$U$2:$U$538,G$7,'HD Dump'!$R$2:$R$538,">="&$B14-90,'HD Dump'!$R$2:$R$538,"<="&$B14),X13) | Y14: =IF(COUNTIFS('HD Dump'!$U$2:$U$538,H$7,'HD Dump'!$R$2:$R$538,">="&$B14-90,'HD Dump'!$R$2:$R$538,"<="&$B14)>0,AVERAGEIFS('HD Dump'!$M$2:$M$538,'HD Dump'!$U$2:$U$538,H$7,'HD Dump'!$R$2:$R$538,">="&$B14-90,'HD Dump'!$R$2:$R$538,"<="&$B14),Y13) | Z14: =IF(COUNTIFS('HD Dump'!$U$2:$U$538,I$7,'HD Dump'!$R$2:$R$538,">="&$B14-90,'HD Dump'!$R$2:$R$538,"<="&$B14)>0,AVERAGEIFS('HD Dump'!$M$2:$M$538,'HD Dump'!$U$2:$U$538,I$7,'HD Dump'!$R$2:$R$538,">="&$B14-90,'HD Dump'!$R$2:$R$538,"<="&$B14),Z13) | AA14: =IF(COUNTIFS('HD Dump'!$U$2:$U$538,J$7,'HD Dump'!$R$2:$R$538,">="&$B14-90,'HD Dump'!$R$2:$R$538,"<="&$B14)>0,AVERAGEIFS('HD Dump'!$M$2:$M$538,'HD Dump'!$U$2:$U$538,J$7,'HD Dump'!$R$2:$R$538,">="&$B14-90,'HD Dump'!$R$2:$R$538,"<="&$B14),AA13) | AB14: =IF(COUNTIFS('HD Dump'!$U$2:$U$538,K$7,'HD Dump'!$R$2:$R$538,">="&$B14-90,'HD Dump'!$R$2:$R$538,"<="&$B14)>0,AVERAGEIFS('HD Dump'!$M$2:$M$538,'HD Dump'!$U$2:$U$538,K$7,'HD Dump'!$R$2:$R$538,">="&$B14-90,'HD Dump'!$R$2:$R$538,"<="&$B14),AB13) | AD14: =IF(COUNTIFS('HD Dump'!$U$2:$U$538,C$7,'HD Dump'!$R$2:$R$538,">="&$B14-90,'HD Dump'!$R$2:$R$538,"<="&$B14)>0,AVERAGEIFS('HD Dump'!$O$2:$O$538,'HD Dump'!$U$2:$U$538,C$7,'HD Dump'!$R$2:$R$538,">="&$B14-90,'HD Dump'!$R$2:$R$538,"<="&$B14),AD13) | AE14: =IF(COUNTIFS('HD Dump'!$U$2:$U$538,D$7,'HD Dump'!$R$2:$R$538,">="&$B14-90,'HD Dump'!$R$2:$R$538,"<="&$B14)>0,AVERAGEIFS('HD Dump'!$O$2:$O$538,'HD Dump'!$U$2:$U$538,D$7,'HD Dump'!$R$2:$R$538,">="&$B14-90,'HD Dump'!$R$2:$R$538,"<="&$B14),AE13) | AF14: =IF(COUNTIFS('HD Dump'!$U$2:$U$538,E$7,'HD Dump'!$R$2:$R$538,">="&$B14-90,'HD Dump'!$R$2:$R$538,"<="&$B14)>0,AVERAGEIFS('HD Dump'!$O$2:$O$538,'HD Dump'!$U$2:$U$538,E$7,'HD Dump'!$R$2:$R$538,">="&$B14-90,'HD Dump'!$R$2:$R$538,"<="&$B14),AF13) | AG14: =IF(COUNTIFS('HD Dump'!$U$2:$U$538,F$7,'HD Dump'!$R$2:$R$538,">="&$B14-90,'HD Dump'!$R$2:$R$538,"<="&$B14)>0,AVERAGEIFS('HD Dump'!$O$2:$O$538,'HD Dump'!$U$2:$U$538,F$7,'HD Dump'!$R$2:$R$538,">="&$B14-90,'HD Dump'!$R$2:$R$538,"<="&$B14),AG13) | AH14: =IF(COUNTIFS('HD Dump'!$U$2:$U$538,G$7,'HD Dump'!$R$2:$R$538,">="&$B14-90,'HD Dump'!$R$2:$R$538,"<="&$B14)>0,AVERAGEIFS('HD Dump'!$O$2:$O$538,'HD Dump'!$U$2:$U$538,G$7,'HD Dump'!$R$2:$R$538,">="&$B14-90,'HD Dump'!$R$2:$R$538,"<="&$B14),AH13) | AI14: =IF(COUNTIFS('HD Dump'!$U$2:$U$538,H$7,'HD Dump'!$R$2:$R$538,">="&$B14-90,'HD Dump'!$R$2:$R$538,"<="&$B14)>0,AVERAGEIFS('HD Dump'!$O$2:$O$538,'HD Dump'!$U$2:$U$538,H$7,'HD Dump'!$R$2:$R$538,">="&$B14-90,'HD Dump'!$R$2:$R$538,"<="&$B14),AI13) | AJ14: =IF(COUNTIFS('HD Dump'!$U$2:$U$538,I$7,'HD Dump'!$R$2:$R$538,">="&$B14-90,'HD Dump'!$R$2:$R$538,"<="&$B14)>0,AVERAGEIFS('HD Dump'!$O$2:$O$538,'HD Dump'!$U$2:$U$538,I$7,'HD Dump'!$R$2:$R$538,">="&$B14-90,'HD Dump'!$R$2:$R$538,"<="&$B14),AJ13) | AK14: =IF(COUNTIFS('HD Dump'!$U$2:$U$538,J$7,'HD Dump'!$R$2:$R$538,">="&$B14-90,'HD Dump'!$R$2:$R$538,"<="&$B14)>0,AVERAGEIFS('HD Dump'!$O$2:$O$538,'HD Dump'!$U$2:$U$538,J$7,'HD Dump'!$R$2:$R$538,">="&$B14-90,'HD Dump'!$R$2:$R$538,"<="&$B14),AK13) | AL14: =IF(COUNTIFS('HD Dump'!$U$2:$U$538,K$7,'HD Dump'!$R$2:$R$538,">="&$B14-90,'HD Dump'!$R$2:$R$538,"<="&$B14)>0,AVERAGEIFS('HD Dump'!$O$2:$O$538,'HD Dump'!$U$2:$U$538,K$7,'HD Dump'!$R$2:$R$538,">="&$B14-90,'HD Dump'!$R$2:$R$538,"<="&$B14),AL13)
B15: 45626 | C15: Actual | D15: =SUMPRODUCT(T15:AB15,$C$8:$K$8)/SUM($C$8:$K$8) | E15: =SUMPRODUCT(AD15:AL15,$C$8:$K$8)/SUM($C$8:$K$8) | F15: =IFERROR((INDEX('T12 Dump'!$D$9:$O$9,MATCH(EOMONTH($B15,-1)+1,'T12 Dump'!$D$3:$O$3,0))-ABS(INDEX('T12 Dump'!$D$11:$O$11,MATCH(EOMONTH($B15,-1)+1,'T12 Dump'!$D$3:$O$3,0))))/($F15*360),"") | G15: =IFERROR(1-ABS(INDEX('T12 Dump'!$D$11:$O$11,MATCH(EOMONTH($B15,-1)+1,'T12 Dump'!$D$3:$O$3,0)))/INDEX('T12 Dump'!$D$7:$O$7,MATCH(EOMONTH($B15,-1)+1,'T12 Dump'!$D$3:$O$3,0)),"") | H15: =IFERROR($F15/$D15-1,"") | I15: 13 | T15: =IF(COUNTIFS('HD Dump'!$U$2:$U$538,C$7,'HD Dump'!$R$2:$R$538,">="&$B15-90,'HD Dump'!$R$2:$R$538,"<="&$B15)>0,AVERAGEIFS('HD Dump'!$M$2:$M$538,'HD Dump'!$U$2:$U$538,C$7,'HD Dump'!$R$2:$R$538,">="&$B15-90,'HD Dump'!$R$2:$R$538,"<="&$B15),T14) | U15: =IF(COUNTIFS('HD Dump'!$U$2:$U$538,D$7,'HD Dump'!$R$2:$R$538,">="&$B15-90,'HD Dump'!$R$2:$R$538,"<="&$B15)>0,AVERAGEIFS('HD Dump'!$M$2:$M$538,'HD Dump'!$U$2:$U$538,D$7,'HD Dump'!$R$2:$R$538,">="&$B15-90,'HD Dump'!$R$2:$R$538,"<="&$B15),U14) | V15: =IF(COUNTIFS('HD Dump'!$U$2:$U$538,E$7,'HD Dump'!$R$2:$R$538,">="&$B15-90,'HD Dump'!$R$2:$R$538,"<="&$B15)>0,AVERAGEIFS('HD Dump'!$M$2:$M$538,'HD Dump'!$U$2:$U$538,E$7,'HD Dump'!$R$2:$R$538,">="&$B15-90,'HD Dump'!$R$2:$R$538,"<="&$B15),V14) | W15: =IF(COUNTIFS('HD Dump'!$U$2:$U$538,F$7,'HD Dump'!$R$2:$R$538,">="&$B15-90,'HD Dump'!$R$2:$R$538,"<="&$B15)>0,AVERAGEIFS('HD Dump'!$M$2:$M$538,'HD Dump'!$U$2:$U$538,F$7,'HD Dump'!$R$2:$R$538,">="&$B15-90,'HD Dump'!$R$2:$R$538,"<="&$B15),W14) | X15: =IF(COUNTIFS('HD Dump'!$U$2:$U$538,G$7,'HD Dump'!$R$2:$R$538,">="&$B15-90,'HD Dump'!$R$2:$R$538,"<="&$B15)>0,AVERAGEIFS('HD Dump'!$M$2:$M$538,'HD Dump'!$U$2:$U$538,G$7,'HD Dump'!$R$2:$R$538,">="&$B15-90,'HD Dump'!$R$2:$R$538,"<="&$B15),X14) | Y15: =IF(COUNTIFS('HD Dump'!$U$2:$U$538,H$7,'HD Dump'!$R$2:$R$538,">="&$B15-90,'HD Dump'!$R$2:$R$538,"<="&$B15)>0,AVERAGEIFS('HD Dump'!$M$2:$M$538,'HD Dump'!$U$2:$U$538,H$7,'HD Dump'!$R$2:$R$538,">="&$B15-90,'HD Dump'!$R$2:$R$538,"<="&$B15),Y14) | Z15: =IF(COUNTIFS('HD Dump'!$U$2:$U$538,I$7,'HD Dump'!$R$2:$R$538,">="&$B15-90,'HD Dump'!$R$2:$R$538,"<="&$B15)>0,AVERAGEIFS('HD Dump'!$M$2:$M$538,'HD Dump'!$U$2:$U$538,I$7,'HD Dump'!$R$2:$R$538,">="&$B15-90,'HD Dump'!$R$2:$R$538,"<="&$B15),Z14) | AA15: =IF(COUNTIFS('HD Dump'!$U$2:$U$538,J$7,'HD Dump'!$R$2:$R$538,">="&$B15-90,'HD Dump'!$R$2:$R$538,"<="&$B15)>0,AVERAGEIFS('HD Dump'!$M$2:$M$538,'HD Dump'!$U$2:$U$538,J$7,'HD Dump'!$R$2:$R$538,">="&$B15-90,'HD Dump'!$R$2:$R$538,"<="&$B15),AA14) | AB15: =IF(COUNTIFS('HD Dump'!$U$2:$U$538,K$7,'HD Dump'!$R$2:$R$538,">="&$B15-90,'HD Dump'!$R$2:$R$538,"<="&$B15)>0,AVERAGEIFS('HD Dump'!$M$2:$M$538,'HD Dump'!$U$2:$U$538,K$7,'HD Dump'!$R$2:$R$538,">="&$B15-90,'HD Dump'!$R$2:$R$538,"<="&$B15),AB14) | AD15: =IF(COUNTIFS('HD Dump'!$U$2:$U$538,C$7,'HD Dump'!$R$2:$R$538,">="&$B15-90,'HD Dump'!$R$2:$R$538,"<="&$B15)>0,AVERAGEIFS('HD Dump'!$O$2:$O$538,'HD Dump'!$U$2:$U$538,C$7,'HD Dump'!$R$2:$R$538,">="&$B15-90,'HD Dump'!$R$2:$R$538,"<="&$B15),AD14) | AE15: =IF(COUNTIFS('HD Dump'!$U$2:$U$538,D$7,'HD Dump'!$R$2:$R$538,">="&$B15-90,'HD Dump'!$R$2:$R$538,"<="&$B15)>0,AVERAGEIFS('HD Dump'!$O$2:$O$538,'HD Dump'!$U$2:$U$538,D$7,'HD Dump'!$R$2:$R$538,">="&$B15-90,'HD Dump'!$R$2:$R$538,"<="&$B15),AE14) | AF15: =IF(COUNTIFS('HD Dump'!$U$2:$U$538,E$7,'HD Dump'!$R$2:$R$538,">="&$B15-90,'HD Dump'!$R$2:$R$538,"<="&$B15)>0,AVERAGEIFS('HD Dump'!$O$2:$O$538,'HD Dump'!$U$2:$U$538,E$7,'HD Dump'!$R$2:$R$538,">="&$B15-90,'HD Dump'!$R$2:$R$538,"<="&$B15),AF14) | AG15: =IF(COUNTIFS('HD Dump'!$U$2:$U$538,F$7,'HD Dump'!$R$2:$R$538,">="&$B15-90,'HD Dump'!$R$2:$R$538,"<="&$B15)>0,AVERAGEIFS('HD Dump'!$O$2:$O$538,'HD Dump'!$U$2:$U$538,F$7,'HD Dump'!$R$2:$R$538,">="&$B15-90,'HD Dump'!$R$2:$R$538,"<="&$B15),AG14) | AH15: =IF(COUNTIFS('HD Dump'!$U$2:$U$538,G$7,'HD Dump'!$R$2:$R$538,">="&$B15-90,'HD Dump'!$R$2:$R$538,"<="&$B15)>0,AVERAGEIFS('HD Dump'!$O$2:$O$538,'HD Dump'!$U$2:$U$538,G$7,'HD Dump'!$R$2:$R$538,">="&$B15-90,'HD Dump'!$R$2:$R$538,"<="&$B15),AH14) | AI15: =IF(COUNTIFS('HD Dump'!$U$2:$U$538,H$7,'HD Dump'!$R$2:$R$538,">="&$B15-90,'HD Dump'!$R$2:$R$538,"<="&$B15)>0,AVERAGEIFS('HD Dump'!$O$2:$O$538,'HD Dump'!$U$2:$U$538,H$7,'HD Dump'!$R$2:$R$538,">="&$B15-90,'HD Dump'!$R$2:$R$538,"<="&$B15),AI14) | AJ15: =IF(COUNTIFS('HD Dump'!$U$2:$U$538,I$7,'HD Dump'!$R$2:$R$538,">="&$B15-90,'HD Dump'!$R$2:$R$538,"<="&$B15)>0,AVERAGEIFS('HD Dump'!$O$2:$O$538,'HD Dump'!$U$2:$U$538,I$7,'HD Dump'!$R$2:$R$538,">="&$B15-90,'HD Dump'!$R$2:$R$538,"<="&$B15),AJ14) | AK15: =IF(COUNTIFS('HD Dump'!$U$2:$U$538,J$7,'HD Dump'!$R$2:$R$538,">="&$B15-90,'HD Dump'!$R$2:$R$538,"<="&$B15)>0,AVERAGEIFS('HD Dump'!$O$2:$O$538,'HD Dump'!$U$2:$U$538,J$7,'HD Dump'!$R$2:$R$538,">="&$B15-90,'HD Dump'!$R$2:$R$538,"<="&$B15),AK14) | AL15: =IF(COUNTIFS('HD Dump'!$U$2:$U$538,K$7,'HD Dump'!$R$2:$R$538,">="&$B15-90,'HD Dump'!$R$2:$R$538,"<="&$B15)>0,AVERAGEIFS('HD Dump'!$O$2:$O$538,'HD Dump'!$U$2:$U$538,K$7,'HD Dump'!$R$2:$R$538,">="&$B15-90,'HD Dump'!$R$2:$R$538,"<="&$B15),AL14)
B16: 45657 | C16: Actual | D16: =SUMPRODUCT(T16:AB16,$C$8:$K$8)/SUM($C$8:$K$8) | E16: =SUMPRODUCT(AD16:AL16,$C$8:$K$8)/SUM($C$8:$K$8) | F16: =IFERROR((INDEX('T12 Dump'!$D$9:$O$9,MATCH(EOMONTH($B16,-1)+1,'T12 Dump'!$D$3:$O$3,0))-ABS(INDEX('T12 Dump'!$D$11:$O$11,MATCH(EOMONTH($B16,-1)+1,'T12 Dump'!$D$3:$O$3,0))))/($F16*360),"") | G16: =IFERROR(1-ABS(INDEX('T12 Dump'!$D$11:$O$11,MATCH(EOMONTH($B16,-1)+1,'T12 Dump'!$D$3:$O$3,0)))/INDEX('T12 Dump'!$D$7:$O$7,MATCH(EOMONTH($B16,-1)+1,'T12 Dump'!$D$3:$O$3,0)),"") | H16: =IFERROR($F16/$D16-1,"") | I16: 9 | T16: =IF(COUNTIFS('HD Dump'!$U$2:$U$538,C$7,'HD Dump'!$R$2:$R$538,">="&$B16-90,'HD Dump'!$R$2:$R$538,"<="&$B16)>0,AVERAGEIFS('HD Dump'!$M$2:$M$538,'HD Dump'!$U$2:$U$538,C$7,'HD Dump'!$R$2:$R$538,">="&$B16-90,'HD Dump'!$R$2:$R$538,"<="&$B16),T15) | U16: =IF(COUNTIFS('HD Dump'!$U$2:$U$538,D$7,'HD Dump'!$R$2:$R$538,">="&$B16-90,'HD Dump'!$R$2:$R$538,"<="&$B16)>0,AVERAGEIFS('HD Dump'!$M$2:$M$538,'HD Dump'!$U$2:$U$538,D$7,'HD Dump'!$R$2:$R$538,">="&$B16-90,'HD Dump'!$R$2:$R$538,"<="&$B16),U15) | V16: =IF(COUNTIFS('HD Dump'!$U$2:$U$538,E$7,'HD Dump'!$R$2:$R$538,">="&$B16-90,'HD Dump'!$R$2:$R$538,"<="&$B16)>0,AVERAGEIFS('HD Dump'!$M$2:$M$538,'HD Dump'!$U$2:$U$538,E$7,'HD Dump'!$R$2:$R$538,">="&$B16-90,'HD Dump'!$R$2:$R$538,"<="&$B16),V15) | W16: =IF(COUNTIFS('HD Dump'!$U$2:$U$538,F$7,'HD Dump'!$R$2:$R$538,">="&$B16-90,'HD Dump'!$R$2:$R$538,"<="&$B16)>0,AVERAGEIFS('HD Dump'!$M$2:$M$538,'HD Dump'!$U$2:$U$538,F$7,'HD Dump'!$R$2:$R$538,">="&$B16-90,'HD Dump'!$R$2:$R$538,"<="&$B16),W15) | X16: =IF(COUNTIFS('HD Dump'!$U$2:$U$538,G$7,'HD Dump'!$R$2:$R$538,">="&$B16-90,'HD Dump'!$R$2:$R$538,"<="&$B16)>0,AVERAGEIFS('HD Dump'!$M$2:$M$538,'HD Dump'!$U$2:$U$538,G$7,'HD Dump'!$R$2:$R$538,">="&$B16-90,'HD Dump'!$R$2:$R$538,"<="&$B16),X15) | Y16: =IF(COUNTIFS('HD Dump'!$U$2:$U$538,H$7,'HD Dump'!$R$2:$R$538,">="&$B16-90,'HD Dump'!$R$2:$R$538,"<="&$B16)>0,AVERAGEIFS('HD Dump'!$M$2:$M$538,'HD Dump'!$U$2:$U$538,H$7,'HD Dump'!$R$2:$R$538,">="&$B16-90,'HD Dump'!$R$2:$R$538,"<="&$B16),Y15) | Z16: =IF(COUNTIFS('HD Dump'!$U$2:$U$538,I$7,'HD Dump'!$R$2:$R$538,">="&$B16-90,'HD Dump'!$R$2:$R$538,"<="&$B16)>0,AVERAGEIFS('HD Dump'!$M$2:$M$538,'HD Dump'!$U$2:$U$538,I$7,'HD Dump'!$R$2:$R$538,">="&$B16-90,'HD Dump'!$R$2:$R$538,"<="&$B16),Z15) | AA16: =IF(COUNTIFS('HD Dump'!$U$2:$U$538,J$7,'HD Dump'!$R$2:$R$538,">="&$B16-90,'HD Dump'!$R$2:$R$538,"<="&$B16)>0,AVERAGEIFS('HD Dump'!$M$2:$M$538,'HD Dump'!$U$2:$U$538,J$7,'HD Dump'!$R$2:$R$538,">="&$B16-90,'HD Dump'!$R$2:$R$538,"<="&$B16),AA15) | AB16: =IF(COUNTIFS('HD Dump'!$U$2:$U$538,K$7,'HD Dump'!$R$2:$R$538,">="&$B16-90,'HD Dump'!$R$2:$R$538,"<="&$B16)>0,AVERAGEIFS('HD Dump'!$M$2:$M$538,'HD Dump'!$U$2:$U$538,K$7,'HD Dump'!$R$2:$R$538,">="&$B16-90,'HD Dump'!$R$2:$R$538,"<="&$B16),AB15) | AD16: =IF(COUNTIFS('HD Dump'!$U$2:$U$538,C$7,'HD Dump'!$R$2:$R$538,">="&$B16-90,'HD Dump'!$R$2:$R$538,"<="&$B16)>0,AVERAGEIFS('HD Dump'!$O$2:$O$538,'HD Dump'!$U$2:$U$538,C$7,'HD Dump'!$R$2:$R$538,">="&$B16-90,'HD Dump'!$R$2:$R$538,"<="&$B16),AD15) | AE16: =IF(COUNTIFS('HD Dump'!$U$2:$U$538,D$7,'HD Dump'!$R$2:$R$538,">="&$B16-90,'HD Dump'!$R$2:$R$538,"<="&$B16)>0,AVERAGEIFS('HD Dump'!$O$2:$O$538,'HD Dump'!$U$2:$U$538,D$7,'HD Dump'!$R$2:$R$538,">="&$B16-90,'HD Dump'!$R$2:$R$538,"<="&$B16),AE15) | AF16: =IF(COUNTIFS('HD Dump'!$U$2:$U$538,E$7,'HD Dump'!$R$2:$R$538,">="&$B16-90,'HD Dump'!$R$2:$R$538,"<="&$B16)>0,AVERAGEIFS('HD Dump'!$O$2:$O$538,'HD Dump'!$U$2:$U$538,E$7,'HD Dump'!$R$2:$R$538,">="&$B16-90,'HD Dump'!$R$2:$R$538,"<="&$B16),AF15) | AG16: =IF(COUNTIFS('HD Dump'!$U$2:$U$538,F$7,'HD Dump'!$R$2:$R$538,">="&$B16-90,'HD Dump'!$R$2:$R$538,"<="&$B16)>0,AVERAGEIFS('HD Dump'!$O$2:$O$538,'HD Dump'!$U$2:$U$538,F$7,'HD Dump'!$R$2:$R$538,">="&$B16-90,'HD Dump'!$R$2:$R$538,"<="&$B16),AG15) | AH16: =IF(COUNTIFS('HD Dump'!$U$2:$U$538,G$7,'HD Dump'!$R$2:$R$538,">="&$B16-90,'HD Dump'!$R$2:$R$538,"<="&$B16)>0,AVERAGEIFS('HD Dump'!$O$2:$O$538,'HD Dump'!$U$2:$U$538,G$7,'HD Dump'!$R$2:$R$538,">="&$B16-90,'HD Dump'!$R$2:$R$538,"<="&$B16),AH15) | AI16: =IF(COUNTIFS('HD Dump'!$U$2:$U$538,H$7,'HD Dump'!$R$2:$R$538,">="&$B16-90,'HD Dump'!$R$2:$R$538,"<="&$B16)>0,AVERAGEIFS('HD Dump'!$O$2:$O$538,'HD Dump'!$U$2:$U$538,H$7,'HD Dump'!$R$2:$R$538,">="&$B16-90,'HD Dump'!$R$2:$R$538,"<="&$B16),AI15) | AJ16: =IF(COUNTIFS('HD Dump'!$U$2:$U$538,I$7,'HD Dump'!$R$2:$R$538,">="&$B16-90,'HD Dump'!$R$2:$R$538,"<="&$B16)>0,AVERAGEIFS('HD Dump'!$O$2:$O$538,'HD Dump'!$U$2:$U$538,I$7,'HD Dump'!$R$2:$R$538,">="&$B16-90,'HD Dump'!$R$2:$R$538,"<="&$B16),AJ15) | AK16: =IF(COUNTIFS('HD Dump'!$U$2:$U$538,J$7,'HD Dump'!$R$2:$R$538,">="&$B16-90,'HD Dump'!$R$2:$R$538,"<="&$B16)>0,AVERAGEIFS('HD Dump'!$O$2:$O$538,'HD Dump'!$U$2:$U$538,J$7,'HD Dump'!$R$2:$R$538,">="&$B16-90,'HD Dump'!$R$2:$R$538,"<="&$B16),AK15) | AL16: =IF(COUNTIFS('HD Dump'!$U$2:$U$538,K$7,'HD Dump'!$R$2:$R$538,">="&$B16-90,'HD Dump'!$R$2:$R$538,"<="&$B16)>0,AVERAGEIFS('HD Dump'!$O$2:$O$538,'HD Dump'!$U$2:$U$538,K$7,'HD Dump'!$R$2:$R$538,">="&$B16-90,'HD Dump'!$R$2:$R$538,"<="&$B16),AL15)
B17: 45688 | C17: Actual | D17: =SUMPRODUCT(T17:AB17,$C$8:$K$8)/SUM($C$8:$K$8) | E17: =SUMPRODUCT(AD17:AL17,$C$8:$K$8)/SUM($C$8:$K$8) | F17: =IFERROR((INDEX('T12 Dump'!$D$9:$O$9,MATCH(EOMONTH($B17,-1)+1,'T12 Dump'!$D$3:$O$3,0))-ABS(INDEX('T12 Dump'!$D$11:$O$11,MATCH(EOMONTH($B17,-1)+1,'T12 Dump'!$D$3:$O$3,0))))/($F17*360),"") | G17: =IFERROR(1-ABS(INDEX('T12 Dump'!$D$11:$O$11,MATCH(EOMONTH($B17,-1)+1,'T12 Dump'!$D$3:$O$3,0)))/INDEX('T12 Dump'!$D$7:$O$7,MATCH(EOMONTH($B17,-1)+1,'T12 Dump'!$D$3:$O$3,0)),"") | H17: =IFERROR($F17/$D17-1,"") | I17: 28 | T17: =IF(COUNTIFS('HD Dump'!$U$2:$U$538,C$7,'HD Dump'!$R$2:$R$538,">="&$B17-90,'HD Dump'!$R$2:$R$538,"<="&$B17)>0,AVERAGEIFS('HD Dump'!$M$2:$M$538,'HD Dump'!$U$2:$U$538,C$7,'HD Dump'!$R$2:$R$538,">="&$B17-90,'HD Dump'!$R$2:$R$538,"<="&$B17),T16) | U17: =IF(COUNTIFS('HD Dump'!$U$2:$U$538,D$7,'HD Dump'!$R$2:$R$538,">="&$B17-90,'HD Dump'!$R$2:$R$538,"<="&$B17)>0,AVERAGEIFS('HD Dump'!$M$2:$M$538,'HD Dump'!$U$2:$U$538,D$7,'HD Dump'!$R$2:$R$538,">="&$B17-90,'HD Dump'!$R$2:$R$538,"<="&$B17),U16) | V17: =IF(COUNTIFS('HD Dump'!$U$2:$U$538,E$7,'HD Dump'!$R$2:$R$538,">="&$B17-90,'HD Dump'!$R$2:$R$538,"<="&$B17)>0,AVERAGEIFS('HD Dump'!$M$2:$M$538,'HD Dump'!$U$2:$U$538,E$7,'HD Dump'!$R$2:$R$538,">="&$B17-90,'HD Dump'!$R$2:$R$538,"<="&$B17),V16) | W17: =IF(COUNTIFS('HD Dump'!$U$2:$U$538,F$7,'HD Dump'!$R$2:$R$538,">="&$B17-90,'HD Dump'!$R$2:$R$538,"<="&$B17)>0,AVERAGEIFS('HD Dump'!$M$2:$M$538,'HD Dump'!$U$2:$U$538,F$7,'HD Dump'!$R$2:$R$538,">="&$B17-90,'HD Dump'!$R$2:$R$538,"<="&$B17),W16) | X17: =IF(COUNTIFS('HD Dump'!$U$2:$U$538,G$7,'HD Dump'!$R$2:$R$538,">="&$B17-90,'HD Dump'!$R$2:$R$538,"<="&$B17)>0,AVERAGEIFS('HD Dump'!$M$2:$M$538,'HD Dump'!$U$2:$U$538,G$7,'HD Dump'!$R$2:$R$538,">="&$B17-90,'HD Dump'!$R$2:$R$538,"<="&$B17),X16) | Y17: =IF(COUNTIFS('HD Dump'!$U$2:$U$538,H$7,'HD Dump'!$R$2:$R$538,">="&$B17-90,'HD Dump'!$R$2:$R$538,"<="&$B17)>0,AVERAGEIFS('HD Dump'!$M$2:$M$538,'HD Dump'!$U$2:$U$538,H$7,'HD Dump'!$R$2:$R$538,">="&$B17-90,'HD Dump'!$R$2:$R$538,"<="&$B17),Y16) | Z17: =IF(COUNTIFS('HD Dump'!$U$2:$U$538,I$7,'HD Dump'!$R$2:$R$538,">="&$B17-90,'HD Dump'!$R$2:$R$538,"<="&$B17)>0,AVERAGEIFS('HD Dump'!$M$2:$M$538,'HD Dump'!$U$2:$U$538,I$7,'HD Dump'!$R$2:$R$538,">="&$B17-90,'HD Dump'!$R$2:$R$538,"<="&$B17),Z16) | AA17: =IF(COUNTIFS('HD Dump'!$U$2:$U$538,J$7,'HD Dump'!$R$2:$R$538,">="&$B17-90,'HD Dump'!$R$2:$R$538,"<="&$B17)>0,AVERAGEIFS('HD Dump'!$M$2:$M$538,'HD Dump'!$U$2:$U$538,J$7,'HD Dump'!$R$2:$R$538,">="&$B17-90,'HD Dump'!$R$2:$R$538,"<="&$B17),AA16) | AB17: =IF(COUNTIFS('HD Dump'!$U$2:$U$538,K$7,'HD Dump'!$R$2:$R$538,">="&$B17-90,'HD Dump'!$R$2:$R$538,"<="&$B17)>0,AVERAGEIFS('HD Dump'!$M$2:$M$538,'HD Dump'!$U$2:$U$538,K$7,'HD Dump'!$R$2:$R$538,">="&$B17-90,'HD Dump'!$R$2:$R$538,"<="&$B17),AB16) | AD17: =IF(COUNTIFS('HD Dump'!$U$2:$U$538,C$7,'HD Dump'!$R$2:$R$538,">="&$B17-90,'HD Dump'!$R$2:$R$538,"<="&$B17)>0,AVERAGEIFS('HD Dump'!$O$2:$O$538,'HD Dump'!$U$2:$U$538,C$7,'HD Dump'!$R$2:$R$538,">="&$B17-90,'HD Dump'!$R$2:$R$538,"<="&$B17),AD16) | AE17: =IF(COUNTIFS('HD Dump'!$U$2:$U$538,D$7,'HD Dump'!$R$2:$R$538,">="&$B17-90,'HD Dump'!$R$2:$R$538,"<="&$B17)>0,AVERAGEIFS('HD Dump'!$O$2:$O$538,'HD Dump'!$U$2:$U$538,D$7,'HD Dump'!$R$2:$R$538,">="&$B17-90,'HD Dump'!$R$2:$R$538,"<="&$B17),AE16) | AF17: =IF(COUNTIFS('HD Dump'!$U$2:$U$538,E$7,'HD Dump'!$R$2:$R$538,">="&$B17-90,'HD Dump'!$R$2:$R$538,"<="&$B17)>0,AVERAGEIFS('HD Dump'!$O$2:$O$538,'HD Dump'!$U$2:$U$538,E$7,'HD Dump'!$R$2:$R$538,">="&$B17-90,'HD Dump'!$R$2:$R$538,"<="&$B17),AF16) | AG17: =IF(COUNTIFS('HD Dump'!$U$2:$U$538,F$7,'HD Dump'!$R$2:$R$538,">="&$B17-90,'HD Dump'!$R$2:$R$538,"<="&$B17)>0,AVERAGEIFS('HD Dump'!$O$2:$O$538,'HD Dump'!$U$2:$U$538,F$7,'HD Dump'!$R$2:$R$538,">="&$B17-90,'HD Dump'!$R$2:$R$538,"<="&$B17),AG16) | AH17: =IF(COUNTIFS('HD Dump'!$U$2:$U$538,G$7,'HD Dump'!$R$2:$R$538,">="&$B17-90,'HD Dump'!$R$2:$R$538,"<="&$B17)>0,AVERAGEIFS('HD Dump'!$O$2:$O$538,'HD Dump'!$U$2:$U$538,G$7,'HD Dump'!$R$2:$R$538,">="&$B17-90,'HD Dump'!$R$2:$R$538,"<="&$B17),AH16) | AI17: =IF(COUNTIFS('HD Dump'!$U$2:$U$538,H$7,'HD Dump'!$R$2:$R$538,">="&$B17-90,'HD Dump'!$R$2:$R$538,"<="&$B17)>0,AVERAGEIFS('HD Dump'!$O$2:$O$538,'HD Dump'!$U$2:$U$538,H$7,'HD Dump'!$R$2:$R$538,">="&$B17-90,'HD Dump'!$R$2:$R$538,"<="&$B17),AI16) | AJ17: =IF(COUNTIFS('HD Dump'!$U$2:$U$538,I$7,'HD Dump'!$R$2:$R$538,">="&$B17-90,'HD Dump'!$R$2:$R$538,"<="&$B17)>0,AVERAGEIFS('HD Dump'!$O$2:$O$538,'HD Dump'!$U$2:$U$538,I$7,'HD Dump'!$R$2:$R$538,">="&$B17-90,'HD Dump'!$R$2:$R$538,"<="&$B17),AJ16) | AK17: =IF(COUNTIFS('HD Dump'!$U$2:$U$538,J$7,'HD Dump'!$R$2:$R$538,">="&$B17-90,'HD Dump'!$R$2:$R$538,"<="&$B17)>0,AVERAGEIFS('HD Dump'!$O$2:$O$538,'HD Dump'!$U$2:$U$538,J$7,'HD Dump'!$R$2:$R$538,">="&$B17-90,'HD Dump'!$R$2:$R$538,"<="&$B17),AK16) | AL17: =IF(COUNTIFS('HD Dump'!$U$2:$U$538,K$7,'HD Dump'!$R$2:$R$538,">="&$B17-90,'HD Dump'!$R$2:$R$538,"<="&$B17)>0,AVERAGEIFS('HD Dump'!$O$2:$O$538,'HD Dump'!$U$2:$U$538,K$7,'HD Dump'!$R$2:$R$538,">="&$B17-90,'HD Dump'!$R$2:$R$538,"<="&$B17),AL16)
B18: 45716 | C18: Actual | D18: =SUMPRODUCT(T18:AB18,$C$8:$K$8)/SUM($C$8:$K$8) | E18: =SUMPRODUCT(AD18:AL18,$C$8:$K$8)/SUM($C$8:$K$8) | F18: =IFERROR((INDEX('T12 Dump'!$D$9:$O$9,MATCH(EOMONTH($B18,-1)+1,'T12 Dump'!$D$3:$O$3,0))-ABS(INDEX('T12 Dump'!$D$11:$O$11,MATCH(EOMONTH($B18,-1)+1,'T12 Dump'!$D$3:$O$3,0))))/($F18*360),"") | G18: =IFERROR(1-ABS(INDEX('T12 Dump'!$D$11:$O$11,MATCH(EOMONTH($B18,-1)+1,'T12 Dump'!$D$3:$O$3,0)))/INDEX('T12 Dump'!$D$7:$O$7,MATCH(EOMONTH($B18,-1)+1,'T12 Dump'!$D$3:$O$3,0)),"") | H18: =IFERROR($F18/$D18-1,"") | I18: 14 | T18: =IF(COUNTIFS('HD Dump'!$U$2:$U$538,C$7,'HD Dump'!$R$2:$R$538,">="&$B18-90,'HD Dump'!$R$2:$R$538,"<="&$B18)>0,AVERAGEIFS('HD Dump'!$M$2:$M$538,'HD Dump'!$U$2:$U$538,C$7,'HD Dump'!$R$2:$R$538,">="&$B18-90,'HD Dump'!$R$2:$R$538,"<="&$B18),T17) | U18: =IF(COUNTIFS('HD Dump'!$U$2:$U$538,D$7,'HD Dump'!$R$2:$R$538,">="&$B18-90,'HD Dump'!$R$2:$R$538,"<="&$B18)>0,AVERAGEIFS('HD Dump'!$M$2:$M$538,'HD Dump'!$U$2:$U$538,D$7,'HD Dump'!$R$2:$R$538,">="&$B18-90,'HD Dump'!$R$2:$R$538,"<="&$B18),U17) | V18: =IF(COUNTIFS('HD Dump'!$U$2:$U$538,E$7,'HD Dump'!$R$2:$R$538,">="&$B18-90,'HD Dump'!$R$2:$R$538,"<="&$B18)>0,AVERAGEIFS('HD Dump'!$M$2:$M$538,'HD Dump'!$U$2:$U$538,E$7,'HD Dump'!$R$2:$R$538,">="&$B18-90,'HD Dump'!$R$2:$R$538,"<="&$B18),V17) | W18: =IF(COUNTIFS('HD Dump'!$U$2:$U$538,F$7,'HD Dump'!$R$2:$R$538,">="&$B18-90,'HD Dump'!$R$2:$R$538,"<="&$B18)>0,AVERAGEIFS('HD Dump'!$M$2:$M$538,'HD Dump'!$U$2:$U$538,F$7,'HD Dump'!$R$2:$R$538,">="&$B18-90,'HD Dump'!$R$2:$R$538,"<="&$B18),W17) | X18: =IF(COUNTIFS('HD Dump'!$U$2:$U$538,G$7,'HD Dump'!$R$2:$R$538,">="&$B18-90,'HD Dump'!$R$2:$R$538,"<="&$B18)>0,AVERAGEIFS('HD Dump'!$M$2:$M$538,'HD Dump'!$U$2:$U$538,G$7,'HD Dump'!$R$2:$R$538,">="&$B18-90,'HD Dump'!$R$2:$R$538,"<="&$B18),X17) | Y18: =IF(COUNTIFS('HD Dump'!$U$2:$U$538,H$7,'HD Dump'!$R$2:$R$538,">="&$B18-90,'HD Dump'!$R$2:$R$538,"<="&$B18)>0,AVERAGEIFS('HD Dump'!$M$2:$M$538,'HD Dump'!$U$2:$U$538,H$7,'HD Dump'!$R$2:$R$538,">="&$B18-90,'HD Dump'!$R$2:$R$538,"<="&$B18),Y17) | Z18: =IF(COUNTIFS('HD Dump'!$U$2:$U$538,I$7,'HD Dump'!$R$2:$R$538,">="&$B18-90,'HD Dump'!$R$2:$R$538,"<="&$B18)>0,AVERAGEIFS('HD Dump'!$M$2:$M$538,'HD Dump'!$U$2:$U$538,I$7,'HD Dump'!$R$2:$R$538,">="&$B18-90,'HD Dump'!$R$2:$R$538,"<="&$B18),Z17) | AA18: =IF(COUNTIFS('HD Dump'!$U$2:$U$538,J$7,'HD Dump'!$R$2:$R$538,">="&$B18-90,'HD Dump'!$R$2:$R$538,"<="&$B18)>0,AVERAGEIFS('HD Dump'!$M$2:$M$538,'HD Dump'!$U$2:$U$538,J$7,'HD Dump'!$R$2:$R$538,">="&$B18-90,'HD Dump'!$R$2:$R$538,"<="&$B18),AA17) | AB18: =IF(COUNTIFS('HD Dump'!$U$2:$U$538,K$7,'HD Dump'!$R$2:$R$538,">="&$B18-90,'HD Dump'!$R$2:$R$538,"<="&$B18)>0,AVERAGEIFS('HD Dump'!$M$2:$M$538,'HD Dump'!$U$2:$U$538,K$7,'HD Dump'!$R$2:$R$538,">="&$B18-90,'HD Dump'!$R$2:$R$538,"<="&$B18),AB17) | AD18: =IF(COUNTIFS('HD Dump'!$U$2:$U$538,C$7,'HD Dump'!$R$2:$R$538,">="&$B18-90,'HD Dump'!$R$2:$R$538,"<="&$B18)>0,AVERAGEIFS('HD Dump'!$O$2:$O$538,'HD Dump'!$U$2:$U$538,C$7,'HD Dump'!$R$2:$R$538,">="&$B18-90,'HD Dump'!$R$2:$R$538,"<="&$B18),AD17) | AE18: =IF(COUNTIFS('HD Dump'!$U$2:$U$538,D$7,'HD Dump'!$R$2:$R$538,">="&$B18-90,'HD Dump'!$R$2:$R$538,"<="&$B18)>0,AVERAGEIFS('HD Dump'!$O$2:$O$538,'HD Dump'!$U$2:$U$538,D$7,'HD Dump'!$R$2:$R$538,">="&$B18-90,'HD Dump'!$R$2:$R$538,"<="&$B18),AE17) | AF18: =IF(COUNTIFS('HD Dump'!$U$2:$U$538,E$7,'HD Dump'!$R$2:$R$538,">="&$B18-90,'HD Dump'!$R$2:$R$538,"<="&$B18)>0,AVERAGEIFS('HD Dump'!$O$2:$O$538,'HD Dump'!$U$2:$U$538,E$7,'HD Dump'!$R$2:$R$538,">="&$B18-90,'HD Dump'!$R$2:$R$538,"<="&$B18),AF17) | AG18: =IF(COUNTIFS('HD Dump'!$U$2:$U$538,F$7,'HD Dump'!$R$2:$R$538,">="&$B18-90,'HD Dump'!$R$2:$R$538,"<="&$B18)>0,AVERAGEIFS('HD Dump'!$O$2:$O$538,'HD Dump'!$U$2:$U$538,F$7,'HD Dump'!$R$2:$R$538,">="&$B18-90,'HD Dump'!$R$2:$R$538,"<="&$B18),AG17) | AH18: =IF(COUNTIFS('HD Dump'!$U$2:$U$538,G$7,'HD Dump'!$R$2:$R$538,">="&$B18-90,'HD Dump'!$R$2:$R$538,"<="&$B18)>0,AVERAGEIFS('HD Dump'!$O$2:$O$538,'HD Dump'!$U$2:$U$538,G$7,'HD Dump'!$R$2:$R$538,">="&$B18-90,'HD Dump'!$R$2:$R$538,"<="&$B18),AH17) | AI18: =IF(COUNTIFS('HD Dump'!$U$2:$U$538,H$7,'HD Dump'!$R$2:$R$538,">="&$B18-90,'HD Dump'!$R$2:$R$538,"<="&$B18)>0,AVERAGEIFS('HD Dump'!$O$2:$O$538,'HD Dump'!$U$2:$U$538,H$7,'HD Dump'!$R$2:$R$538,">="&$B18-90,'HD Dump'!$R$2:$R$538,"<="&$B18),AI17) | AJ18: =IF(COUNTIFS('HD Dump'!$U$2:$U$538,I$7,'HD Dump'!$R$2:$R$538,">="&$B18-90,'HD Dump'!$R$2:$R$538,"<="&$B18)>0,AVERAGEIFS('HD Dump'!$O$2:$O$538,'HD Dump'!$U$2:$U$538,I$7,'HD Dump'!$R$2:$R$538,">="&$B18-90,'HD Dump'!$R$2:$R$538,"<="&$B18),AJ17) | AK18: =IF(COUNTIFS('HD Dump'!$U$2:$U$538,J$7,'HD Dump'!$R$2:$R$538,">="&$B18-90,'HD Dump'!$R$2:$R$538,"<="&$B18)>0,AVERAGEIFS('HD Dump'!$O$2:$O$538,'HD Dump'!$U$2:$U$538,J$7,'HD Dump'!$R$2:$R$538,">="&$B18-90,'HD Dump'!$R$2:$R$538,"<="&$B18),AK17) | AL18: =IF(COUNTIFS('HD Dump'!$U$2:$U$538,K$7,'HD Dump'!$R$2:$R$538,">="&$B18-90,'HD Dump'!$R$2:$R$538,"<="&$B18)>0,AVERAGEIFS('HD Dump'!$O$2:$O$538,'HD Dump'!$U$2:$U$538,K$7,'HD Dump'!$R$2:$R$538,">="&$B18-90,'HD Dump'!$R$2:$R$538,"<="&$B18),AL17)
B19: 45747 | C19: Actual | D19: =SUMPRODUCT(T19:AB19,$C$8:$K$8)/SUM($C$8:$K$8) | E19: =SUMPRODUCT(AD19:AL19,$C$8:$K$8)/SUM($C$8:$K$8) | F19: =IFERROR((INDEX('T12 Dump'!$D$9:$O$9,MATCH(EOMONTH($B19,-1)+1,'T12 Dump'!$D$3:$O$3,0))-ABS(INDEX('T12 Dump'!$D$11:$O$11,MATCH(EOMONTH($B19,-1)+1,'T12 Dump'!$D$3:$O$3,0))))/($F19*360),"") | G19: =IFERROR(1-ABS(INDEX('T12 Dump'!$D$11:$O$11,MATCH(EOMONTH($B19,-1)+1,'T12 Dump'!$D$3:$O$3,0)))/INDEX('T12 Dump'!$D$7:$O$7,MATCH(EOMONTH($B19,-1)+1,'T12 Dump'!$D$3:$O$3,0)),"") | H19: =IFERROR($F19/$D19-1,"") | I19: 29 | T19: =IF(COUNTIFS('HD Dump'!$U$2:$U$538,C$7,'HD Dump'!$R$2:$R$538,">="&$B19-90,'HD Dump'!$R$2:$R$538,"<="&$B19)>0,AVERAGEIFS('HD Dump'!$M$2:$M$538,'HD Dump'!$U$2:$U$538,C$7,'HD Dump'!$R$2:$R$538,">="&$B19-90,'HD Dump'!$R$2:$R$538,"<="&$B19),T18) | U19: =IF(COUNTIFS('HD Dump'!$U$2:$U$538,D$7,'HD Dump'!$R$2:$R$538,">="&$B19-90,'HD Dump'!$R$2:$R$538,"<="&$B19)>0,AVERAGEIFS('HD Dump'!$M$2:$M$538,'HD Dump'!$U$2:$U$538,D$7,'HD Dump'!$R$2:$R$538,">="&$B19-90,'HD Dump'!$R$2:$R$538,"<="&$B19),U18) | V19: =IF(COUNTIFS('HD Dump'!$U$2:$U$538,E$7,'HD Dump'!$R$2:$R$538,">="&$B19-90,'HD Dump'!$R$2:$R$538,"<="&$B19)>0,AVERAGEIFS('HD Dump'!$M$2:$M$538,'HD Dump'!$U$2:$U$538,E$7,'HD Dump'!$R$2:$R$538,">="&$B19-90,'HD Dump'!$R$2:$R$538,"<="&$B19),V18) | W19: =IF(COUNTIFS('HD Dump'!$U$2:$U$538,F$7,'HD Dump'!$R$2:$R$538,">="&$B19-90,'HD Dump'!$R$2:$R$538,"<="&$B19)>0,AVERAGEIFS('HD Dump'!$M$2:$M$538,'HD Dump'!$U$2:$U$538,F$7,'HD Dump'!$R$2:$R$538,">="&$B19-90,'HD Dump'!$R$2:$R$538,"<="&$B19),W18) | X19: =IF(COUNTIFS('HD Dump'!$U$2:$U$538,G$7,'HD Dump'!$R$2:$R$538,">="&$B19-90,'HD Dump'!$R$2:$R$538,"<="&$B19)>0,AVERAGEIFS('HD Dump'!$M$2:$M$538,'HD Dump'!$U$2:$U$538,G$7,'HD Dump'!$R$2:$R$538,">="&$B19-90,'HD Dump'!$R$2:$R$538,"<="&$B19),X18) | Y19: =IF(COUNTIFS('HD Dump'!$U$2:$U$538,H$7,'HD Dump'!$R$2:$R$538,">="&$B19-90,'HD Dump'!$R$2:$R$538,"<="&$B19)>0,AVERAGEIFS('HD Dump'!$M$2:$M$538,'HD Dump'!$U$2:$U$538,H$7,'HD Dump'!$R$2:$R$538,">="&$B19-90,'HD Dump'!$R$2:$R$538,"<="&$B19),Y18) | Z19: =IF(COUNTIFS('HD Dump'!$U$2:$U$538,I$7,'HD Dump'!$R$2:$R$538,">="&$B19-90,'HD Dump'!$R$2:$R$538,"<="&$B19)>0,AVERAGEIFS('HD Dump'!$M$2:$M$538,'HD Dump'!$U$2:$U$538,I$7,'HD Dump'!$R$2:$R$538,">="&$B19-90,'HD Dump'!$R$2:$R$538,"<="&$B19),Z18) | AA19: =IF(COUNTIFS('HD Dump'!$U$2:$U$538,J$7,'HD Dump'!$R$2:$R$538,">="&$B19-90,'HD Dump'!$R$2:$R$538,"<="&$B19)>0,AVERAGEIFS('HD Dump'!$M$2:$M$538,'HD Dump'!$U$2:$U$538,J$7,'HD Dump'!$R$2:$R$538,">="&$B19-90,'HD Dump'!$R$2:$R$538,"<="&$B19),AA18) | AB19: =IF(COUNTIFS('HD Dump'!$U$2:$U$538,K$7,'HD Dump'!$R$2:$R$538,">="&$B19-90,'HD Dump'!$R$2:$R$538,"<="&$B19)>0,AVERAGEIFS('HD Dump'!$M$2:$M$538,'HD Dump'!$U$2:$U$538,K$7,'HD Dump'!$R$2:$R$538,">="&$B19-90,'HD Dump'!$R$2:$R$538,"<="&$B19),AB18) | AD19: =IF(COUNTIFS('HD Dump'!$U$2:$U$538,C$7,'HD Dump'!$R$2:$R$538,">="&$B19-90,'HD Dump'!$R$2:$R$538,"<="&$B19)>0,AVERAGEIFS('HD Dump'!$O$2:$O$538,'HD Dump'!$U$2:$U$538,C$7,'HD Dump'!$R$2:$R$538,">="&$B19-90,'HD Dump'!$R$2:$R$538,"<="&$B19),AD18) | AE19: =IF(COUNTIFS('HD Dump'!$U$2:$U$538,D$7,'HD Dump'!$R$2:$R$538,">="&$B19-90,'HD Dump'!$R$2:$R$538,"<="&$B19)>0,AVERAGEIFS('HD Dump'!$O$2:$O$538,'HD Dump'!$U$2:$U$538,D$7,'HD Dump'!$R$2:$R$538,">="&$B19-90,'HD Dump'!$R$2:$R$538,"<="&$B19),AE18) | AF19: =IF(COUNTIFS('HD Dump'!$U$2:$U$538,E$7,'HD Dump'!$R$2:$R$538,">="&$B19-90,'HD Dump'!$R$2:$R$538,"<="&$B19)>0,AVERAGEIFS('HD Dump'!$O$2:$O$538,'HD Dump'!$U$2:$U$538,E$7,'HD Dump'!$R$2:$R$538,">="&$B19-90,'HD Dump'!$R$2:$R$538,"<="&$B19),AF18) | AG19: =IF(COUNTIFS('HD Dump'!$U$2:$U$538,F$7,'HD Dump'!$R$2:$R$538,">="&$B19-90,'HD Dump'!$R$2:$R$538,"<="&$B19)>0,AVERAGEIFS('HD Dump'!$O$2:$O$538,'HD Dump'!$U$2:$U$538,F$7,'HD Dump'!$R$2:$R$538,">="&$B19-90,'HD Dump'!$R$2:$R$538,"<="&$B19),AG18) | AH19: =IF(COUNTIFS('HD Dump'!$U$2:$U$538,G$7,'HD Dump'!$R$2:$R$538,">="&$B19-90,'HD Dump'!$R$2:$R$538,"<="&$B19)>0,AVERAGEIFS('HD Dump'!$O$2:$O$538,'HD Dump'!$U$2:$U$538,G$7,'HD Dump'!$R$2:$R$538,">="&$B19-90,'HD Dump'!$R$2:$R$538,"<="&$B19),AH18) | AI19: =IF(COUNTIFS('HD Dump'!$U$2:$U$538,H$7,'HD Dump'!$R$2:$R$538,">="&$B19-90,'HD Dump'!$R$2:$R$538,"<="&$B19)>0,AVERAGEIFS('HD Dump'!$O$2:$O$538,'HD Dump'!$U$2:$U$538,H$7,'HD Dump'!$R$2:$R$538,">="&$B19-90,'HD Dump'!$R$2:$R$538,"<="&$B19),AI18) | AJ19: =IF(COUNTIFS('HD Dump'!$U$2:$U$538,I$7,'HD Dump'!$R$2:$R$538,">="&$B19-90,'HD Dump'!$R$2:$R$538,"<="&$B19)>0,AVERAGEIFS('HD Dump'!$O$2:$O$538,'HD Dump'!$U$2:$U$538,I$7,'HD Dump'!$R$2:$R$538,">="&$B19-90,'HD Dump'!$R$2:$R$538,"<="&$B19),AJ18) | AK19: =IF(COUNTIFS('HD Dump'!$U$2:$U$538,J$7,'HD Dump'!$R$2:$R$538,">="&$B19-90,'HD Dump'!$R$2:$R$538,"<="&$B19)>0,AVERAGEIFS('HD Dump'!$O$2:$O$538,'HD Dump'!$U$2:$U$538,J$7,'HD Dump'!$R$2:$R$538,">="&$B19-90,'HD Dump'!$R$2:$R$538,"<="&$B19),AK18) | AL19: =IF(COUNTIFS('HD Dump'!$U$2:$U$538,K$7,'HD Dump'!$R$2:$R$538,">="&$B19-90,'HD Dump'!$R$2:$R$538,"<="&$B19)>0,AVERAGEIFS('HD Dump'!$O$2:$O$538,'HD Dump'!$U$2:$U$538,K$7,'HD Dump'!$R$2:$R$538,">="&$B19-90,'HD Dump'!$R$2:$R$538,"<="&$B19),AL18)
B20: 45777 | C20: Actual | D20: =SUMPRODUCT(T20:AB20,$C$8:$K$8)/SUM($C$8:$K$8) | E20: =SUMPRODUCT(AD20:AL20,$C$8:$K$8)/SUM($C$8:$K$8) | F20: =IFERROR((INDEX('T12 Dump'!$D$9:$O$9,MATCH(EOMONTH($B20,-1)+1,'T12 Dump'!$D$3:$O$3,0))-ABS(INDEX('T12 Dump'!$D$11:$O$11,MATCH(EOMONTH($B20,-1)+1,'T12 Dump'!$D$3:$O$3,0))))/($F20*360),"") | G20: =IFERROR(1-ABS(INDEX('T12 Dump'!$D$11:$O$11,MATCH(EOMONTH($B20,-1)+1,'T12 Dump'!$D$3:$O$3,0)))/INDEX('T12 Dump'!$D$7:$O$7,MATCH(EOMONTH($B20,-1)+1,'T12 Dump'!$D$3:$O$3,0)),"") | H20: =IFERROR($F20/$D20-1,"") | I20: 27 | T20: =IF(COUNTIFS('HD Dump'!$U$2:$U$538,C$7,'HD Dump'!$R$2:$R$538,">="&$B20-90,'HD Dump'!$R$2:$R$538,"<="&$B20)>0,AVERAGEIFS('HD Dump'!$M$2:$M$538,'HD Dump'!$U$2:$U$538,C$7,'HD Dump'!$R$2:$R$538,">="&$B20-90,'HD Dump'!$R$2:$R$538,"<="&$B20),T19) | U20: =IF(COUNTIFS('HD Dump'!$U$2:$U$538,D$7,'HD Dump'!$R$2:$R$538,">="&$B20-90,'HD Dump'!$R$2:$R$538,"<="&$B20)>0,AVERAGEIFS('HD Dump'!$M$2:$M$538,'HD Dump'!$U$2:$U$538,D$7,'HD Dump'!$R$2:$R$538,">="&$B20-90,'HD Dump'!$R$2:$R$538,"<="&$B20),U19) | V20: =IF(COUNTIFS('HD Dump'!$U$2:$U$538,E$7,'HD Dump'!$R$2:$R$538,">="&$B20-90,'HD Dump'!$R$2:$R$538,"<="&$B20)>0,AVERAGEIFS('HD Dump'!$M$2:$M$538,'HD Dump'!$U$2:$U$538,E$7,'HD Dump'!$R$2:$R$538,">="&$B20-90,'HD Dump'!$R$2:$R$538,"<="&$B20),V19) | W20: =IF(COUNTIFS('HD Dump'!$U$2:$U$538,F$7,'HD Dump'!$R$2:$R$538,">="&$B20-90,'HD Dump'!$R$2:$R$538,"<="&$B20)>0,AVERAGEIFS('HD Dump'!$M$2:$M$538,'HD Dump'!$U$2:$U$538,F$7,'HD Dump'!$R$2:$R$538,">="&$B20-90,'HD Dump'!$R$2:$R$538,"<="&$B20),W19) | X20: =IF(COUNTIFS('HD Dump'!$U$2:$U$538,G$7,'HD Dump'!$R$2:$R$538,">="&$B20-90,'HD Dump'!$R$2:$R$538,"<="&$B20)>0,AVERAGEIFS('HD Dump'!$M$2:$M$538,'HD Dump'!$U$2:$U$538,G$7,'HD Dump'!$R$2:$R$538,">="&$B20-90,'HD Dump'!$R$2:$R$538,"<="&$B20),X19) | Y20: =IF(COUNTIFS('HD Dump'!$U$2:$U$538,H$7,'HD Dump'!$R$2:$R$538,">="&$B20-90,'HD Dump'!$R$2:$R$538,"<="&$B20)>0,AVERAGEIFS('HD Dump'!$M$2:$M$538,'HD Dump'!$U$2:$U$538,H$7,'HD Dump'!$R$2:$R$538,">="&$B20-90,'HD Dump'!$R$2:$R$538,"<="&$B20),Y19) | Z20: =IF(COUNTIFS('HD Dump'!$U$2:$U$538,I$7,'HD Dump'!$R$2:$R$538,">="&$B20-90,'HD Dump'!$R$2:$R$538,"<="&$B20)>0,AVERAGEIFS('HD Dump'!$M$2:$M$538,'HD Dump'!$U$2:$U$538,I$7,'HD Dump'!$R$2:$R$538,">="&$B20-90,'HD Dump'!$R$2:$R$538,"<="&$B20),Z19) | AA20: =IF(COUNTIFS('HD Dump'!$U$2:$U$538,J$7,'HD Dump'!$R$2:$R$538,">="&$B20-90,'HD Dump'!$R$2:$R$538,"<="&$B20)>0,AVERAGEIFS('HD Dump'!$M$2:$M$538,'HD Dump'!$U$2:$U$538,J$7,'HD Dump'!$R$2:$R$538,">="&$B20-90,'HD Dump'!$R$2:$R$538,"<="&$B20),AA19) | AB20: =IF(COUNTIFS('HD Dump'!$U$2:$U$538,K$7,'HD Dump'!$R$2:$R$538,">="&$B20-90,'HD Dump'!$R$2:$R$538,"<="&$B20)>0,AVERAGEIFS('HD Dump'!$M$2:$M$538,'HD Dump'!$U$2:$U$538,K$7,'HD Dump'!$R$2:$R$538,">="&$B20-90,'HD Dump'!$R$2:$R$538,"<="&$B20),AB19) | AD20: =IF(COUNTIFS('HD Dump'!$U$2:$U$538,C$7,'HD Dump'!$R$2:$R$538,">="&$B20-90,'HD Dump'!$R$2:$R$538,"<="&$B20)>0,AVERAGEIFS('HD Dump'!$O$2:$O$538,'HD Dump'!$U$2:$U$538,C$7,'HD Dump'!$R$2:$R$538,">="&$B20-90,'HD Dump'!$R$2:$R$538,"<="&$B20),AD19) | AE20: =IF(COUNTIFS('HD Dump'!$U$2:$U$538,D$7,'HD Dump'!$R$2:$R$538,">="&$B20-90,'HD Dump'!$R$2:$R$538,"<="&$B20)>0,AVERAGEIFS('HD Dump'!$O$2:$O$538,'HD Dump'!$U$2:$U$538,D$7,'HD Dump'!$R$2:$R$538,">="&$B20-90,'HD Dump'!$R$2:$R$538,"<="&$B20),AE19) | AF20: =IF(COUNTIFS('HD Dump'!$U$2:$U$538,E$7,'HD Dump'!$R$2:$R$538,">="&$B20-90,'HD Dump'!$R$2:$R$538,"<="&$B20)>0,AVERAGEIFS('HD Dump'!$O$2:$O$538,'HD Dump'!$U$2:$U$538,E$7,'HD Dump'!$R$2:$R$538,">="&$B20-90,'HD Dump'!$R$2:$R$538,"<="&$B20),AF19) | AG20: =IF(COUNTIFS('HD Dump'!$U$2:$U$538,F$7,'HD Dump'!$R$2:$R$538,">="&$B20-90,'HD Dump'!$R$2:$R$538,"<="&$B20)>0,AVERAGEIFS('HD Dump'!$O$2:$O$538,'HD Dump'!$U$2:$U$538,F$7,'HD Dump'!$R$2:$R$538,">="&$B20-90,'HD Dump'!$R$2:$R$538,"<="&$B20),AG19) | AH20: =IF(COUNTIFS('HD Dump'!$U$2:$U$538,G$7,'HD Dump'!$R$2:$R$538,">="&$B20-90,'HD Dump'!$R$2:$R$538,"<="&$B20)>0,AVERAGEIFS('HD Dump'!$O$2:$O$538,'HD Dump'!$U$2:$U$538,G$7,'HD Dump'!$R$2:$R$538,">="&$B20-90,'HD Dump'!$R$2:$R$538,"<="&$B20),AH19) | AI20: =IF(COUNTIFS('HD Dump'!$U$2:$U$538,H$7,'HD Dump'!$R$2:$R$538,">="&$B20-90,'HD Dump'!$R$2:$R$538,"<="&$B20)>0,AVERAGEIFS('HD Dump'!$O$2:$O$538,'HD Dump'!$U$2:$U$538,H$7,'HD Dump'!$R$2:$R$538,">="&$B20-90,'HD Dump'!$R$2:$R$538,"<="&$B20),AI19) | AJ20: =IF(COUNTIFS('HD Dump'!$U$2:$U$538,I$7,'HD Dump'!$R$2:$R$538,">="&$B20-90,'HD Dump'!$R$2:$R$538,"<="&$B20)>0,AVERAGEIFS('HD Dump'!$O$2:$O$538,'HD Dump'!$U$2:$U$538,I$7,'HD Dump'!$R$2:$R$538,">="&$B20-90,'HD Dump'!$R$2:$R$538,"<="&$B20),AJ19) | AK20: =IF(COUNTIFS('HD Dump'!$U$2:$U$538,J$7,'HD Dump'!$R$2:$R$538,">="&$B20-90,'HD Dump'!$R$2:$R$538,"<="&$B20)>0,AVERAGEIFS('HD Dump'!$O$2:$O$538,'HD Dump'!$U$2:$U$538,J$7,'HD Dump'!$R$2:$R$538,">="&$B20-90,'HD Dump'!$R$2:$R$538,"<="&$B20),AK19) | AL20: =IF(COUNTIFS('HD Dump'!$U$2:$U$538,K$7,'HD Dump'!$R$2:$R$538,">="&$B20-90,'HD Dump'!$R$2:$R$538,"<="&$B20)>0,AVERAGEIFS('HD Dump'!$O$2:$O$538,'HD Dump'!$U$2:$U$538,K$7,'HD Dump'!$R$2:$R$538,">="&$B20-90,'HD Dump'!$R$2:$R$538,"<="&$B20),AL19)
B21: 45808 | C21: Actual | D21: =SUMPRODUCT(T21:AB21,$C$8:$K$8)/SUM($C$8:$K$8) | E21: =SUMPRODUCT(AD21:AL21,$C$8:$K$8)/SUM($C$8:$K$8) | F21: =IFERROR((INDEX('T12 Dump'!$D$9:$O$9,MATCH(EOMONTH($B21,-1)+1,'T12 Dump'!$D$3:$O$3,0))-ABS(INDEX('T12 Dump'!$D$11:$O$11,MATCH(EOMONTH($B21,-1)+1,'T12 Dump'!$D$3:$O$3,0))))/($F21*360),"") | G21: =IFERROR(1-ABS(INDEX('T12 Dump'!$D$11:$O$11,MATCH(EOMONTH($B21,-1)+1,'T12 Dump'!$D$3:$O$3,0)))/INDEX('T12 Dump'!$D$7:$O$7,MATCH(EOMONTH($B21,-1)+1,'T12 Dump'!$D$3:$O$3,0)),"") | H21: =IFERROR($F21/$D21-1,"") | I21: 26 | T21: =IF(COUNTIFS('HD Dump'!$U$2:$U$538,C$7,'HD Dump'!$R$2:$R$538,">="&$B21-90,'HD Dump'!$R$2:$R$538,"<="&$B21)>0,AVERAGEIFS('HD Dump'!$M$2:$M$538,'HD Dump'!$U$2:$U$538,C$7,'HD Dump'!$R$2:$R$538,">="&$B21-90,'HD Dump'!$R$2:$R$538,"<="&$B21),T20) | U21: =IF(COUNTIFS('HD Dump'!$U$2:$U$538,D$7,'HD Dump'!$R$2:$R$538,">="&$B21-90,'HD Dump'!$R$2:$R$538,"<="&$B21)>0,AVERAGEIFS('HD Dump'!$M$2:$M$538,'HD Dump'!$U$2:$U$538,D$7,'HD Dump'!$R$2:$R$538,">="&$B21-90,'HD Dump'!$R$2:$R$538,"<="&$B21),U20) | V21: =IF(COUNTIFS('HD Dump'!$U$2:$U$538,E$7,'HD Dump'!$R$2:$R$538,">="&$B21-90,'HD Dump'!$R$2:$R$538,"<="&$B21)>0,AVERAGEIFS('HD Dump'!$M$2:$M$538,'HD Dump'!$U$2:$U$538,E$7,'HD Dump'!$R$2:$R$538,">="&$B21-90,'HD Dump'!$R$2:$R$538,"<="&$B21),V20) | W21: =IF(COUNTIFS('HD Dump'!$U$2:$U$538,F$7,'HD Dump'!$R$2:$R$538,">="&$B21-90,'HD Dump'!$R$2:$R$538,"<="&$B21)>0,AVERAGEIFS('HD Dump'!$M$2:$M$538,'HD Dump'!$U$2:$U$538,F$7,'HD Dump'!$R$2:$R$538,">="&$B21-90,'HD Dump'!$R$2:$R$538,"<="&$B21),W20) | X21: =IF(COUNTIFS('HD Dump'!$U$2:$U$538,G$7,'HD Dump'!$R$2:$R$538,">="&$B21-90,'HD Dump'!$R$2:$R$538,"<="&$B21)>0,AVERAGEIFS('HD Dump'!$M$2:$M$538,'HD Dump'!$U$2:$U$538,G$7,'HD Dump'!$R$2:$R$538,">="&$B21-90,'HD Dump'!$R$2:$R$538,"<="&$B21),X20) | Y21: =IF(COUNTIFS('HD Dump'!$U$2:$U$538,H$7,'HD Dump'!$R$2:$R$538,">="&$B21-90,'HD Dump'!$R$2:$R$538,"<="&$B21)>0,AVERAGEIFS('HD Dump'!$M$2:$M$538,'HD Dump'!$U$2:$U$538,H$7,'HD Dump'!$R$2:$R$538,">="&$B21-90,'HD Dump'!$R$2:$R$538,"<="&$B21),Y20) | Z21: =IF(COUNTIFS('HD Dump'!$U$2:$U$538,I$7,'HD Dump'!$R$2:$R$538,">="&$B21-90,'HD Dump'!$R$2:$R$538,"<="&$B21)>0,AVERAGEIFS('HD Dump'!$M$2:$M$538,'HD Dump'!$U$2:$U$538,I$7,'HD Dump'!$R$2:$R$538,">="&$B21-90,'HD Dump'!$R$2:$R$538,"<="&$B21),Z20) | AA21: =IF(COUNTIFS('HD Dump'!$U$2:$U$538,J$7,'HD Dump'!$R$2:$R$538,">="&$B21-90,'HD Dump'!$R$2:$R$538,"<="&$B21)>0,AVERAGEIFS('HD Dump'!$M$2:$M$538,'HD Dump'!$U$2:$U$538,J$7,'HD Dump'!$R$2:$R$538,">="&$B21-90,'HD Dump'!$R$2:$R$538,"<="&$B21),AA20) | AB21: =IF(COUNTIFS('HD Dump'!$U$2:$U$538,K$7,'HD Dump'!$R$2:$R$538,">="&$B21-90,'HD Dump'!$R$2:$R$538,"<="&$B21)>0,AVERAGEIFS('HD Dump'!$M$2:$M$538,'HD Dump'!$U$2:$U$538,K$7,'HD Dump'!$R$2:$R$538,">="&$B21-90,'HD Dump'!$R$2:$R$538,"<="&$B21),AB20) | AD21: =IF(COUNTIFS('HD Dump'!$U$2:$U$538,C$7,'HD Dump'!$R$2:$R$538,">="&$B21-90,'HD Dump'!$R$2:$R$538,"<="&$B21)>0,AVERAGEIFS('HD Dump'!$O$2:$O$538,'HD Dump'!$U$2:$U$538,C$7,'HD Dump'!$R$2:$R$538,">="&$B21-90,'HD Dump'!$R$2:$R$538,"<="&$B21),AD20) | AE21: =IF(COUNTIFS('HD Dump'!$U$2:$U$538,D$7,'HD Dump'!$R$2:$R$538,">="&$B21-90,'HD Dump'!$R$2:$R$538,"<="&$B21)>0,AVERAGEIFS('HD Dump'!$O$2:$O$538,'HD Dump'!$U$2:$U$538,D$7,'HD Dump'!$R$2:$R$538,">="&$B21-90,'HD Dump'!$R$2:$R$538,"<="&$B21),AE20) | AF21: =IF(COUNTIFS('HD Dump'!$U$2:$U$538,E$7,'HD Dump'!$R$2:$R$538,">="&$B21-90,'HD Dump'!$R$2:$R$538,"<="&$B21)>0,AVERAGEIFS('HD Dump'!$O$2:$O$538,'HD Dump'!$U$2:$U$538,E$7,'HD Dump'!$R$2:$R$538,">="&$B21-90,'HD Dump'!$R$2:$R$538,"<="&$B21),AF20) | AG21: =IF(COUNTIFS('HD Dump'!$U$2:$U$538,F$7,'HD Dump'!$R$2:$R$538,">="&$B21-90,'HD Dump'!$R$2:$R$538,"<="&$B21)>0,AVERAGEIFS('HD Dump'!$O$2:$O$538,'HD Dump'!$U$2:$U$538,F$7,'HD Dump'!$R$2:$R$538,">="&$B21-90,'HD Dump'!$R$2:$R$538,"<="&$B21),AG20) | AH21: =IF(COUNTIFS('HD Dump'!$U$2:$U$538,G$7,'HD Dump'!$R$2:$R$538,">="&$B21-90,'HD Dump'!$R$2:$R$538,"<="&$B21)>0,AVERAGEIFS('HD Dump'!$O$2:$O$538,'HD Dump'!$U$2:$U$538,G$7,'HD Dump'!$R$2:$R$538,">="&$B21-90,'HD Dump'!$R$2:$R$538,"<="&$B21),AH20) | AI21: =IF(COUNTIFS('HD Dump'!$U$2:$U$538,H$7,'HD Dump'!$R$2:$R$538,">="&$B21-90,'HD Dump'!$R$2:$R$538,"<="&$B21)>0,AVERAGEIFS('HD Dump'!$O$2:$O$538,'HD Dump'!$U$2:$U$538,H$7,'HD Dump'!$R$2:$R$538,">="&$B21-90,'HD Dump'!$R$2:$R$538,"<="&$B21),AI20) | AJ21: =IF(COUNTIFS('HD Dump'!$U$2:$U$538,I$7,'HD Dump'!$R$2:$R$538,">="&$B21-90,'HD Dump'!$R$2:$R$538,"<="&$B21)>0,AVERAGEIFS('HD Dump'!$O$2:$O$538,'HD Dump'!$U$2:$U$538,I$7,'HD Dump'!$R$2:$R$538,">="&$B21-90,'HD Dump'!$R$2:$R$538,"<="&$B21),AJ20) | AK21: =IF(COUNTIFS('HD Dump'!$U$2:$U$538,J$7,'HD Dump'!$R$2:$R$538,">="&$B21-90,'HD Dump'!$R$2:$R$538,"<="&$B21)>0,AVERAGEIFS('HD Dump'!$O$2:$O$538,'HD Dump'!$U$2:$U$538,J$7,'HD Dump'!$R$2:$R$538,">="&$B21-90,'HD Dump'!$R$2:$R$538,"<="&$B21),AK20) | AL21: =IF(COUNTIFS('HD Dump'!$U$2:$U$538,K$7,'HD Dump'!$R$2:$R$538,">="&$B21-90,'HD Dump'!$R$2:$R$538,"<="&$B21)>0,AVERAGEIFS('HD Dump'!$O$2:$O$538,'HD Dump'!$U$2:$U$538,K$7,'HD Dump'!$R$2:$R$538,">="&$B21-90,'HD Dump'!$R$2:$R$538,"<="&$B21),AL20)
B22: 45838 | C22: Actual | D22: =SUMPRODUCT(T22:AB22,$C$8:$K$8)/SUM($C$8:$K$8) | E22: =SUMPRODUCT(AD22:AL22,$C$8:$K$8)/SUM($C$8:$K$8) | F22: =IFERROR((INDEX('T12 Dump'!$D$9:$O$9,MATCH(EOMONTH($B22,-1)+1,'T12 Dump'!$D$3:$O$3,0))-ABS(INDEX('T12 Dump'!$D$11:$O$11,MATCH(EOMONTH($B22,-1)+1,'T12 Dump'!$D$3:$O$3,0))))/($F22*360),"") | G22: =IFERROR(1-ABS(INDEX('T12 Dump'!$D$11:$O$11,MATCH(EOMONTH($B22,-1)+1,'T12 Dump'!$D$3:$O$3,0)))/INDEX('T12 Dump'!$D$7:$O$7,MATCH(EOMONTH($B22,-1)+1,'T12 Dump'!$D$3:$O$3,0)),"") | H22: =IFERROR($F22/$D22-1,"") | I22: 22 | T22: =IF(COUNTIFS('HD Dump'!$U$2:$U$538,C$7,'HD Dump'!$R$2:$R$538,">="&$B22-90,'HD Dump'!$R$2:$R$538,"<="&$B22)>0,AVERAGEIFS('HD Dump'!$M$2:$M$538,'HD Dump'!$U$2:$U$538,C$7,'HD Dump'!$R$2:$R$538,">="&$B22-90,'HD Dump'!$R$2:$R$538,"<="&$B22),T21) | U22: =IF(COUNTIFS('HD Dump'!$U$2:$U$538,D$7,'HD Dump'!$R$2:$R$538,">="&$B22-90,'HD Dump'!$R$2:$R$538,"<="&$B22)>0,AVERAGEIFS('HD Dump'!$M$2:$M$538,'HD Dump'!$U$2:$U$538,D$7,'HD Dump'!$R$2:$R$538,">="&$B22-90,'HD Dump'!$R$2:$R$538,"<="&$B22),U21) | V22: =IF(COUNTIFS('HD Dump'!$U$2:$U$538,E$7,'HD Dump'!$R$2:$R$538,">="&$B22-90,'HD Dump'!$R$2:$R$538,"<="&$B22)>0,AVERAGEIFS('HD Dump'!$M$2:$M$538,'HD Dump'!$U$2:$U$538,E$7,'HD Dump'!$R$2:$R$538,">="&$B22-90,'HD Dump'!$R$2:$R$538,"<="&$B22),V21) | W22: =IF(COUNTIFS('HD Dump'!$U$2:$U$538,F$7,'HD Dump'!$R$2:$R$538,">="&$B22-90,'HD Dump'!$R$2:$R$538,"<="&$B22)>0,AVERAGEIFS('HD Dump'!$M$2:$M$538,'HD Dump'!$U$2:$U$538,F$7,'HD Dump'!$R$2:$R$538,">="&$B22-90,'HD Dump'!$R$2:$R$538,"<="&$B22),W21) | X22: =IF(COUNTIFS('HD Dump'!$U$2:$U$538,G$7,'HD Dump'!$R$2:$R$538,">="&$B22-90,'HD Dump'!$R$2:$R$538,"<="&$B22)>0,AVERAGEIFS('HD Dump'!$M$2:$M$538,'HD Dump'!$U$2:$U$538,G$7,'HD Dump'!$R$2:$R$538,">="&$B22-90,'HD Dump'!$R$2:$R$538,"<="&$B22),X21) | Y22: =IF(COUNTIFS('HD Dump'!$U$2:$U$538,H$7,'HD Dump'!$R$2:$R$538,">="&$B22-90,'HD Dump'!$R$2:$R$538,"<="&$B22)>0,AVERAGEIFS('HD Dump'!$M$2:$M$538,'HD Dump'!$U$2:$U$538,H$7,'HD Dump'!$R$2:$R$538,">="&$B22-90,'HD Dump'!$R$2:$R$538,"<="&$B22),Y21) | Z22: =IF(COUNTIFS('HD Dump'!$U$2:$U$538,I$7,'HD Dump'!$R$2:$R$538,">="&$B22-90,'HD Dump'!$R$2:$R$538,"<="&$B22)>0,AVERAGEIFS('HD Dump'!$M$2:$M$538,'HD Dump'!$U$2:$U$538,I$7,'HD Dump'!$R$2:$R$538,">="&$B22-90,'HD Dump'!$R$2:$R$538,"<="&$B22),Z21) | AA22: =IF(COUNTIFS('HD Dump'!$U$2:$U$538,J$7,'HD Dump'!$R$2:$R$538,">="&$B22-90,'HD Dump'!$R$2:$R$538,"<="&$B22)>0,AVERAGEIFS('HD Dump'!$M$2:$M$538,'HD Dump'!$U$2:$U$538,J$7,'HD Dump'!$R$2:$R$538,">="&$B22-90,'HD Dump'!$R$2:$R$538,"<="&$B22),AA21) | AB22: =IF(COUNTIFS('HD Dump'!$U$2:$U$538,K$7,'HD Dump'!$R$2:$R$538,">="&$B22-90,'HD Dump'!$R$2:$R$538,"<="&$B22)>0,AVERAGEIFS('HD Dump'!$M$2:$M$538,'HD Dump'!$U$2:$U$538,K$7,'HD Dump'!$R$2:$R$538,">="&$B22-90,'HD Dump'!$R$2:$R$538,"<="&$B22),AB21) | AD22: =IF(COUNTIFS('HD Dump'!$U$2:$U$538,C$7,'HD Dump'!$R$2:$R$538,">="&$B22-90,'HD Dump'!$R$2:$R$538,"<="&$B22)>0,AVERAGEIFS('HD Dump'!$O$2:$O$538,'HD Dump'!$U$2:$U$538,C$7,'HD Dump'!$R$2:$R$538,">="&$B22-90,'HD Dump'!$R$2:$R$538,"<="&$B22),AD21) | AE22: =IF(COUNTIFS('HD Dump'!$U$2:$U$538,D$7,'HD Dump'!$R$2:$R$538,">="&$B22-90,'HD Dump'!$R$2:$R$538,"<="&$B22)>0,AVERAGEIFS('HD Dump'!$O$2:$O$538,'HD Dump'!$U$2:$U$538,D$7,'HD Dump'!$R$2:$R$538,">="&$B22-90,'HD Dump'!$R$2:$R$538,"<="&$B22),AE21) | AF22: =IF(COUNTIFS('HD Dump'!$U$2:$U$538,E$7,'HD Dump'!$R$2:$R$538,">="&$B22-90,'HD Dump'!$R$2:$R$538,"<="&$B22)>0,AVERAGEIFS('HD Dump'!$O$2:$O$538,'HD Dump'!$U$2:$U$538,E$7,'HD Dump'!$R$2:$R$538,">="&$B22-90,'HD Dump'!$R$2:$R$538,"<="&$B22),AF21) | AG22: =IF(COUNTIFS('HD Dump'!$U$2:$U$538,F$7,'HD Dump'!$R$2:$R$538,">="&$B22-90,'HD Dump'!$R$2:$R$538,"<="&$B22)>0,AVERAGEIFS('HD Dump'!$O$2:$O$538,'HD Dump'!$U$2:$U$538,F$7,'HD Dump'!$R$2:$R$538,">="&$B22-90,'HD Dump'!$R$2:$R$538,"<="&$B22),AG21) | AH22: =IF(COUNTIFS('HD Dump'!$U$2:$U$538,G$7,'HD Dump'!$R$2:$R$538,">="&$B22-90,'HD Dump'!$R$2:$R$538,"<="&$B22)>0,AVERAGEIFS('HD Dump'!$O$2:$O$538,'HD Dump'!$U$2:$U$538,G$7,'HD Dump'!$R$2:$R$538,">="&$B22-90,'HD Dump'!$R$2:$R$538,"<="&$B22),AH21) | AI22: =IF(COUNTIFS('HD Dump'!$U$2:$U$538,H$7,'HD Dump'!$R$2:$R$538,">="&$B22-90,'HD Dump'!$R$2:$R$538,"<="&$B22)>0,AVERAGEIFS('HD Dump'!$O$2:$O$538,'HD Dump'!$U$2:$U$538,H$7,'HD Dump'!$R$2:$R$538,">="&$B22-90,'HD Dump'!$R$2:$R$538,"<="&$B22),AI21) | AJ22: =IF(COUNTIFS('HD Dump'!$U$2:$U$538,I$7,'HD Dump'!$R$2:$R$538,">="&$B22-90,'HD Dump'!$R$2:$R$538,"<="&$B22)>0,AVERAGEIFS('HD Dump'!$O$2:$O$538,'HD Dump'!$U$2:$U$538,I$7,'HD Dump'!$R$2:$R$538,">="&$B22-90,'HD Dump'!$R$2:$R$538,"<="&$B22),AJ21) | AK22: =IF(COUNTIFS('HD Dump'!$U$2:$U$538,J$7,'HD Dump'!$R$2:$R$538,">="&$B22-90,'HD Dump'!$R$2:$R$538,"<="&$B22)>0,AVERAGEIFS('HD Dump'!$O$2:$O$538,'HD Dump'!$U$2:$U$538,J$7,'HD Dump'!$R$2:$R$538,">="&$B22-90,'HD Dump'!$R$2:$R$538,"<="&$B22),AK21) | AL22: =IF(COUNTIFS('HD Dump'!$U$2:$U$538,K$7,'HD Dump'!$R$2:$R$538,">="&$B22-90,'HD Dump'!$R$2:$R$538,"<="&$B22)>0,AVERAGEIFS('HD Dump'!$O$2:$O$538,'HD Dump'!$U$2:$U$538,K$7,'HD Dump'!$R$2:$R$538,">="&$B22-90,'HD Dump'!$R$2:$R$538,"<="&$B22),AL21)
B23: 45869 | C23: Actual | D23: =SUMPRODUCT(T23:AB23,$C$8:$K$8)/SUM($C$8:$K$8) | E23: =SUMPRODUCT(AD23:AL23,$C$8:$K$8)/SUM($C$8:$K$8) | F23: =IFERROR((INDEX('T12 Dump'!$D$9:$O$9,MATCH(EOMONTH($B23,-1)+1,'T12 Dump'!$D$3:$O$3,0))-ABS(INDEX('T12 Dump'!$D$11:$O$11,MATCH(EOMONTH($B23,-1)+1,'T12 Dump'!$D$3:$O$3,0))))/($F23*360),"") | G23: =IFERROR(1-ABS(INDEX('T12 Dump'!$D$11:$O$11,MATCH(EOMONTH($B23,-1)+1,'T12 Dump'!$D$3:$O$3,0)))/INDEX('T12 Dump'!$D$7:$O$7,MATCH(EOMONTH($B23,-1)+1,'T12 Dump'!$D$3:$O$3,0)),"") | H23: =IFERROR($F23/$D23-1,"") | I23: 38 | T23: =IF(COUNTIFS('HD Dump'!$U$2:$U$538,C$7,'HD Dump'!$R$2:$R$538,">="&$B23-90,'HD Dump'!$R$2:$R$538,"<="&$B23)>0,AVERAGEIFS('HD Dump'!$M$2:$M$538,'HD Dump'!$U$2:$U$538,C$7,'HD Dump'!$R$2:$R$538,">="&$B23-90,'HD Dump'!$R$2:$R$538,"<="&$B23),T22) | U23: =IF(COUNTIFS('HD Dump'!$U$2:$U$538,D$7,'HD Dump'!$R$2:$R$538,">="&$B23-90,'HD Dump'!$R$2:$R$538,"<="&$B23)>0,AVERAGEIFS('HD Dump'!$M$2:$M$538,'HD Dump'!$U$2:$U$538,D$7,'HD Dump'!$R$2:$R$538,">="&$B23-90,'HD Dump'!$R$2:$R$538,"<="&$B23),U22) | V23: =IF(COUNTIFS('HD Dump'!$U$2:$U$538,E$7,'HD Dump'!$R$2:$R$538,">="&$B23-90,'HD Dump'!$R$2:$R$538,"<="&$B23)>0,AVERAGEIFS('HD Dump'!$M$2:$M$538,'HD Dump'!$U$2:$U$538,E$7,'HD Dump'!$R$2:$R$538,">="&$B23-90,'HD Dump'!$R$2:$R$538,"<="&$B23),V22) | W23: =IF(COUNTIFS('HD Dump'!$U$2:$U$538,F$7,'HD Dump'!$R$2:$R$538,">="&$B23-90,'HD Dump'!$R$2:$R$538,"<="&$B23)>0,AVERAGEIFS('HD Dump'!$M$2:$M$538,'HD Dump'!$U$2:$U$538,F$7,'HD Dump'!$R$2:$R$538,">="&$B23-90,'HD Dump'!$R$2:$R$538,"<="&$B23),W22) | X23: =IF(COUNTIFS('HD Dump'!$U$2:$U$538,G$7,'HD Dump'!$R$2:$R$538,">="&$B23-90,'HD Dump'!$R$2:$R$538,"<="&$B23)>0,AVERAGEIFS('HD Dump'!$M$2:$M$538,'HD Dump'!$U$2:$U$538,G$7,'HD Dump'!$R$2:$R$538,">="&$B23-90,'HD Dump'!$R$2:$R$538,"<="&$B23),X22) | Y23: =IF(COUNTIFS('HD Dump'!$U$2:$U$538,H$7,'HD Dump'!$R$2:$R$538,">="&$B23-90,'HD Dump'!$R$2:$R$538,"<="&$B23)>0,AVERAGEIFS('HD Dump'!$M$2:$M$538,'HD Dump'!$U$2:$U$538,H$7,'HD Dump'!$R$2:$R$538,">="&$B23-90,'HD Dump'!$R$2:$R$538,"<="&$B23),Y22) | Z23: =IF(COUNTIFS('HD Dump'!$U$2:$U$538,I$7,'HD Dump'!$R$2:$R$538,">="&$B23-90,'HD Dump'!$R$2:$R$538,"<="&$B23)>0,AVERAGEIFS('HD Dump'!$M$2:$M$538,'HD Dump'!$U$2:$U$538,I$7,'HD Dump'!$R$2:$R$538,">="&$B23-90,'HD Dump'!$R$2:$R$538,"<="&$B23),Z22) | AA23: =IF(COUNTIFS('HD Dump'!$U$2:$U$538,J$7,'HD Dump'!$R$2:$R$538,">="&$B23-90,'HD Dump'!$R$2:$R$538,"<="&$B23)>0,AVERAGEIFS('HD Dump'!$M$2:$M$538,'HD Dump'!$U$2:$U$538,J$7,'HD Dump'!$R$2:$R$538,">="&$B23-90,'HD Dump'!$R$2:$R$538,"<="&$B23),AA22) | AB23: =IF(COUNTIFS('HD Dump'!$U$2:$U$538,K$7,'HD Dump'!$R$2:$R$538,">="&$B23-90,'HD Dump'!$R$2:$R$538,"<="&$B23)>0,AVERAGEIFS('HD Dump'!$M$2:$M$538,'HD Dump'!$U$2:$U$538,K$7,'HD Dump'!$R$2:$R$538,">="&$B23-90,'HD Dump'!$R$2:$R$538,"<="&$B23),AB22) | AD23: =IF(COUNTIFS('HD Dump'!$U$2:$U$538,C$7,'HD Dump'!$R$2:$R$538,">="&$B23-90,'HD Dump'!$R$2:$R$538,"<="&$B23)>0,AVERAGEIFS('HD Dump'!$O$2:$O$538,'HD Dump'!$U$2:$U$538,C$7,'HD Dump'!$R$2:$R$538,">="&$B23-90,'HD Dump'!$R$2:$R$538,"<="&$B23),AD22) | AE23: =IF(COUNTIFS('HD Dump'!$U$2:$U$538,D$7,'HD Dump'!$R$2:$R$538,">="&$B23-90,'HD Dump'!$R$2:$R$538,"<="&$B23)>0,AVERAGEIFS('HD Dump'!$O$2:$O$538,'HD Dump'!$U$2:$U$538,D$7,'HD Dump'!$R$2:$R$538,">="&$B23-90,'HD Dump'!$R$2:$R$538,"<="&$B23),AE22) | AF23: =IF(COUNTIFS('HD Dump'!$U$2:$U$538,E$7,'HD Dump'!$R$2:$R$538,">="&$B23-90,'HD Dump'!$R$2:$R$538,"<="&$B23)>0,AVERAGEIFS('HD Dump'!$O$2:$O$538,'HD Dump'!$U$2:$U$538,E$7,'HD Dump'!$R$2:$R$538,">="&$B23-90,'HD Dump'!$R$2:$R$538,"<="&$B23),AF22) | AG23: =IF(COUNTIFS('HD Dump'!$U$2:$U$538,F$7,'HD Dump'!$R$2:$R$538,">="&$B23-90,'HD Dump'!$R$2:$R$538,"<="&$B23)>0,AVERAGEIFS('HD Dump'!$O$2:$O$538,'HD Dump'!$U$2:$U$538,F$7,'HD Dump'!$R$2:$R$538,">="&$B23-90,'HD Dump'!$R$2:$R$538,"<="&$B23),AG22) | AH23: =IF(COUNTIFS('HD Dump'!$U$2:$U$538,G$7,'HD Dump'!$R$2:$R$538,">="&$B23-90,'HD Dump'!$R$2:$R$538,"<="&$B23)>0,AVERAGEIFS('HD Dump'!$O$2:$O$538,'HD Dump'!$U$2:$U$538,G$7,'HD Dump'!$R$2:$R$538,">="&$B23-90,'HD Dump'!$R$2:$R$538,"<="&$B23),AH22) | AI23: =IF(COUNTIFS('HD Dump'!$U$2:$U$538,H$7,'HD Dump'!$R$2:$R$538,">="&$B23-90,'HD Dump'!$R$2:$R$538,"<="&$B23)>0,AVERAGEIFS('HD Dump'!$O$2:$O$538,'HD Dump'!$U$2:$U$538,H$7,'HD Dump'!$R$2:$R$538,">="&$B23-90,'HD Dump'!$R$2:$R$538,"<="&$B23),AI22) | AJ23: =IF(COUNTIFS('HD Dump'!$U$2:$U$538,I$7,'HD Dump'!$R$2:$R$538,">="&$B23-90,'HD Dump'!$R$2:$R$538,"<="&$B23)>0,AVERAGEIFS('HD Dump'!$O$2:$O$538,'HD Dump'!$U$2:$U$538,I$7,'HD Dump'!$R$2:$R$538,">="&$B23-90,'HD Dump'!$R$2:$R$538,"<="&$B23),AJ22) | AK23: =IF(COUNTIFS('HD Dump'!$U$2:$U$538,J$7,'HD Dump'!$R$2:$R$538,">="&$B23-90,'HD Dump'!$R$2:$R$538,"<="&$B23)>0,AVERAGEIFS('HD Dump'!$O$2:$O$538,'HD Dump'!$U$2:$U$538,J$7,'HD Dump'!$R$2:$R$538,">="&$B23-90,'HD Dump'!$R$2:$R$538,"<="&$B23),AK22) | AL23: =IF(COUNTIFS('HD Dump'!$U$2:$U$538,K$7,'HD Dump'!$R$2:$R$538,">="&$B23-90,'HD Dump'!$R$2:$R$538,"<="&$B23)>0,AVERAGEIFS('HD Dump'!$O$2:$O$538,'HD Dump'!$U$2:$U$538,K$7,'HD Dump'!$R$2:$R$538,">="&$B23-90,'HD Dump'!$R$2:$R$538,"<="&$B23),AL22)
... B28: 46022 | C28: Actual | D28: =SUMPRODUCT(T28:AB28,$C$8:$K$8)/SUM($C$8:$K$8) | E28: =SUMPRODUCT(AD28:AL28,$C$8:$K$8)/SUM($C$8:$K$8) | F28: =IFERROR((INDEX('T12 Dump'!$D$9:$O$9,MATCH(EOMONTH($B28,-1)+1,'T12 Dump'!$D$3:$O$3,0))-ABS(INDEX('T12 Dump'!$D$11:$O$11,MATCH(EOMONTH($B28,-1)+1,'T12 Dump'!$D$3:$O$3,0))))/($F28*360),"") | G28: =IFERROR(1-ABS(INDEX('T12 Dump'!$D$11:$O$11,MATCH(EOMONTH($B28,-1)+1,'T12 Dump'!$D$3:$O$3,0)))/INDEX('T12 Dump'!$D$7:$O$7,MATCH(EOMONTH($B28,-1)+1,'T12 Dump'!$D$3:$O$3,0)),"") | H28: =IFERROR($F28/$D28-1,"") | I28: 23 | T28: =IF(COUNTIFS('HD Dump'!$U$2:$U$538,C$7,'HD Dump'!$R$2:$R$538,">="&$B28-90,'HD Dump'!$R$2:$R$538,"<="&$B28)>0,AVERAGEIFS('HD Dump'!$M$2:$M$538,'HD Dump'!$U$2:$U$538,C$7,'HD Dump'!$R$2:$R$538,">="&$B28-90,'HD Dump'!$R$2:$R$538,"<="&$B28),T27) | U28: =IF(COUNTIFS('HD Dump'!$U$2:$U$538,D$7,'HD Dump'!$R$2:$R$538,">="&$B28-90,'HD Dump'!$R$2:$R$538,"<="&$B28)>0,AVERAGEIFS('HD Dump'!$M$2:$M$538,'HD Dump'!$U$2:$U$538,D$7,'HD Dump'!$R$2:$R$538,">="&$B28-90,'HD Dump'!$R$2:$R$538,"<="&$B28),U27) | V28: =IF(COUNTIFS('HD Dump'!$U$2:$U$538,E$7,'HD Dump'!$R$2:$R$538,">="&$B28-90,'HD Dump'!$R$2:$R$538,"<="&$B28)>0,AVERAGEIFS('HD Dump'!$M$2:$M$538,'HD Dump'!$U$2:$U$538,E$7,'HD Dump'!$R$2:$R$538,">="&$B28-90,'HD Dump'!$R$2:$R$538,"<="&$B28),V27) | W28: =IF(COUNTIFS('HD Dump'!$U$2:$U$538,F$7,'HD Dump'!$R$2:$R$538,">="&$B28-90,'HD Dump'!$R$2:$R$538,"<="&$B28)>0,AVERAGEIFS('HD Dump'!$M$2:$M$538,'HD Dump'!$U$2:$U$538,F$7,'HD Dump'!$R$2:$R$538,">="&$B28-90,'HD Dump'!$R$2:$R$538,"<="&$B28),W27) | X28: =IF(COUNTIFS('HD Dump'!$U$2:$U$538,G$7,'HD Dump'!$R$2:$R$538,">="&$B28-90,'HD Dump'!$R$2:$R$538,"<="&$B28)>0,AVERAGEIFS('HD Dump'!$M$2:$M$538,'HD Dump'!$U$2:$U$538,G$7,'HD Dump'!$R$2:$R$538,">="&$B28-90,'HD Dump'!$R$2:$R$538,"<="&$B28),X27) | Y28: =IF(COUNTIFS('HD Dump'!$U$2:$U$538,H$7,'HD Dump'!$R$2:$R$538,">="&$B28-90,'HD Dump'!$R$2:$R$538,"<="&$B28)>0,AVERAGEIFS('HD Dump'!$M$2:$M$538,'HD Dump'!$U$2:$U$538,H$7,'HD Dump'!$R$2:$R$538,">="&$B28-90,'HD Dump'!$R$2:$R$538,"<="&$B28),Y27) | Z28: =IF(COUNTIFS('HD Dump'!$U$2:$U$538,I$7,'HD Dump'!$R$2:$R$538,">="&$B28-90,'HD Dump'!$R$2:$R$538,"<="&$B28)>0,AVERAGEIFS('HD Dump'!$M$2:$M$538,'HD Dump'!$U$2:$U$538,I$7,'HD Dump'!$R$2:$R$538,">="&$B28-90,'HD Dump'!$R$2:$R$538,"<="&$B28),Z27) | AA28: =IF(COUNTIFS('HD Dump'!$U$2:$U$538,J$7,'HD Dump'!$R$2:$R$538,">="&$B28-90,'HD Dump'!$R$2:$R$538,"<="&$B28)>0,AVERAGEIFS('HD Dump'!$M$2:$M$538,'HD Dump'!$U$2:$U$538,J$7,'HD Dump'!$R$2:$R$538,">="&$B28-90,'HD Dump'!$R$2:$R$538,"<="&$B28),AA27) | AB28: =IF(COUNTIFS('HD Dump'!$U$2:$U$538,K$7,'HD Dump'!$R$2:$R$538,">="&$B28-90,'HD Dump'!$R$2:$R$538,"<="&$B28)>0,AVERAGEIFS('HD Dump'!$M$2:$M$538,'HD Dump'!$U$2:$U$538,K$7,'HD Dump'!$R$2:$R$538,">="&$B28-90,'HD Dump'!$R$2:$R$538,"<="&$B28),AB27) | AD28: =IF(COUNTIFS('HD Dump'!$U$2:$U$538,C$7,'HD Dump'!$R$2:$R$538,">="&$B28-90,'HD Dump'!$R$2:$R$538,"<="&$B28)>0,AVERAGEIFS('HD Dump'!$O$2:$O$538,'HD Dump'!$U$2:$U$538,C$7,'HD Dump'!$R$2:$R$538,">="&$B28-90,'HD Dump'!$R$2:$R$538,"<="&$B28),AD27) | AE28: =IF(COUNTIFS('HD Dump'!$U$2:$U$538,D$7,'HD Dump'!$R$2:$R$538,">="&$B28-90,'HD Dump'!$R$2:$R$538,"<="&$B28)>0,AVERAGEIFS('HD Dump'!$O$2:$O$538,'HD Dump'!$U$2:$U$538,D$7,'HD Dump'!$R$2:$R$538,">="&$B28-90,'HD Dump'!$R$2:$R$538,"<="&$B28),AE27) | AF28: =IF(COUNTIFS('HD Dump'!$U$2:$U$538,E$7,'HD Dump'!$R$2:$R$538,">="&$B28-90,'HD Dump'!$R$2:$R$538,"<="&$B28)>0,AVERAGEIFS('HD Dump'!$O$2:$O$538,'HD Dump'!$U$2:$U$538,E$7,'HD Dump'!$R$2:$R$538,">="&$B28-90,'HD Dump'!$R$2:$R$538,"<="&$B28),AF27) | AG28: =IF(COUNTIFS('HD Dump'!$U$2:$U$538,F$7,'HD Dump'!$R$2:$R$538,">="&$B28-90,'HD Dump'!$R$2:$R$538,"<="&$B28)>0,AVERAGEIFS('HD Dump'!$O$2:$O$538,'HD Dump'!$U$2:$U$538,F$7,'HD Dump'!$R$2:$R$538,">="&$B28-90,'HD Dump'!$R$2:$R$538,"<="&$B28),AG27) | AH28: =IF(COUNTIFS('HD Dump'!$U$2:$U$538,G$7,'HD Dump'!$R$2:$R$538,">="&$B28-90,'HD Dump'!$R$2:$R$538,"<="&$B28)>0,AVERAGEIFS('HD Dump'!$O$2:$O$538,'HD Dump'!$U$2:$U$538,G$7,'HD Dump'!$R$2:$R$538,">="&$B28-90,'HD Dump'!$R$2:$R$538,"<="&$B28),AH27) | AI28: =IF(COUNTIFS('HD Dump'!$U$2:$U$538,H$7,'HD Dump'!$R$2:$R$538,">="&$B28-90,'HD Dump'!$R$2:$R$538,"<="&$B28)>0,AVERAGEIFS('HD Dump'!$O$2:$O$538,'HD Dump'!$U$2:$U$538,H$7,'HD Dump'!$R$2:$R$538,">="&$B28-90,'HD Dump'!$R$2:$R$538,"<="&$B28),AI27) | AJ28: =IF(COUNTIFS('HD Dump'!$U$2:$U$538,I$7,'HD Dump'!$R$2:$R$538,">="&$B28-90,'HD Dump'!$R$2:$R$538,"<="&$B28)>0,AVERAGEIFS('HD Dump'!$O$2:$O$538,'HD Dump'!$U$2:$U$538,I$7,'HD Dump'!$R$2:$R$538,">="&$B28-90,'HD Dump'!$R$2:$R$538,"<="&$B28),AJ27) | AK28: =IF(COUNTIFS('HD Dump'!$U$2:$U$538,J$7,'HD Dump'!$R$2:$R$538,">="&$B28-90,'HD Dump'!$R$2:$R$538,"<="&$B28)>0,AVERAGEIFS('HD Dump'!$O$2:$O$538,'HD Dump'!$U$2:$U$538,J$7,'HD Dump'!$R$2:$R$538,">="&$B28-90,'HD Dump'!$R$2:$R$538,"<="&$B28),AK27) | AL28: =IF(COUNTIFS('HD Dump'!$U$2:$U$538,K$7,'HD Dump'!$R$2:$R$538,">="&$B28-90,'HD Dump'!$R$2:$R$538,"<="&$B28)>0,AVERAGEIFS('HD Dump'!$O$2:$O$538,'HD Dump'!$U$2:$U$538,K$7,'HD Dump'!$R$2:$R$538,">="&$B28-90,'HD Dump'!$R$2:$R$538,"<="&$B28),AL27)
B29: 46053 | C29: Actual | D29: =SUMPRODUCT(T29:AB29,$C$8:$K$8)/SUM($C$8:$K$8) | E29: =SUMPRODUCT(AD29:AL29,$C$8:$K$8)/SUM($C$8:$K$8) | F29: =IFERROR((INDEX('T12 Dump'!$D$9:$O$9,MATCH(EOMONTH($B29,-1)+1,'T12 Dump'!$D$3:$O$3,0))-ABS(INDEX('T12 Dump'!$D$11:$O$11,MATCH(EOMONTH($B29,-1)+1,'T12 Dump'!$D$3:$O$3,0))))/($F29*360),"") | G29: =IFERROR(1-ABS(INDEX('T12 Dump'!$D$11:$O$11,MATCH(EOMONTH($B29,-1)+1,'T12 Dump'!$D$3:$O$3,0)))/INDEX('T12 Dump'!$D$7:$O$7,MATCH(EOMONTH($B29,-1)+1,'T12 Dump'!$D$3:$O$3,0)),"") | H29: =IFERROR($F29/$D29-1,"") | I29: 6 | J29: 2 | K29: 8 | O29: 0 | T29: =IF(COUNTIFS('HD Dump'!$U$2:$U$538,C$7,'HD Dump'!$R$2:$R$538,">="&$B29-90,'HD Dump'!$R$2:$R$538,"<="&$B29)>0,AVERAGEIFS('HD Dump'!$M$2:$M$538,'HD Dump'!$U$2:$U$538,C$7,'HD Dump'!$R$2:$R$538,">="&$B29-90,'HD Dump'!$R$2:$R$538,"<="&$B29),T28) | U29: =IF(COUNTIFS('HD Dump'!$U$2:$U$538,D$7,'HD Dump'!$R$2:$R$538,">="&$B29-90,'HD Dump'!$R$2:$R$538,"<="&$B29)>0,AVERAGEIFS('HD Dump'!$M$2:$M$538,'HD Dump'!$U$2:$U$538,D$7,'HD Dump'!$R$2:$R$538,">="&$B29-90,'HD Dump'!$R$2:$R$538,"<="&$B29),U28) | V29: =IF(COUNTIFS('HD Dump'!$U$2:$U$538,E$7,'HD Dump'!$R$2:$R$538,">="&$B29-90,'HD Dump'!$R$2:$R$538,"<="&$B29)>0,AVERAGEIFS('HD Dump'!$M$2:$M$538,'HD Dump'!$U$2:$U$538,E$7,'HD Dump'!$R$2:$R$538,">="&$B29-90,'HD Dump'!$R$2:$R$538,"<="&$B29),V28) | W29: =IF(COUNTIFS('HD Dump'!$U$2:$U$538,F$7,'HD Dump'!$R$2:$R$538,">="&$B29-90,'HD Dump'!$R$2:$R$538,"<="&$B29)>0,AVERAGEIFS('HD Dump'!$M$2:$M$538,'HD Dump'!$U$2:$U$538,F$7,'HD Dump'!$R$2:$R$538,">="&$B29-90,'HD Dump'!$R$2:$R$538,"<="&$B29),W28) | X29: =IF(COUNTIFS('HD Dump'!$U$2:$U$538,G$7,'HD Dump'!$R$2:$R$538,">="&$B29-90,'HD Dump'!$R$2:$R$538,"<="&$B29)>0,AVERAGEIFS('HD Dump'!$M$2:$M$538,'HD Dump'!$U$2:$U$538,G$7,'HD Dump'!$R$2:$R$538,">="&$B29-90,'HD Dump'!$R$2:$R$538,"<="&$B29),X28) | Y29: =IF(COUNTIFS('HD Dump'!$U$2:$U$538,H$7,'HD Dump'!$R$2:$R$538,">="&$B29-90,'HD Dump'!$R$2:$R$538,"<="&$B29)>0,AVERAGEIFS('HD Dump'!$M$2:$M$538,'HD Dump'!$U$2:$U$538,H$7,'HD Dump'!$R$2:$R$538,">="&$B29-90,'HD Dump'!$R$2:$R$538,"<="&$B29),Y28) | Z29: =IF(COUNTIFS('HD Dump'!$U$2:$U$538,I$7,'HD Dump'!$R$2:$R$538,">="&$B29-90,'HD Dump'!$R$2:$R$538,"<="&$B29)>0,AVERAGEIFS('HD Dump'!$M$2:$M$538,'HD Dump'!$U$2:$U$538,I$7,'HD Dump'!$R$2:$R$538,">="&$B29-90,'HD Dump'!$R$2:$R$538,"<="&$B29),Z28) | AA29: =IF(COUNTIFS('HD Dump'!$U$2:$U$538,J$7,'HD Dump'!$R$2:$R$538,">="&$B29-90,'HD Dump'!$R$2:$R$538,"<="&$B29)>0,AVERAGEIFS('HD Dump'!$M$2:$M$538,'HD Dump'!$U$2:$U$538,J$7,'HD Dump'!$R$2:$R$538,">="&$B29-90,'HD Dump'!$R$2:$R$538,"<="&$B29),AA28) | AB29: =IF(COUNTIFS('HD Dump'!$U$2:$U$538,K$7,'HD Dump'!$R$2:$R$538,">="&$B29-90,'HD Dump'!$R$2:$R$538,"<="&$B29)>0,AVERAGEIFS('HD Dump'!$M$2:$M$538,'HD Dump'!$U$2:$U$538,K$7,'HD Dump'!$R$2:$R$538,">="&$B29-90,'HD Dump'!$R$2:$R$538,"<="&$B29),AB28) | AD29: =IF(COUNTIFS('HD Dump'!$U$2:$U$538,C$7,'HD Dump'!$R$2:$R$538,">="&$B29-90,'HD Dump'!$R$2:$R$538,"<="&$B29)>0,AVERAGEIFS('HD Dump'!$O$2:$O$538,'HD Dump'!$U$2:$U$538,C$7,'HD Dump'!$R$2:$R$538,">="&$B29-90,'HD Dump'!$R$2:$R$538,"<="&$B29),AD28) | AE29: =IF(COUNTIFS('HD Dump'!$U$2:$U$538,D$7,'HD Dump'!$R$2:$R$538,">="&$B29-90,'HD Dump'!$R$2:$R$538,"<="&$B29)>0,AVERAGEIFS('HD Dump'!$O$2:$O$538,'HD Dump'!$U$2:$U$538,D$7,'HD Dump'!$R$2:$R$538,">="&$B29-90,'HD Dump'!$R$2:$R$538,"<="&$B29),AE28) | AF29: =IF(COUNTIFS('HD Dump'!$U$2:$U$538,E$7,'HD Dump'!$R$2:$R$538,">="&$B29-90,'HD Dump'!$R$2:$R$538,"<="&$B29)>0,AVERAGEIFS('HD Dump'!$O$2:$O$538,'HD Dump'!$U$2:$U$538,E$7,'HD Dump'!$R$2:$R$538,">="&$B29-90,'HD Dump'!$R$2:$R$538,"<="&$B29),AF28) | AG29: =IF(COUNTIFS('HD Dump'!$U$2:$U$538,F$7,'HD Dump'!$R$2:$R$538,">="&$B29-90,'HD Dump'!$R$2:$R$538,"<="&$B29)>0,AVERAGEIFS('HD Dump'!$O$2:$O$538,'HD Dump'!$U$2:$U$538,F$7,'HD Dump'!$R$2:$R$538,">="&$B29-90,'HD Dump'!$R$2:$R$538,"<="&$B29),AG28) | AH29: =IF(COUNTIFS('HD Dump'!$U$2:$U$538,G$7,'HD Dump'!$R$2:$R$538,">="&$B29-90,'HD Dump'!$R$2:$R$538,"<="&$B29)>0,AVERAGEIFS('HD Dump'!$O$2:$O$538,'HD Dump'!$U$2:$U$538,G$7,'HD Dump'!$R$2:$R$538,">="&$B29-90,'HD Dump'!$R$2:$R$538,"<="&$B29),AH28) | AI29: =IF(COUNTIFS('HD Dump'!$U$2:$U$538,H$7,'HD Dump'!$R$2:$R$538,">="&$B29-90,'HD Dump'!$R$2:$R$538,"<="&$B29)>0,AVERAGEIFS('HD Dump'!$O$2:$O$538,'HD Dump'!$U$2:$U$538,H$7,'HD Dump'!$R$2:$R$538,">="&$B29-90,'HD Dump'!$R$2:$R$538,"<="&$B29),AI28) | AJ29: =IF(COUNTIFS('HD Dump'!$U$2:$U$538,I$7,'HD Dump'!$R$2:$R$538,">="&$B29-90,'HD Dump'!$R$2:$R$538,"<="&$B29)>0,AVERAGEIFS('HD Dump'!$O$2:$O$538,'HD Dump'!$U$2:$U$538,I$7,'HD Dump'!$R$2:$R$538,">="&$B29-90,'HD Dump'!$R$2:$R$538,"<="&$B29),AJ28) | AK29: =IF(COUNTIFS('HD Dump'!$U$2:$U$538,J$7,'HD Dump'!$R$2:$R$538,">="&$B29-90,'HD Dump'!$R$2:$R$538,"<="&$B29)>0,AVERAGEIFS('HD Dump'!$O$2:$O$538,'HD Dump'!$U$2:$U$538,J$7,'HD Dump'!$R$2:$R$538,">="&$B29-90,'HD Dump'!$R$2:$R$538,"<="&$B29),AK28) | AL29: =IF(COUNTIFS('HD Dump'!$U$2:$U$538,K$7,'HD Dump'!$R$2:$R$538,">="&$B29-90,'HD Dump'!$R$2:$R$538,"<="&$B29)>0,AVERAGEIFS('HD Dump'!$O$2:$O$538,'HD Dump'!$U$2:$U$538,K$7,'HD Dump'!$R$2:$R$538,">="&$B29-90,'HD Dump'!$R$2:$R$538,"<="&$B29),AL28)
B30: 46081 | C30: Actual | D30: =SUMPRODUCT(T30:AB30,$C$8:$K$8)/SUM($C$8:$K$8) | E30: =SUMPRODUCT(AD30:AL30,$C$8:$K$8)/SUM($C$8:$K$8) | F30: =IFERROR((INDEX('T12 Dump'!$D$9:$O$9,MATCH(EOMONTH($B30,-1)+1,'T12 Dump'!$D$3:$O$3,0))-ABS(INDEX('T12 Dump'!$D$11:$O$11,MATCH(EOMONTH($B30,-1)+1,'T12 Dump'!$D$3:$O$3,0))))/($F30*360),"") | G30: =IFERROR(1-ABS(INDEX('T12 Dump'!$D$11:$O$11,MATCH(EOMONTH($B30,-1)+1,'T12 Dump'!$D$3:$O$3,0)))/INDEX('T12 Dump'!$D$7:$O$7,MATCH(EOMONTH($B30,-1)+1,'T12 Dump'!$D$3:$O$3,0)),"") | H30: =IFERROR($F30/$D30-1,"") | I30: 26 | J30: 3 | K30: 12 | O30: 0.026945676 | T30: =IF(COUNTIFS('HD Dump'!$U$2:$U$538,C$7,'HD Dump'!$R$2:$R$538,">="&$B30-90,'HD Dump'!$R$2:$R$538,"<="&$B30)>0,AVERAGEIFS('HD Dump'!$M$2:$M$538,'HD Dump'!$U$2:$U$538,C$7,'HD Dump'!$R$2:$R$538,">="&$B30-90,'HD Dump'!$R$2:$R$538,"<="&$B30),T29) | U30: =IF(COUNTIFS('HD Dump'!$U$2:$U$538,D$7,'HD Dump'!$R$2:$R$538,">="&$B30-90,'HD Dump'!$R$2:$R$538,"<="&$B30)>0,AVERAGEIFS('HD Dump'!$M$2:$M$538,'HD Dump'!$U$2:$U$538,D$7,'HD Dump'!$R$2:$R$538,">="&$B30-90,'HD Dump'!$R$2:$R$538,"<="&$B30),U29) | V30: =IF(COUNTIFS('HD Dump'!$U$2:$U$538,E$7,'HD Dump'!$R$2:$R$538,">="&$B30-90,'HD Dump'!$R$2:$R$538,"<="&$B30)>0,AVERAGEIFS('HD Dump'!$M$2:$M$538,'HD Dump'!$U$2:$U$538,E$7,'HD Dump'!$R$2:$R$538,">="&$B30-90,'HD Dump'!$R$2:$R$538,"<="&$B30),V29) | W30: =IF(COUNTIFS('HD Dump'!$U$2:$U$538,F$7,'HD Dump'!$R$2:$R$538,">="&$B30-90,'HD Dump'!$R$2:$R$538,"<="&$B30)>0,AVERAGEIFS('HD Dump'!$M$2:$M$538,'HD Dump'!$U$2:$U$538,F$7,'HD Dump'!$R$2:$R$538,">="&$B30-90,'HD Dump'!$R$2:$R$538,"<="&$B30),W29) | X30: =IF(COUNTIFS('HD Dump'!$U$2:$U$538,G$7,'HD Dump'!$R$2:$R$538,">="&$B30-90,'HD Dump'!$R$2:$R$538,"<="&$B30)>0,AVERAGEIFS('HD Dump'!$M$2:$M$538,'HD Dump'!$U$2:$U$538,G$7,'HD Dump'!$R$2:$R$538,">="&$B30-90,'HD Dump'!$R$2:$R$538,"<="&$B30),X29) | Y30: =IF(COUNTIFS('HD Dump'!$U$2:$U$538,H$7,'HD Dump'!$R$2:$R$538,">="&$B30-90,'HD Dump'!$R$2:$R$538,"<="&$B30)>0,AVERAGEIFS('HD Dump'!$M$2:$M$538,'HD Dump'!$U$2:$U$538,H$7,'HD Dump'!$R$2:$R$538,">="&$B30-90,'HD Dump'!$R$2:$R$538,"<="&$B30),Y29) | Z30: =IF(COUNTIFS('HD Dump'!$U$2:$U$538,I$7,'HD Dump'!$R$2:$R$538,">="&$B30-90,'HD Dump'!$R$2:$R$538,"<="&$B30)>0,AVERAGEIFS('HD Dump'!$M$2:$M$538,'HD Dump'!$U$2:$U$538,I$7,'HD Dump'!$R$2:$R$538,">="&$B30-90,'HD Dump'!$R$2:$R$538,"<="&$B30),Z29) | AA30: =IF(COUNTIFS('HD Dump'!$U$2:$U$538,J$7,'HD Dump'!$R$2:$R$538,">="&$B30-90,'HD Dump'!$R$2:$R$538,"<="&$B30)>0,AVERAGEIFS('HD Dump'!$M$2:$M$538,'HD Dump'!$U$2:$U$538,J$7,'HD Dump'!$R$2:$R$538,">="&$B30-90,'HD Dump'!$R$2:$R$538,"<="&$B30),AA29) | AB30: =IF(COUNTIFS('HD Dump'!$U$2:$U$538,K$7,'HD Dump'!$R$2:$R$538,">="&$B30-90,'HD Dump'!$R$2:$R$538,"<="&$B30)>0,AVERAGEIFS('HD Dump'!$M$2:$M$538,'HD Dump'!$U$2:$U$538,K$7,'HD Dump'!$R$2:$R$538,">="&$B30-90,'HD Dump'!$R$2:$R$538,"<="&$B30),AB29) | AD30: =IF(COUNTIFS('HD Dump'!$U$2:$U$538,C$7,'HD Dump'!$R$2:$R$538,">="&$B30-90,'HD Dump'!$R$2:$R$538,"<="&$B30)>0,AVERAGEIFS('HD Dump'!$O$2:$O$538,'HD Dump'!$U$2:$U$538,C$7,'HD Dump'!$R$2:$R$538,">="&$B30-90,'HD Dump'!$R$2:$R$538,"<="&$B30),AD29) | AE30: =IF(COUNTIFS('HD Dump'!$U$2:$U$538,D$7,'HD Dump'!$R$2:$R$538,">="&$B30-90,'HD Dump'!$R$2:$R$538,"<="&$B30)>0,AVERAGEIFS('HD Dump'!$O$2:$O$538,'HD Dump'!$U$2:$U$538,D$7,'HD Dump'!$R$2:$R$538,">="&$B30-90,'HD Dump'!$R$2:$R$538,"<="&$B30),AE29) | AF30: =IF(COUNTIFS('HD Dump'!$U$2:$U$538,E$7,'HD Dump'!$R$2:$R$538,">="&$B30-90,'HD Dump'!$R$2:$R$538,"<="&$B30)>0,AVERAGEIFS('HD Dump'!$O$2:$O$538,'HD Dump'!$U$2:$U$538,E$7,'HD Dump'!$R$2:$R$538,">="&$B30-90,'HD Dump'!$R$2:$R$538,"<="&$B30),AF29) | AG30: =IF(COUNTIFS('HD Dump'!$U$2:$U$538,F$7,'HD Dump'!$R$2:$R$538,">="&$B30-90,'HD Dump'!$R$2:$R$538,"<="&$B30)>0,AVERAGEIFS('HD Dump'!$O$2:$O$538,'HD Dump'!$U$2:$U$538,F$7,'HD Dump'!$R$2:$R$538,">="&$B30-90,'HD Dump'!$R$2:$R$538,"<="&$B30),AG29) | AH30: =IF(COUNTIFS('HD Dump'!$U$2:$U$538,G$7,'HD Dump'!$R$2:$R$538,">="&$B30-90,'HD Dump'!$R$2:$R$538,"<="&$B30)>0,AVERAGEIFS('HD Dump'!$O$2:$O$538,'HD Dump'!$U$2:$U$538,G$7,'HD Dump'!$R$2:$R$538,">="&$B30-90,'HD Dump'!$R$2:$R$538,"<="&$B30),AH29) | AI30: =IF(COUNTIFS('HD Dump'!$U$2:$U$538,H$7,'HD Dump'!$R$2:$R$538,">="&$B30-90,'HD Dump'!$R$2:$R$538,"<="&$B30)>0,AVERAGEIFS('HD Dump'!$O$2:$O$538,'HD Dump'!$U$2:$U$538,H$7,'HD Dump'!$R$2:$R$538,">="&$B30-90,'HD Dump'!$R$2:$R$538,"<="&$B30),AI29) | AJ30: =IF(COUNTIFS('HD Dump'!$U$2:$U$538,I$7,'HD Dump'!$R$2:$R$538,">="&$B30-90,'HD Dump'!$R$2:$R$538,"<="&$B30)>0,AVERAGEIFS('HD Dump'!$O$2:$O$538,'HD Dump'!$U$2:$U$538,I$7,'HD Dump'!$R$2:$R$538,">="&$B30-90,'HD Dump'!$R$2:$R$538,"<="&$B30),AJ29) | AK30: =IF(COUNTIFS('HD Dump'!$U$2:$U$538,J$7,'HD Dump'!$R$2:$R$538,">="&$B30-90,'HD Dump'!$R$2:$R$538,"<="&$B30)>0,AVERAGEIFS('HD Dump'!$O$2:$O$538,'HD Dump'!$U$2:$U$538,J$7,'HD Dump'!$R$2:$R$538,">="&$B30-90,'HD Dump'!$R$2:$R$538,"<="&$B30),AK29) | AL30: =IF(COUNTIFS('HD Dump'!$U$2:$U$538,K$7,'HD Dump'!$R$2:$R$538,">="&$B30-90,'HD Dump'!$R$2:$R$538,"<="&$B30)>0,AVERAGEIFS('HD Dump'!$O$2:$O$538,'HD Dump'!$U$2:$U$538,K$7,'HD Dump'!$R$2:$R$538,">="&$B30-90,'HD Dump'!$R$2:$R$538,"<="&$B30),AL29)
B31: 46112 | C31: Actual | D31: =SUMPRODUCT(T31:AB31,$C$8:$K$8)/SUM($C$8:$K$8) | E31: =SUMPRODUCT(AD31:AL31,$C$8:$K$8)/SUM($C$8:$K$8) | F31: =IFERROR((INDEX('T12 Dump'!$D$9:$O$9,MATCH(EOMONTH($B31,-1)+1,'T12 Dump'!$D$3:$O$3,0))-ABS(INDEX('T12 Dump'!$D$11:$O$11,MATCH(EOMONTH($B31,-1)+1,'T12 Dump'!$D$3:$O$3,0))))/($F31*360),"") | G31: =IFERROR(1-ABS(INDEX('T12 Dump'!$D$11:$O$11,MATCH(EOMONTH($B31,-1)+1,'T12 Dump'!$D$3:$O$3,0)))/INDEX('T12 Dump'!$D$7:$O$7,MATCH(EOMONTH($B31,-1)+1,'T12 Dump'!$D$3:$O$3,0)),"") | H31: =IFERROR($F31/$D31-1,"") | I31: 29 | J31: 6 | K31: 14 | O31: 0.0021701389 | T31: =IF(COUNTIFS('HD Dump'!$U$2:$U$538,C$7,'HD Dump'!$R$2:$R$538,">="&$B31-90,'HD Dump'!$R$2:$R$538,"<="&$B31)>0,AVERAGEIFS('HD Dump'!$M$2:$M$538,'HD Dump'!$U$2:$U$538,C$7,'HD Dump'!$R$2:$R$538,">="&$B31-90,'HD Dump'!$R$2:$R$538,"<="&$B31),T30) | U31: =IF(COUNTIFS('HD Dump'!$U$2:$U$538,D$7,'HD Dump'!$R$2:$R$538,">="&$B31-90,'HD Dump'!$R$2:$R$538,"<="&$B31)>0,AVERAGEIFS('HD Dump'!$M$2:$M$538,'HD Dump'!$U$2:$U$538,D$7,'HD Dump'!$R$2:$R$538,">="&$B31-90,'HD Dump'!$R$2:$R$538,"<="&$B31),U30) | V31: =IF(COUNTIFS('HD Dump'!$U$2:$U$538,E$7,'HD Dump'!$R$2:$R$538,">="&$B31-90,'HD Dump'!$R$2:$R$538,"<="&$B31)>0,AVERAGEIFS('HD Dump'!$M$2:$M$538,'HD Dump'!$U$2:$U$538,E$7,'HD Dump'!$R$2:$R$538,">="&$B31-90,'HD Dump'!$R$2:$R$538,"<="&$B31),V30) | W31: =IF(COUNTIFS('HD Dump'!$U$2:$U$538,F$7,'HD Dump'!$R$2:$R$538,">="&$B31-90,'HD Dump'!$R$2:$R$538,"<="&$B31)>0,AVERAGEIFS('HD Dump'!$M$2:$M$538,'HD Dump'!$U$2:$U$538,F$7,'HD Dump'!$R$2:$R$538,">="&$B31-90,'HD Dump'!$R$2:$R$538,"<="&$B31),W30) | X31: =IF(COUNTIFS('HD Dump'!$U$2:$U$538,G$7,'HD Dump'!$R$2:$R$538,">="&$B31-90,'HD Dump'!$R$2:$R$538,"<="&$B31)>0,AVERAGEIFS('HD Dump'!$M$2:$M$538,'HD Dump'!$U$2:$U$538,G$7,'HD Dump'!$R$2:$R$538,">="&$B31-90,'HD Dump'!$R$2:$R$538,"<="&$B31),X30) | Y31: =IF(COUNTIFS('HD Dump'!$U$2:$U$538,H$7,'HD Dump'!$R$2:$R$538,">="&$B31-90,'HD Dump'!$R$2:$R$538,"<="&$B31)>0,AVERAGEIFS('HD Dump'!$M$2:$M$538,'HD Dump'!$U$2:$U$538,H$7,'HD Dump'!$R$2:$R$538,">="&$B31-90,'HD Dump'!$R$2:$R$538,"<="&$B31),Y30) | Z31: =IF(COUNTIFS('HD Dump'!$U$2:$U$538,I$7,'HD Dump'!$R$2:$R$538,">="&$B31-90,'HD Dump'!$R$2:$R$538,"<="&$B31)>0,AVERAGEIFS('HD Dump'!$M$2:$M$538,'HD Dump'!$U$2:$U$538,I$7,'HD Dump'!$R$2:$R$538,">="&$B31-90,'HD Dump'!$R$2:$R$538,"<="&$B31),Z30) | AA31: =IF(COUNTIFS('HD Dump'!$U$2:$U$538,J$7,'HD Dump'!$R$2:$R$538,">="&$B31-90,'HD Dump'!$R$2:$R$538,"<="&$B31)>0,AVERAGEIFS('HD Dump'!$M$2:$M$538,'HD Dump'!$U$2:$U$538,J$7,'HD Dump'!$R$2:$R$538,">="&$B31-90,'HD Dump'!$R$2:$R$538,"<="&$B31),AA30) | AB31: =IF(COUNTIFS('HD Dump'!$U$2:$U$538,K$7,'HD Dump'!$R$2:$R$538,">="&$B31-90,'HD Dump'!$R$2:$R$538,"<="&$B31)>0,AVERAGEIFS('HD Dump'!$M$2:$M$538,'HD Dump'!$U$2:$U$538,K$7,'HD Dump'!$R$2:$R$538,">="&$B31-90,'HD Dump'!$R$2:$R$538,"<="&$B31),AB30) | AD31: =IF(COUNTIFS('HD Dump'!$U$2:$U$538,C$7,'HD Dump'!$R$2:$R$538,">="&$B31-90,'HD Dump'!$R$2:$R$538,"<="&$B31)>0,AVERAGEIFS('HD Dump'!$O$2:$O$538,'HD Dump'!$U$2:$U$538,C$7,'HD Dump'!$R$2:$R$538,">="&$B31-90,'HD Dump'!$R$2:$R$538,"<="&$B31),AD30) | AE31: =IF(COUNTIFS('HD Dump'!$U$2:$U$538,D$7,'HD Dump'!$R$2:$R$538,">="&$B31-90,'HD Dump'!$R$2:$R$538,"<="&$B31)>0,AVERAGEIFS('HD Dump'!$O$2:$O$538,'HD Dump'!$U$2:$U$538,D$7,'HD Dump'!$R$2:$R$538,">="&$B31-90,'HD Dump'!$R$2:$R$538,"<="&$B31),AE30) | AF31: =IF(COUNTIFS('HD Dump'!$U$2:$U$538,E$7,'HD Dump'!$R$2:$R$538,">="&$B31-90,'HD Dump'!$R$2:$R$538,"<="&$B31)>0,AVERAGEIFS('HD Dump'!$O$2:$O$538,'HD Dump'!$U$2:$U$538,E$7,'HD Dump'!$R$2:$R$538,">="&$B31-90,'HD Dump'!$R$2:$R$538,"<="&$B31),AF30) | AG31: =IF(COUNTIFS('HD Dump'!$U$2:$U$538,F$7,'HD Dump'!$R$2:$R$538,">="&$B31-90,'HD Dump'!$R$2:$R$538,"<="&$B31)>0,AVERAGEIFS('HD Dump'!$O$2:$O$538,'HD Dump'!$U$2:$U$538,F$7,'HD Dump'!$R$2:$R$538,">="&$B31-90,'HD Dump'!$R$2:$R$538,"<="&$B31),AG30) | AH31: =IF(COUNTIFS('HD Dump'!$U$2:$U$538,G$7,'HD Dump'!$R$2:$R$538,">="&$B31-90,'HD Dump'!$R$2:$R$538,"<="&$B31)>0,AVERAGEIFS('HD Dump'!$O$2:$O$538,'HD Dump'!$U$2:$U$538,G$7,'HD Dump'!$R$2:$R$538,">="&$B31-90,'HD Dump'!$R$2:$R$538,"<="&$B31),AH30) | AI31: =IF(COUNTIFS('HD Dump'!$U$2:$U$538,H$7,'HD Dump'!$R$2:$R$538,">="&$B31-90,'HD Dump'!$R$2:$R$538,"<="&$B31)>0,AVERAGEIFS('HD Dump'!$O$2:$O$538,'HD Dump'!$U$2:$U$538,H$7,'HD Dump'!$R$2:$R$538,">="&$B31-90,'HD Dump'!$R$2:$R$538,"<="&$B31),AI30) | AJ31: =IF(COUNTIFS('HD Dump'!$U$2:$U$538,I$7,'HD Dump'!$R$2:$R$538,">="&$B31-90,'HD Dump'!$R$2:$R$538,"<="&$B31)>0,AVERAGEIFS('HD Dump'!$O$2:$O$538,'HD Dump'!$U$2:$U$538,I$7,'HD Dump'!$R$2:$R$538,">="&$B31-90,'HD Dump'!$R$2:$R$538,"<="&$B31),AJ30) | AK31: =IF(COUNTIFS('HD Dump'!$U$2:$U$538,J$7,'HD Dump'!$R$2:$R$538,">="&$B31-90,'HD Dump'!$R$2:$R$538,"<="&$B31)>0,AVERAGEIFS('HD Dump'!$O$2:$O$538,'HD Dump'!$U$2:$U$538,J$7,'HD Dump'!$R$2:$R$538,">="&$B31-90,'HD Dump'!$R$2:$R$538,"<="&$B31),AK30) | AL31: =IF(COUNTIFS('HD Dump'!$U$2:$U$538,K$7,'HD Dump'!$R$2:$R$538,">="&$B31-90,'HD Dump'!$R$2:$R$538,"<="&$B31)>0,AVERAGEIFS('HD Dump'!$O$2:$O$538,'HD Dump'!$U$2:$U$538,K$7,'HD Dump'!$R$2:$R$538,">="&$B31-90,'HD Dump'!$R$2:$R$538,"<="&$B31),AL30)
B32: 46142 | C32: Actual | D32: =SUMPRODUCT(T32:AB32,$C$8:$K$8)/SUM($C$8:$K$8) | E32: =SUMPRODUCT(AD32:AL32,$C$8:$K$8)/SUM($C$8:$K$8) | F32: =IFERROR((INDEX('T12 Dump'!$D$9:$O$9,MATCH(EOMONTH($B32,-1)+1,'T12 Dump'!$D$3:$O$3,0))-ABS(INDEX('T12 Dump'!$D$11:$O$11,MATCH(EOMONTH($B32,-1)+1,'T12 Dump'!$D$3:$O$3,0))))/($F32*360),"") | G32: =IFERROR(1-ABS(INDEX('T12 Dump'!$D$11:$O$11,MATCH(EOMONTH($B32,-1)+1,'T12 Dump'!$D$3:$O$3,0)))/INDEX('T12 Dump'!$D$7:$O$7,MATCH(EOMONTH($B32,-1)+1,'T12 Dump'!$D$3:$O$3,0)),"") | H32: =IFERROR($F32/$D32-1,"") | I32: 17 | J32: 9 | K32: 11 | O32: 0.017997536 | T32: =IF(COUNTIFS('HD Dump'!$U$2:$U$538,C$7,'HD Dump'!$R$2:$R$538,">="&$B32-90,'HD Dump'!$R$2:$R$538,"<="&$B32)>0,AVERAGEIFS('HD Dump'!$M$2:$M$538,'HD Dump'!$U$2:$U$538,C$7,'HD Dump'!$R$2:$R$538,">="&$B32-90,'HD Dump'!$R$2:$R$538,"<="&$B32),T31) | U32: =IF(COUNTIFS('HD Dump'!$U$2:$U$538,D$7,'HD Dump'!$R$2:$R$538,">="&$B32-90,'HD Dump'!$R$2:$R$538,"<="&$B32)>0,AVERAGEIFS('HD Dump'!$M$2:$M$538,'HD Dump'!$U$2:$U$538,D$7,'HD Dump'!$R$2:$R$538,">="&$B32-90,'HD Dump'!$R$2:$R$538,"<="&$B32),U31) | V32: =IF(COUNTIFS('HD Dump'!$U$2:$U$538,E$7,'HD Dump'!$R$2:$R$538,">="&$B32-90,'HD Dump'!$R$2:$R$538,"<="&$B32)>0,AVERAGEIFS('HD Dump'!$M$2:$M$538,'HD Dump'!$U$2:$U$538,E$7,'HD Dump'!$R$2:$R$538,">="&$B32-90,'HD Dump'!$R$2:$R$538,"<="&$B32),V31) | W32: =IF(COUNTIFS('HD Dump'!$U$2:$U$538,F$7,'HD Dump'!$R$2:$R$538,">="&$B32-90,'HD Dump'!$R$2:$R$538,"<="&$B32)>0,AVERAGEIFS('HD Dump'!$M$2:$M$538,'HD Dump'!$U$2:$U$538,F$7,'HD Dump'!$R$2:$R$538,">="&$B32-90,'HD Dump'!$R$2:$R$538,"<="&$B32),W31) | X32: =IF(COUNTIFS('HD Dump'!$U$2:$U$538,G$7,'HD Dump'!$R$2:$R$538,">="&$B32-90,'HD Dump'!$R$2:$R$538,"<="&$B32)>0,AVERAGEIFS('HD Dump'!$M$2:$M$538,'HD Dump'!$U$2:$U$538,G$7,'HD Dump'!$R$2:$R$538,">="&$B32-90,'HD Dump'!$R$2:$R$538,"<="&$B32),X31) | Y32: =IF(COUNTIFS('HD Dump'!$U$2:$U$538,H$7,'HD Dump'!$R$2:$R$538,">="&$B32-90,'HD Dump'!$R$2:$R$538,"<="&$B32)>0,AVERAGEIFS('HD Dump'!$M$2:$M$538,'HD Dump'!$U$2:$U$538,H$7,'HD Dump'!$R$2:$R$538,">="&$B32-90,'HD Dump'!$R$2:$R$538,"<="&$B32),Y31) | Z32: =IF(COUNTIFS('HD Dump'!$U$2:$U$538,I$7,'HD Dump'!$R$2:$R$538,">="&$B32-90,'HD Dump'!$R$2:$R$538,"<="&$B32)>0,AVERAGEIFS('HD Dump'!$M$2:$M$538,'HD Dump'!$U$2:$U$538,I$7,'HD Dump'!$R$2:$R$538,">="&$B32-90,'HD Dump'!$R$2:$R$538,"<="&$B32),Z31) | AA32: =IF(COUNTIFS('HD Dump'!$U$2:$U$538,J$7,'HD Dump'!$R$2:$R$538,">="&$B32-90,'HD Dump'!$R$2:$R$538,"<="&$B32)>0,AVERAGEIFS('HD Dump'!$M$2:$M$538,'HD Dump'!$U$2:$U$538,J$7,'HD Dump'!$R$2:$R$538,">="&$B32-90,'HD Dump'!$R$2:$R$538,"<="&$B32),AA31) | AB32: =IF(COUNTIFS('HD Dump'!$U$2:$U$538,K$7,'HD Dump'!$R$2:$R$538,">="&$B32-90,'HD Dump'!$R$2:$R$538,"<="&$B32)>0,AVERAGEIFS('HD Dump'!$M$2:$M$538,'HD Dump'!$U$2:$U$538,K$7,'HD Dump'!$R$2:$R$538,">="&$B32-90,'HD Dump'!$R$2:$R$538,"<="&$B32),AB31) | AD32: =IF(COUNTIFS('HD Dump'!$U$2:$U$538,C$7,'HD Dump'!$R$2:$R$538,">="&$B32-90,'HD Dump'!$R$2:$R$538,"<="&$B32)>0,AVERAGEIFS('HD Dump'!$O$2:$O$538,'HD Dump'!$U$2:$U$538,C$7,'HD Dump'!$R$2:$R$538,">="&$B32-90,'HD Dump'!$R$2:$R$538,"<="&$B32),AD31) | AE32: =IF(COUNTIFS('HD Dump'!$U$2:$U$538,D$7,'HD Dump'!$R$2:$R$538,">="&$B32-90,'HD Dump'!$R$2:$R$538,"<="&$B32)>0,AVERAGEIFS('HD Dump'!$O$2:$O$538,'HD Dump'!$U$2:$U$538,D$7,'HD Dump'!$R$2:$R$538,">="&$B32-90,'HD Dump'!$R$2:$R$538,"<="&$B32),AE31) | AF32: =IF(COUNTIFS('HD Dump'!$U$2:$U$538,E$7,'HD Dump'!$R$2:$R$538,">="&$B32-90,'HD Dump'!$R$2:$R$538,"<="&$B32)>0,AVERAGEIFS('HD Dump'!$O$2:$O$538,'HD Dump'!$U$2:$U$538,E$7,'HD Dump'!$R$2:$R$538,">="&$B32-90,'HD Dump'!$R$2:$R$538,"<="&$B32),AF31) | AG32: =IF(COUNTIFS('HD Dump'!$U$2:$U$538,F$7,'HD Dump'!$R$2:$R$538,">="&$B32-90,'HD Dump'!$R$2:$R$538,"<="&$B32)>0,AVERAGEIFS('HD Dump'!$O$2:$O$538,'HD Dump'!$U$2:$U$538,F$7,'HD Dump'!$R$2:$R$538,">="&$B32-90,'HD Dump'!$R$2:$R$538,"<="&$B32),AG31) | AH32: =IF(COUNTIFS('HD Dump'!$U$2:$U$538,G$7,'HD Dump'!$R$2:$R$538,">="&$B32-90,'HD Dump'!$R$2:$R$538,"<="&$B32)>0,AVERAGEIFS('HD Dump'!$O$2:$O$538,'HD Dump'!$U$2:$U$538,G$7,'HD Dump'!$R$2:$R$538,">="&$B32-90,'HD Dump'!$R$2:$R$538,"<="&$B32),AH31) | AI32: =IF(COUNTIFS('HD Dump'!$U$2:$U$538,H$7,'HD Dump'!$R$2:$R$538,">="&$B32-90,'HD Dump'!$R$2:$R$538,"<="&$B32)>0,AVERAGEIFS('HD Dump'!$O$2:$O$538,'HD Dump'!$U$2:$U$538,H$7,'HD Dump'!$R$2:$R$538,">="&$B32-90,'HD Dump'!$R$2:$R$538,"<="&$B32),AI31) | AJ32: =IF(COUNTIFS('HD Dump'!$U$2:$U$538,I$7,'HD Dump'!$R$2:$R$538,">="&$B32-90,'HD Dump'!$R$2:$R$538,"<="&$B32)>0,AVERAGEIFS('HD Dump'!$O$2:$O$538,'HD Dump'!$U$2:$U$538,I$7,'HD Dump'!$R$2:$R$538,">="&$B32-90,'HD Dump'!$R$2:$R$538,"<="&$B32),AJ31) | AK32: =IF(COUNTIFS('HD Dump'!$U$2:$U$538,J$7,'HD Dump'!$R$2:$R$538,">="&$B32-90,'HD Dump'!$R$2:$R$538,"<="&$B32)>0,AVERAGEIFS('HD Dump'!$O$2:$O$538,'HD Dump'!$U$2:$U$538,J$7,'HD Dump'!$R$2:$R$538,">="&$B32-90,'HD Dump'!$R$2:$R$538,"<="&$B32),AK31) | AL32: =IF(COUNTIFS('HD Dump'!$U$2:$U$538,K$7,'HD Dump'!$R$2:$R$538,">="&$B32-90,'HD Dump'!$R$2:$R$538,"<="&$B32)>0,AVERAGEIFS('HD Dump'!$O$2:$O$538,'HD Dump'!$U$2:$U$538,K$7,'HD Dump'!$R$2:$R$538,">="&$B32-90,'HD Dump'!$R$2:$R$538,"<="&$B32),AL31)
B33: 46173 | C33: Actual | D33: =SUMPRODUCT(T33:AB33,$C$8:$K$8)/SUM($C$8:$K$8) | E33: =SUMPRODUCT(AD33:AL33,$C$8:$K$8)/SUM($C$8:$K$8) | F33: =IFERROR((INDEX('T12 Dump'!$D$9:$O$9,MATCH(EOMONTH($B33,-1)+1,'T12 Dump'!$D$3:$O$3,0))-ABS(INDEX('T12 Dump'!$D$11:$O$11,MATCH(EOMONTH($B33,-1)+1,'T12 Dump'!$D$3:$O$3,0))))/($F33*360),"") | G33: =IFERROR(1-ABS(INDEX('T12 Dump'!$D$11:$O$11,MATCH(EOMONTH($B33,-1)+1,'T12 Dump'!$D$3:$O$3,0)))/INDEX('T12 Dump'!$D$7:$O$7,MATCH(EOMONTH($B33,-1)+1,'T12 Dump'!$D$3:$O$3,0)),"") | H33: =IFERROR($F33/$D33-1,"") | I33: 9 | J33: 10 | K33: 12 | O33: 0.021226192 | T33: =IF(COUNTIFS('HD Dump'!$U$2:$U$538,C$7,'HD Dump'!$R$2:$R$538,">="&$B33-90,'HD Dump'!$R$2:$R$538,"<="&$B33)>0,AVERAGEIFS('HD Dump'!$M$2:$M$538,'HD Dump'!$U$2:$U$538,C$7,'HD Dump'!$R$2:$R$538,">="&$B33-90,'HD Dump'!$R$2:$R$538,"<="&$B33),T32) | U33: =IF(COUNTIFS('HD Dump'!$U$2:$U$538,D$7,'HD Dump'!$R$2:$R$538,">="&$B33-90,'HD Dump'!$R$2:$R$538,"<="&$B33)>0,AVERAGEIFS('HD Dump'!$M$2:$M$538,'HD Dump'!$U$2:$U$538,D$7,'HD Dump'!$R$2:$R$538,">="&$B33-90,'HD Dump'!$R$2:$R$538,"<="&$B33),U32) | V33: =IF(COUNTIFS('HD Dump'!$U$2:$U$538,E$7,'HD Dump'!$R$2:$R$538,">="&$B33-90,'HD Dump'!$R$2:$R$538,"<="&$B33)>0,AVERAGEIFS('HD Dump'!$M$2:$M$538,'HD Dump'!$U$2:$U$538,E$7,'HD Dump'!$R$2:$R$538,">="&$B33-90,'HD Dump'!$R$2:$R$538,"<="&$B33),V32) | W33: =IF(COUNTIFS('HD Dump'!$U$2:$U$538,F$7,'HD Dump'!$R$2:$R$538,">="&$B33-90,'HD Dump'!$R$2:$R$538,"<="&$B33)>0,AVERAGEIFS('HD Dump'!$M$2:$M$538,'HD Dump'!$U$2:$U$538,F$7,'HD Dump'!$R$2:$R$538,">="&$B33-90,'HD Dump'!$R$2:$R$538,"<="&$B33),W32) | X33: =IF(COUNTIFS('HD Dump'!$U$2:$U$538,G$7,'HD Dump'!$R$2:$R$538,">="&$B33-90,'HD Dump'!$R$2:$R$538,"<="&$B33)>0,AVERAGEIFS('HD Dump'!$M$2:$M$538,'HD Dump'!$U$2:$U$538,G$7,'HD Dump'!$R$2:$R$538,">="&$B33-90,'HD Dump'!$R$2:$R$538,"<="&$B33),X32) | Y33: =IF(COUNTIFS('HD Dump'!$U$2:$U$538,H$7,'HD Dump'!$R$2:$R$538,">="&$B33-90,'HD Dump'!$R$2:$R$538,"<="&$B33)>0,AVERAGEIFS('HD Dump'!$M$2:$M$538,'HD Dump'!$U$2:$U$538,H$7,'HD Dump'!$R$2:$R$538,">="&$B33-90,'HD Dump'!$R$2:$R$538,"<="&$B33),Y32) | Z33: =IF(COUNTIFS('HD Dump'!$U$2:$U$538,I$7,'HD Dump'!$R$2:$R$538,">="&$B33-90,'HD Dump'!$R$2:$R$538,"<="&$B33)>0,AVERAGEIFS('HD Dump'!$M$2:$M$538,'HD Dump'!$U$2:$U$538,I$7,'HD Dump'!$R$2:$R$538,">="&$B33-90,'HD Dump'!$R$2:$R$538,"<="&$B33),Z32) | AA33: =IF(COUNTIFS('HD Dump'!$U$2:$U$538,J$7,'HD Dump'!$R$2:$R$538,">="&$B33-90,'HD Dump'!$R$2:$R$538,"<="&$B33)>0,AVERAGEIFS('HD Dump'!$M$2:$M$538,'HD Dump'!$U$2:$U$538,J$7,'HD Dump'!$R$2:$R$538,">="&$B33-90,'HD Dump'!$R$2:$R$538,"<="&$B33),AA32) | AB33: =IF(COUNTIFS('HD Dump'!$U$2:$U$538,K$7,'HD Dump'!$R$2:$R$538,">="&$B33-90,'HD Dump'!$R$2:$R$538,"<="&$B33)>0,AVERAGEIFS('HD Dump'!$M$2:$M$538,'HD Dump'!$U$2:$U$538,K$7,'HD Dump'!$R$2:$R$538,">="&$B33-90,'HD Dump'!$R$2:$R$538,"<="&$B33),AB32) | AD33: =IF(COUNTIFS('HD Dump'!$U$2:$U$538,C$7,'HD Dump'!$R$2:$R$538,">="&$B33-90,'HD Dump'!$R$2:$R$538,"<="&$B33)>0,AVERAGEIFS('HD Dump'!$O$2:$O$538,'HD Dump'!$U$2:$U$538,C$7,'HD Dump'!$R$2:$R$538,">="&$B33-90,'HD Dump'!$R$2:$R$538,"<="&$B33),AD32) | AE33: =IF(COUNTIFS('HD Dump'!$U$2:$U$538,D$7,'HD Dump'!$R$2:$R$538,">="&$B33-90,'HD Dump'!$R$2:$R$538,"<="&$B33)>0,AVERAGEIFS('HD Dump'!$O$2:$O$538,'HD Dump'!$U$2:$U$538,D$7,'HD Dump'!$R$2:$R$538,">="&$B33-90,'HD Dump'!$R$2:$R$538,"<="&$B33),AE32) | AF33: =IF(COUNTIFS('HD Dump'!$U$2:$U$538,E$7,'HD Dump'!$R$2:$R$538,">="&$B33-90,'HD Dump'!$R$2:$R$538,"<="&$B33)>0,AVERAGEIFS('HD Dump'!$O$2:$O$538,'HD Dump'!$U$2:$U$538,E$7,'HD Dump'!$R$2:$R$538,">="&$B33-90,'HD Dump'!$R$2:$R$538,"<="&$B33),AF32) | AG33: =IF(COUNTIFS('HD Dump'!$U$2:$U$538,F$7,'HD Dump'!$R$2:$R$538,">="&$B33-90,'HD Dump'!$R$2:$R$538,"<="&$B33)>0,AVERAGEIFS('HD Dump'!$O$2:$O$538,'HD Dump'!$U$2:$U$538,F$7,'HD Dump'!$R$2:$R$538,">="&$B33-90,'HD Dump'!$R$2:$R$538,"<="&$B33),AG32) | AH33: =IF(COUNTIFS('HD Dump'!$U$2:$U$538,G$7,'HD Dump'!$R$2:$R$538,">="&$B33-90,'HD Dump'!$R$2:$R$538,"<="&$B33)>0,AVERAGEIFS('HD Dump'!$O$2:$O$538,'HD Dump'!$U$2:$U$538,G$7,'HD Dump'!$R$2:$R$538,">="&$B33-90,'HD Dump'!$R$2:$R$538,"<="&$B33),AH32) | AI33: =IF(COUNTIFS('HD Dump'!$U$2:$U$538,H$7,'HD Dump'!$R$2:$R$538,">="&$B33-90,'HD Dump'!$R$2:$R$538,"<="&$B33)>0,AVERAGEIFS('HD Dump'!$O$2:$O$538,'HD Dump'!$U$2:$U$538,H$7,'HD Dump'!$R$2:$R$538,">="&$B33-90,'HD Dump'!$R$2:$R$538,"<="&$B33),AI32) | AJ33: =IF(COUNTIFS('HD Dump'!$U$2:$U$538,I$7,'HD Dump'!$R$2:$R$538,">="&$B33-90,'HD Dump'!$R$2:$R$538,"<="&$B33)>0,AVERAGEIFS('HD Dump'!$O$2:$O$538,'HD Dump'!$U$2:$U$538,I$7,'HD Dump'!$R$2:$R$538,">="&$B33-90,'HD Dump'!$R$2:$R$538,"<="&$B33),AJ32) | AK33: =IF(COUNTIFS('HD Dump'!$U$2:$U$538,J$7,'HD Dump'!$R$2:$R$538,">="&$B33-90,'HD Dump'!$R$2:$R$538,"<="&$B33)>0,AVERAGEIFS('HD Dump'!$O$2:$O$538,'HD Dump'!$U$2:$U$538,J$7,'HD Dump'!$R$2:$R$538,">="&$B33-90,'HD Dump'!$R$2:$R$538,"<="&$B33),AK32) | AL33: =IF(COUNTIFS('HD Dump'!$U$2:$U$538,K$7,'HD Dump'!$R$2:$R$538,">="&$B33-90,'HD Dump'!$R$2:$R$538,"<="&$B33)>0,AVERAGEIFS('HD Dump'!$O$2:$O$538,'HD Dump'!$U$2:$U$538,K$7,'HD Dump'!$R$2:$R$538,">="&$B33-90,'HD Dump'!$R$2:$R$538,"<="&$B33),AL32)
B34: 46203 | C34: Actual | D34: =SUMPRODUCT(T34:AB34,$C$8:$K$8)/SUM($C$8:$K$8) | E34: =SUMPRODUCT(AD34:AL34,$C$8:$K$8)/SUM($C$8:$K$8) | F34: =IFERROR((INDEX('T12 Dump'!$D$9:$O$9,MATCH(EOMONTH($B34,-1)+1,'T12 Dump'!$D$3:$O$3,0))-ABS(INDEX('T12 Dump'!$D$11:$O$11,MATCH(EOMONTH($B34,-1)+1,'T12 Dump'!$D$3:$O$3,0))))/($F34*360),"") | G34: =IFERROR(1-ABS(INDEX('T12 Dump'!$D$11:$O$11,MATCH(EOMONTH($B34,-1)+1,'T12 Dump'!$D$3:$O$3,0)))/INDEX('T12 Dump'!$D$7:$O$7,MATCH(EOMONTH($B34,-1)+1,'T12 Dump'!$D$3:$O$3,0)),"") | H34: =IFERROR($F34/$D34-1,"") | I34: 16 | J34: 13 | K34: 17 | O34: 0.016657864 | T34: =IF(COUNTIFS('HD Dump'!$U$2:$U$538,C$7,'HD Dump'!$R$2:$R$538,">="&$B34-90,'HD Dump'!$R$2:$R$538,"<="&$B34)>0,AVERAGEIFS('HD Dump'!$M$2:$M$538,'HD Dump'!$U$2:$U$538,C$7,'HD Dump'!$R$2:$R$538,">="&$B34-90,'HD Dump'!$R$2:$R$538,"<="&$B34),T33) | U34: =IF(COUNTIFS('HD Dump'!$U$2:$U$538,D$7,'HD Dump'!$R$2:$R$538,">="&$B34-90,'HD Dump'!$R$2:$R$538,"<="&$B34)>0,AVERAGEIFS('HD Dump'!$M$2:$M$538,'HD Dump'!$U$2:$U$538,D$7,'HD Dump'!$R$2:$R$538,">="&$B34-90,'HD Dump'!$R$2:$R$538,"<="&$B34),U33) | V34: =IF(COUNTIFS('HD Dump'!$U$2:$U$538,E$7,'HD Dump'!$R$2:$R$538,">="&$B34-90,'HD Dump'!$R$2:$R$538,"<="&$B34)>0,AVERAGEIFS('HD Dump'!$M$2:$M$538,'HD Dump'!$U$2:$U$538,E$7,'HD Dump'!$R$2:$R$538,">="&$B34-90,'HD Dump'!$R$2:$R$538,"<="&$B34),V33) | W34: =IF(COUNTIFS('HD Dump'!$U$2:$U$538,F$7,'HD Dump'!$R$2:$R$538,">="&$B34-90,'HD Dump'!$R$2:$R$538,"<="&$B34)>0,AVERAGEIFS('HD Dump'!$M$2:$M$538,'HD Dump'!$U$2:$U$538,F$7,'HD Dump'!$R$2:$R$538,">="&$B34-90,'HD Dump'!$R$2:$R$538,"<="&$B34),W33) | X34: =IF(COUNTIFS('HD Dump'!$U$2:$U$538,G$7,'HD Dump'!$R$2:$R$538,">="&$B34-90,'HD Dump'!$R$2:$R$538,"<="&$B34)>0,AVERAGEIFS('HD Dump'!$M$2:$M$538,'HD Dump'!$U$2:$U$538,G$7,'HD Dump'!$R$2:$R$538,">="&$B34-90,'HD Dump'!$R$2:$R$538,"<="&$B34),X33) | Y34: =IF(COUNTIFS('HD Dump'!$U$2:$U$538,H$7,'HD Dump'!$R$2:$R$538,">="&$B34-90,'HD Dump'!$R$2:$R$538,"<="&$B34)>0,AVERAGEIFS('HD Dump'!$M$2:$M$538,'HD Dump'!$U$2:$U$538,H$7,'HD Dump'!$R$2:$R$538,">="&$B34-90,'HD Dump'!$R$2:$R$538,"<="&$B34),Y33) | Z34: =IF(COUNTIFS('HD Dump'!$U$2:$U$538,I$7,'HD Dump'!$R$2:$R$538,">="&$B34-90,'HD Dump'!$R$2:$R$538,"<="&$B34)>0,AVERAGEIFS('HD Dump'!$M$2:$M$538,'HD Dump'!$U$2:$U$538,I$7,'HD Dump'!$R$2:$R$538,">="&$B34-90,'HD Dump'!$R$2:$R$538,"<="&$B34),Z33) | AA34: =IF(COUNTIFS('HD Dump'!$U$2:$U$538,J$7,'HD Dump'!$R$2:$R$538,">="&$B34-90,'HD Dump'!$R$2:$R$538,"<="&$B34)>0,AVERAGEIFS('HD Dump'!$M$2:$M$538,'HD Dump'!$U$2:$U$538,J$7,'HD Dump'!$R$2:$R$538,">="&$B34-90,'HD Dump'!$R$2:$R$538,"<="&$B34),AA33) | AB34: =IF(COUNTIFS('HD Dump'!$U$2:$U$538,K$7,'HD Dump'!$R$2:$R$538,">="&$B34-90,'HD Dump'!$R$2:$R$538,"<="&$B34)>0,AVERAGEIFS('HD Dump'!$M$2:$M$538,'HD Dump'!$U$2:$U$538,K$7,'HD Dump'!$R$2:$R$538,">="&$B34-90,'HD Dump'!$R$2:$R$538,"<="&$B34),AB33) | AD34: =IF(COUNTIFS('HD Dump'!$U$2:$U$538,C$7,'HD Dump'!$R$2:$R$538,">="&$B34-90,'HD Dump'!$R$2:$R$538,"<="&$B34)>0,AVERAGEIFS('HD Dump'!$O$2:$O$538,'HD Dump'!$U$2:$U$538,C$7,'HD Dump'!$R$2:$R$538,">="&$B34-90,'HD Dump'!$R$2:$R$538,"<="&$B34),AD33) | AE34: =IF(COUNTIFS('HD Dump'!$U$2:$U$538,D$7,'HD Dump'!$R$2:$R$538,">="&$B34-90,'HD Dump'!$R$2:$R$538,"<="&$B34)>0,AVERAGEIFS('HD Dump'!$O$2:$O$538,'HD Dump'!$U$2:$U$538,D$7,'HD Dump'!$R$2:$R$538,">="&$B34-90,'HD Dump'!$R$2:$R$538,"<="&$B34),AE33) | AF34: =IF(COUNTIFS('HD Dump'!$U$2:$U$538,E$7,'HD Dump'!$R$2:$R$538,">="&$B34-90,'HD Dump'!$R$2:$R$538,"<="&$B34)>0,AVERAGEIFS('HD Dump'!$O$2:$O$538,'HD Dump'!$U$2:$U$538,E$7,'HD Dump'!$R$2:$R$538,">="&$B34-90,'HD Dump'!$R$2:$R$538,"<="&$B34),AF33) | AG34: =IF(COUNTIFS('HD Dump'!$U$2:$U$538,F$7,'HD Dump'!$R$2:$R$538,">="&$B34-90,'HD Dump'!$R$2:$R$538,"<="&$B34)>0,AVERAGEIFS('HD Dump'!$O$2:$O$538,'HD Dump'!$U$2:$U$538,F$7,'HD Dump'!$R$2:$R$538,">="&$B34-90,'HD Dump'!$R$2:$R$538,"<="&$B34),AG33) | AH34: =IF(COUNTIFS('HD Dump'!$U$2:$U$538,G$7,'HD Dump'!$R$2:$R$538,">="&$B34-90,'HD Dump'!$R$2:$R$538,"<="&$B34)>0,AVERAGEIFS('HD Dump'!$O$2:$O$538,'HD Dump'!$U$2:$U$538,G$7,'HD Dump'!$R$2:$R$538,">="&$B34-90,'HD Dump'!$R$2:$R$538,"<="&$B34),AH33) | AI34: =IF(COUNTIFS('HD Dump'!$U$2:$U$538,H$7,'HD Dump'!$R$2:$R$538,">="&$B34-90,'HD Dump'!$R$2:$R$538,"<="&$B34)>0,AVERAGEIFS('HD Dump'!$O$2:$O$538,'HD Dump'!$U$2:$U$538,H$7,'HD Dump'!$R$2:$R$538,">="&$B34-90,'HD Dump'!$R$2:$R$538,"<="&$B34),AI33) | AJ34: =IF(COUNTIFS('HD Dump'!$U$2:$U$538,I$7,'HD Dump'!$R$2:$R$538,">="&$B34-90,'HD Dump'!$R$2:$R$538,"<="&$B34)>0,AVERAGEIFS('HD Dump'!$O$2:$O$538,'HD Dump'!$U$2:$U$538,I$7,'HD Dump'!$R$2:$R$538,">="&$B34-90,'HD Dump'!$R$2:$R$538,"<="&$B34),AJ33) | AK34: =IF(COUNTIFS('HD Dump'!$U$2:$U$538,J$7,'HD Dump'!$R$2:$R$538,">="&$B34-90,'HD Dump'!$R$2:$R$538,"<="&$B34)>0,AVERAGEIFS('HD Dump'!$O$2:$O$538,'HD Dump'!$U$2:$U$538,J$7,'HD Dump'!$R$2:$R$538,">="&$B34-90,'HD Dump'!$R$2:$R$538,"<="&$B34),AK33) | AL34: =IF(COUNTIFS('HD Dump'!$U$2:$U$538,K$7,'HD Dump'!$R$2:$R$538,">="&$B34-90,'HD Dump'!$R$2:$R$538,"<="&$B34)>0,AVERAGEIFS('HD Dump'!$O$2:$O$538,'HD Dump'!$U$2:$U$538,K$7,'HD Dump'!$R$2:$R$538,">="&$B34-90,'HD Dump'!$R$2:$R$538,"<="&$B34),AL33)
B35: 46234 | C35: Actual | D35: =SUMPRODUCT(T35:AB35,$C$8:$K$8)/SUM($C$8:$K$8) | E35: =SUMPRODUCT(AD35:AL35,$C$8:$K$8)/SUM($C$8:$K$8) | F35: =IFERROR((INDEX('T12 Dump'!$D$9:$O$9,MATCH(EOMONTH($B35,-1)+1,'T12 Dump'!$D$3:$O$3,0))-ABS(INDEX('T12 Dump'!$D$11:$O$11,MATCH(EOMONTH($B35,-1)+1,'T12 Dump'!$D$3:$O$3,0))))/($F35*360),"") | G35: =IFERROR(1-ABS(INDEX('T12 Dump'!$D$11:$O$11,MATCH(EOMONTH($B35,-1)+1,'T12 Dump'!$D$3:$O$3,0)))/INDEX('T12 Dump'!$D$7:$O$7,MATCH(EOMONTH($B35,-1)+1,'T12 Dump'!$D$3:$O$3,0)),"") | H35: =IFERROR($F35/$D35-1,"") | I35: 31 | J35: 12 | K35: 27 | O35: 0.021306135 | T35: =IF(COUNTIFS('HD Dump'!$U$2:$U$538,C$7,'HD Dump'!$R$2:$R$538,">="&$B35-90,'HD Dump'!$R$2:$R$538,"<="&$B35)>0,AVERAGEIFS('HD Dump'!$M$2:$M$538,'HD Dump'!$U$2:$U$538,C$7,'HD Dump'!$R$2:$R$538,">="&$B35-90,'HD Dump'!$R$2:$R$538,"<="&$B35),T34) | U35: =IF(COUNTIFS('HD Dump'!$U$2:$U$538,D$7,'HD Dump'!$R$2:$R$538,">="&$B35-90,'HD Dump'!$R$2:$R$538,"<="&$B35)>0,AVERAGEIFS('HD Dump'!$M$2:$M$538,'HD Dump'!$U$2:$U$538,D$7,'HD Dump'!$R$2:$R$538,">="&$B35-90,'HD Dump'!$R$2:$R$538,"<="&$B35),U34) | V35: =IF(COUNTIFS('HD Dump'!$U$2:$U$538,E$7,'HD Dump'!$R$2:$R$538,">="&$B35-90,'HD Dump'!$R$2:$R$538,"<="&$B35)>0,AVERAGEIFS('HD Dump'!$M$2:$M$538,'HD Dump'!$U$2:$U$538,E$7,'HD Dump'!$R$2:$R$538,">="&$B35-90,'HD Dump'!$R$2:$R$538,"<="&$B35),V34) | W35: =IF(COUNTIFS('HD Dump'!$U$2:$U$538,F$7,'HD Dump'!$R$2:$R$538,">="&$B35-90,'HD Dump'!$R$2:$R$538,"<="&$B35)>0,AVERAGEIFS('HD Dump'!$M$2:$M$538,'HD Dump'!$U$2:$U$538,F$7,'HD Dump'!$R$2:$R$538,">="&$B35-90,'HD Dump'!$R$2:$R$538,"<="&$B35),W34) | X35: =IF(COUNTIFS('HD Dump'!$U$2:$U$538,G$7,'HD Dump'!$R$2:$R$538,">="&$B35-90,'HD Dump'!$R$2:$R$538,"<="&$B35)>0,AVERAGEIFS('HD Dump'!$M$2:$M$538,'HD Dump'!$U$2:$U$538,G$7,'HD Dump'!$R$2:$R$538,">="&$B35-90,'HD Dump'!$R$2:$R$538,"<="&$B35),X34) | Y35: =IF(COUNTIFS('HD Dump'!$U$2:$U$538,H$7,'HD Dump'!$R$2:$R$538,">="&$B35-90,'HD Dump'!$R$2:$R$538,"<="&$B35)>0,AVERAGEIFS('HD Dump'!$M$2:$M$538,'HD Dump'!$U$2:$U$538,H$7,'HD Dump'!$R$2:$R$538,">="&$B35-90,'HD Dump'!$R$2:$R$538,"<="&$B35),Y34) | Z35: =IF(COUNTIFS('HD Dump'!$U$2:$U$538,I$7,'HD Dump'!$R$2:$R$538,">="&$B35-90,'HD Dump'!$R$2:$R$538,"<="&$B35)>0,AVERAGEIFS('HD Dump'!$M$2:$M$538,'HD Dump'!$U$2:$U$538,I$7,'HD Dump'!$R$2:$R$538,">="&$B35-90,'HD Dump'!$R$2:$R$538,"<="&$B35),Z34) | AA35: =IF(COUNTIFS('HD Dump'!$U$2:$U$538,J$7,'HD Dump'!$R$2:$R$538,">="&$B35-90,'HD Dump'!$R$2:$R$538,"<="&$B35)>0,AVERAGEIFS('HD Dump'!$M$2:$M$538,'HD Dump'!$U$2:$U$538,J$7,'HD Dump'!$R$2:$R$538,">="&$B35-90,'HD Dump'!$R$2:$R$538,"<="&$B35),AA34) | AB35: =IF(COUNTIFS('HD Dump'!$U$2:$U$538,K$7,'HD Dump'!$R$2:$R$538,">="&$B35-90,'HD Dump'!$R$2:$R$538,"<="&$B35)>0,AVERAGEIFS('HD Dump'!$M$2:$M$538,'HD Dump'!$U$2:$U$538,K$7,'HD Dump'!$R$2:$R$538,">="&$B35-90,'HD Dump'!$R$2:$R$538,"<="&$B35),AB34) | AD35: =IF(COUNTIFS('HD Dump'!$U$2:$U$538,C$7,'HD Dump'!$R$2:$R$538,">="&$B35-90,'HD Dump'!$R$2:$R$538,"<="&$B35)>0,AVERAGEIFS('HD Dump'!$O$2:$O$538,'HD Dump'!$U$2:$U$538,C$7,'HD Dump'!$R$2:$R$538,">="&$B35-90,'HD Dump'!$R$2:$R$538,"<="&$B35),AD34) | AE35: =IF(COUNTIFS('HD Dump'!$U$2:$U$538,D$7,'HD Dump'!$R$2:$R$538,">="&$B35-90,'HD Dump'!$R$2:$R$538,"<="&$B35)>0,AVERAGEIFS('HD Dump'!$O$2:$O$538,'HD Dump'!$U$2:$U$538,D$7,'HD Dump'!$R$2:$R$538,">="&$B35-90,'HD Dump'!$R$2:$R$538,"<="&$B35),AE34) | AF35: =IF(COUNTIFS('HD Dump'!$U$2:$U$538,E$7,'HD Dump'!$R$2:$R$538,">="&$B35-90,'HD Dump'!$R$2:$R$538,"<="&$B35)>0,AVERAGEIFS('HD Dump'!$O$2:$O$538,'HD Dump'!$U$2:$U$538,E$7,'HD Dump'!$R$2:$R$538,">="&$B35-90,'HD Dump'!$R$2:$R$538,"<="&$B35),AF34) | AG35: =IF(COUNTIFS('HD Dump'!$U$2:$U$538,F$7,'HD Dump'!$R$2:$R$538,">="&$B35-90,'HD Dump'!$R$2:$R$538,"<="&$B35)>0,AVERAGEIFS('HD Dump'!$O$2:$O$538,'HD Dump'!$U$2:$U$538,F$7,'HD Dump'!$R$2:$R$538,">="&$B35-90,'HD Dump'!$R$2:$R$538,"<="&$B35),AG34) | AH35: =IF(COUNTIFS('HD Dump'!$U$2:$U$538,G$7,'HD Dump'!$R$2:$R$538,">="&$B35-90,'HD Dump'!$R$2:$R$538,"<="&$B35)>0,AVERAGEIFS('HD Dump'!$O$2:$O$538,'HD Dump'!$U$2:$U$538,G$7,'HD Dump'!$R$2:$R$538,">="&$B35-90,'HD Dump'!$R$2:$R$538,"<="&$B35),AH34) | AI35: =IF(COUNTIFS('HD Dump'!$U$2:$U$538,H$7,'HD Dump'!$R$2:$R$538,">="&$B35-90,'HD Dump'!$R$2:$R$538,"<="&$B35)>0,AVERAGEIFS('HD Dump'!$O$2:$O$538,'HD Dump'!$U$2:$U$538,H$7,'HD Dump'!$R$2:$R$538,">="&$B35-90,'HD Dump'!$R$2:$R$538,"<="&$B35),AI34) | AJ35: =IF(COUNTIFS('HD Dump'!$U$2:$U$538,I$7,'HD Dump'!$R$2:$R$538,">="&$B35-90,'HD Dump'!$R$2:$R$538,"<="&$B35)>0,AVERAGEIFS('HD Dump'!$O$2:$O$538,'HD Dump'!$U$2:$U$538,I$7,'HD Dump'!$R$2:$R$538,">="&$B35-90,'HD Dump'!$R$2:$R$538,"<="&$B35),AJ34) | AK35: =IF(COUNTIFS('HD Dump'!$U$2:$U$538,J$7,'HD Dump'!$R$2:$R$538,">="&$B35-90,'HD Dump'!$R$2:$R$538,"<="&$B35)>0,AVERAGEIFS('HD Dump'!$O$2:$O$538,'HD Dump'!$U$2:$U$538,J$7,'HD Dump'!$R$2:$R$538,">="&$B35-90,'HD Dump'!$R$2:$R$538,"<="&$B35),AK34) | AL35: =IF(COUNTIFS('HD Dump'!$U$2:$U$538,K$7,'HD Dump'!$R$2:$R$538,">="&$B35-90,'HD Dump'!$R$2:$R$538,"<="&$B35)>0,AVERAGEIFS('HD Dump'!$O$2:$O$538,'HD Dump'!$U$2:$U$538,K$7,'HD Dump'!$R$2:$R$538,">="&$B35-90,'HD Dump'!$R$2:$R$538,"<="&$B35),AL34)
B36: 46265 | C36: Actual | D36: =SUMPRODUCT(T36:AB36,$C$8:$K$8)/SUM($C$8:$K$8) | E36: =SUMPRODUCT(AD36:AL36,$C$8:$K$8)/SUM($C$8:$K$8) | F36: =IFERROR((INDEX('T12 Dump'!$D$9:$O$9,MATCH(EOMONTH($B36,-1)+1,'T12 Dump'!$D$3:$O$3,0))-ABS(INDEX('T12 Dump'!$D$11:$O$11,MATCH(EOMONTH($B36,-1)+1,'T12 Dump'!$D$3:$O$3,0))))/($F36*360),"") | G36: =IFERROR(1-ABS(INDEX('T12 Dump'!$D$11:$O$11,MATCH(EOMONTH($B36,-1)+1,'T12 Dump'!$D$3:$O$3,0)))/INDEX('T12 Dump'!$D$7:$O$7,MATCH(EOMONTH($B36,-1)+1,'T12 Dump'!$D$3:$O$3,0)),"") | H36: =IFERROR($F36/$D36-1,"") | I36: 17 | J36: 9 | K36: 14 | O36: 0.033884359 | T36: =IF(COUNTIFS('HD Dump'!$U$2:$U$538,C$7,'HD Dump'!$R$2:$R$538,">="&$B36-90,'HD Dump'!$R$2:$R$538,"<="&$B36)>0,AVERAGEIFS('HD Dump'!$M$2:$M$538,'HD Dump'!$U$2:$U$538,C$7,'HD Dump'!$R$2:$R$538,">="&$B36-90,'HD Dump'!$R$2:$R$538,"<="&$B36),T35) | U36: =IF(COUNTIFS('HD Dump'!$U$2:$U$538,D$7,'HD Dump'!$R$2:$R$538,">="&$B36-90,'HD Dump'!$R$2:$R$538,"<="&$B36)>0,AVERAGEIFS('HD Dump'!$M$2:$M$538,'HD Dump'!$U$2:$U$538,D$7,'HD Dump'!$R$2:$R$538,">="&$B36-90,'HD Dump'!$R$2:$R$538,"<="&$B36),U35) | V36: =IF(COUNTIFS('HD Dump'!$U$2:$U$538,E$7,'HD Dump'!$R$2:$R$538,">="&$B36-90,'HD Dump'!$R$2:$R$538,"<="&$B36)>0,AVERAGEIFS('HD Dump'!$M$2:$M$538,'HD Dump'!$U$2:$U$538,E$7,'HD Dump'!$R$2:$R$538,">="&$B36-90,'HD Dump'!$R$2:$R$538,"<="&$B36),V35) | W36: =IF(COUNTIFS('HD Dump'!$U$2:$U$538,F$7,'HD Dump'!$R$2:$R$538,">="&$B36-90,'HD Dump'!$R$2:$R$538,"<="&$B36)>0,AVERAGEIFS('HD Dump'!$M$2:$M$538,'HD Dump'!$U$2:$U$538,F$7,'HD Dump'!$R$2:$R$538,">="&$B36-90,'HD Dump'!$R$2:$R$538,"<="&$B36),W35) | X36: =IF(COUNTIFS('HD Dump'!$U$2:$U$538,G$7,'HD Dump'!$R$2:$R$538,">="&$B36-90,'HD Dump'!$R$2:$R$538,"<="&$B36)>0,AVERAGEIFS('HD Dump'!$M$2:$M$538,'HD Dump'!$U$2:$U$538,G$7,'HD Dump'!$R$2:$R$538,">="&$B36-90,'HD Dump'!$R$2:$R$538,"<="&$B36),X35) | Y36: =IF(COUNTIFS('HD Dump'!$U$2:$U$538,H$7,'HD Dump'!$R$2:$R$538,">="&$B36-90,'HD Dump'!$R$2:$R$538,"<="&$B36)>0,AVERAGEIFS('HD Dump'!$M$2:$M$538,'HD Dump'!$U$2:$U$538,H$7,'HD Dump'!$R$2:$R$538,">="&$B36-90,'HD Dump'!$R$2:$R$538,"<="&$B36),Y35) | Z36: =IF(COUNTIFS('HD Dump'!$U$2:$U$538,I$7,'HD Dump'!$R$2:$R$538,">="&$B36-90,'HD Dump'!$R$2:$R$538,"<="&$B36)>0,AVERAGEIFS('HD Dump'!$M$2:$M$538,'HD Dump'!$U$2:$U$538,I$7,'HD Dump'!$R$2:$R$538,">="&$B36-90,'HD Dump'!$R$2:$R$538,"<="&$B36),Z35) | AA36: =IF(COUNTIFS('HD Dump'!$U$2:$U$538,J$7,'HD Dump'!$R$2:$R$538,">="&$B36-90,'HD Dump'!$R$2:$R$538,"<="&$B36)>0,AVERAGEIFS('HD Dump'!$M$2:$M$538,'HD Dump'!$U$2:$U$538,J$7,'HD Dump'!$R$2:$R$538,">="&$B36-90,'HD Dump'!$R$2:$R$538,"<="&$B36),AA35) | AB36: =IF(COUNTIFS('HD Dump'!$U$2:$U$538,K$7,'HD Dump'!$R$2:$R$538,">="&$B36-90,'HD Dump'!$R$2:$R$538,"<="&$B36)>0,AVERAGEIFS('HD Dump'!$M$2:$M$538,'HD Dump'!$U$2:$U$538,K$7,'HD Dump'!$R$2:$R$538,">="&$B36-90,'HD Dump'!$R$2:$R$538,"<="&$B36),AB35) | AD36: =IF(COUNTIFS('HD Dump'!$U$2:$U$538,C$7,'HD Dump'!$R$2:$R$538,">="&$B36-90,'HD Dump'!$R$2:$R$538,"<="&$B36)>0,AVERAGEIFS('HD Dump'!$O$2:$O$538,'HD Dump'!$U$2:$U$538,C$7,'HD Dump'!$R$2:$R$538,">="&$B36-90,'HD Dump'!$R$2:$R$538,"<="&$B36),AD35) | AE36: =IF(COUNTIFS('HD Dump'!$U$2:$U$538,D$7,'HD Dump'!$R$2:$R$538,">="&$B36-90,'HD Dump'!$R$2:$R$538,"<="&$B36)>0,AVERAGEIFS('HD Dump'!$O$2:$O$538,'HD Dump'!$U$2:$U$538,D$7,'HD Dump'!$R$2:$R$538,">="&$B36-90,'HD Dump'!$R$2:$R$538,"<="&$B36),AE35) | AF36: =IF(COUNTIFS('HD Dump'!$U$2:$U$538,E$7,'HD Dump'!$R$2:$R$538,">="&$B36-90,'HD Dump'!$R$2:$R$538,"<="&$B36)>0,AVERAGEIFS('HD Dump'!$O$2:$O$538,'HD Dump'!$U$2:$U$538,E$7,'HD Dump'!$R$2:$R$538,">="&$B36-90,'HD Dump'!$R$2:$R$538,"<="&$B36),AF35) | AG36: =IF(COUNTIFS('HD Dump'!$U$2:$U$538,F$7,'HD Dump'!$R$2:$R$538,">="&$B36-90,'HD Dump'!$R$2:$R$538,"<="&$B36)>0,AVERAGEIFS('HD Dump'!$O$2:$O$538,'HD Dump'!$U$2:$U$538,F$7,'HD Dump'!$R$2:$R$538,">="&$B36-90,'HD Dump'!$R$2:$R$538,"<="&$B36),AG35) | AH36: =IF(COUNTIFS('HD Dump'!$U$2:$U$538,G$7,'HD Dump'!$R$2:$R$538,">="&$B36-90,'HD Dump'!$R$2:$R$538,"<="&$B36)>0,AVERAGEIFS('HD Dump'!$O$2:$O$538,'HD Dump'!$U$2:$U$538,G$7,'HD Dump'!$R$2:$R$538,">="&$B36-90,'HD Dump'!$R$2:$R$538,"<="&$B36),AH35) | AI36: =IF(COUNTIFS('HD Dump'!$U$2:$U$538,H$7,'HD Dump'!$R$2:$R$538,">="&$B36-90,'HD Dump'!$R$2:$R$538,"<="&$B36)>0,AVERAGEIFS('HD Dump'!$O$2:$O$538,'HD Dump'!$U$2:$U$538,H$7,'HD Dump'!$R$2:$R$538,">="&$B36-90,'HD Dump'!$R$2:$R$538,"<="&$B36),AI35) | AJ36: =IF(COUNTIFS('HD Dump'!$U$2:$U$538,I$7,'HD Dump'!$R$2:$R$538,">="&$B36-90,'HD Dump'!$R$2:$R$538,"<="&$B36)>0,AVERAGEIFS('HD Dump'!$O$2:$O$538,'HD Dump'!$U$2:$U$538,I$7,'HD Dump'!$R$2:$R$538,">="&$B36-90,'HD Dump'!$R$2:$R$538,"<="&$B36),AJ35) | AK36: =IF(COUNTIFS('HD Dump'!$U$2:$U$538,J$7,'HD Dump'!$R$2:$R$538,">="&$B36-90,'HD Dump'!$R$2:$R$538,"<="&$B36)>0,AVERAGEIFS('HD Dump'!$O$2:$O$538,'HD Dump'!$U$2:$U$538,J$7,'HD Dump'!$R$2:$R$538,">="&$B36-90,'HD Dump'!$R$2:$R$538,"<="&$B36),AK35) | AL36: =IF(COUNTIFS('HD Dump'!$U$2:$U$538,K$7,'HD Dump'!$R$2:$R$538,">="&$B36-90,'HD Dump'!$R$2:$R$538,"<="&$B36)>0,AVERAGEIFS('HD Dump'!$O$2:$O$538,'HD Dump'!$U$2:$U$538,K$7,'HD Dump'!$R$2:$R$538,">="&$B36-90,'HD Dump'!$R$2:$R$538,"<="&$B36),AL35)
B37: 46295 | C37: Projected | D37: =IFERROR(INDEX(RRA!$E$48:$EX$48,MATCH($B37,RRA!$E$33:$EX$33,0))/360,"") | F37: =IFERROR((INDEX(RRA!$E$49:$EX$49,MATCH($B37,RRA!$E$33:$EX$33,0))/360*360-(1-$F37)*360*$D37)/($F37*360),"") | G37: =IFERROR('Cash Flow (Annual)'!$K$14,"") | H37: =IFERROR($F37/$D37-1,"") | I37: =SUMPRODUCT((TEXT('RR Dump'!$L$2:$L$361,"yyyy-mm")=TEXT($B37,"yyyy-mm"))*((RRA!$A$109:$A$468=1)*RRA!$D$15+(RRA!$A$109:$A$468=2)*RRA!$D$16+(RRA!$A$109:$A$468=3)*RRA!$D$17+(RRA!$A$109:$A$468=4)*RRA!$D$18))+SUMPRODUCT((TEXT(EDATE(N('RR Dump'!$L$2:$L$361),RRA!$D$4),"yyyy-mm")=TEXT($B37,"yyyy-mm"))*((RRA!$A$109:$A$468=1)*RRA!$D$15+(RRA!$A$109:$A$468=2)*RRA!$D$16+(RRA!$A$109:$A$468=3)*RRA!$D$17+(RRA!$A$109:$A$468=4)*RRA!$D$18)) | J37: =IFERROR($L37-$J37,"") | K37: =IFERROR($K37,"") | L37: =SUMPRODUCT((TEXT('RR Dump'!$L$2:$L$361,"yyyy-mm")=TEXT($B37,"yyyy-mm"))*1)+SUMPRODUCT((TEXT(EDATE(N('RR Dump'!$L$2:$L$361),RRA!$D$4),"yyyy-mm")=TEXT($B37,"yyyy-mm"))*1) | M37: =IFERROR(SUMPRODUCT((TEXT('RR Dump'!$L$2:$L$361,"yyyy-mm")=TEXT($B37,"yyyy-mm"))*N('RR Dump'!$I$2:$I$361))/SUMPRODUCT((TEXT('RR Dump'!$L$2:$L$361,"yyyy-mm")=TEXT($B37,"yyyy-mm"))*1),"") | N37: =IFERROR(MAX($M37+AN37*($D37-$M37),$M37*(1+AO37)),"") | O37: =IFERROR($N37/$M37-1,"") | P37: =IFERROR($D37,"") | T37: =IF(COUNTIFS('HD Dump'!$U$2:$U$538,C$7,'HD Dump'!$R$2:$R$538,">="&$B37-90,'HD Dump'!$R$2:$R$538,"<="&$B37)>0,AVERAGEIFS('HD Dump'!$M$2:$M$538,'HD Dump'!$U$2:$U$538,C$7,'HD Dump'!$R$2:$R$538,">="&$B37-90,'HD Dump'!$R$2:$R$538,"<="&$B37),T36) | U37: =IF(COUNTIFS('HD Dump'!$U$2:$U$538,D$7,'HD Dump'!$R$2:$R$538,">="&$B37-90,'HD Dump'!$R$2:$R$538,"<="&$B37)>0,AVERAGEIFS('HD Dump'!$M$2:$M$538,'HD Dump'!$U$2:$U$538,D$7,'HD Dump'!$R$2:$R$538,">="&$B37-90,'HD Dump'!$R$2:$R$538,"<="&$B37),U36) | V37: =IF(COUNTIFS('HD Dump'!$U$2:$U$538,E$7,'HD Dump'!$R$2:$R$538,">="&$B37-90,'HD Dump'!$R$2:$R$538,"<="&$B37)>0,AVERAGEIFS('HD Dump'!$M$2:$M$538,'HD Dump'!$U$2:$U$538,E$7,'HD Dump'!$R$2:$R$538,">="&$B37-90,'HD Dump'!$R$2:$R$538,"<="&$B37),V36) | W37: =IF(COUNTIFS('HD Dump'!$U$2:$U$538,F$7,'HD Dump'!$R$2:$R$538,">="&$B37-90,'HD Dump'!$R$2:$R$538,"<="&$B37)>0,AVERAGEIFS('HD Dump'!$M$2:$M$538,'HD Dump'!$U$2:$U$538,F$7,'HD Dump'!$R$2:$R$538,">="&$B37-90,'HD Dump'!$R$2:$R$538,"<="&$B37),W36) | X37: =IF(COUNTIFS('HD Dump'!$U$2:$U$538,G$7,'HD Dump'!$R$2:$R$538,">="&$B37-90,'HD Dump'!$R$2:$R$538,"<="&$B37)>0,AVERAGEIFS('HD Dump'!$M$2:$M$538,'HD Dump'!$U$2:$U$538,G$7,'HD Dump'!$R$2:$R$538,">="&$B37-90,'HD Dump'!$R$2:$R$538,"<="&$B37),X36) | Y37: =IF(COUNTIFS('HD Dump'!$U$2:$U$538,H$7,'HD Dump'!$R$2:$R$538,">="&$B37-90,'HD Dump'!$R$2:$R$538,"<="&$B37)>0,AVERAGEIFS('HD Dump'!$M$2:$M$538,'HD Dump'!$U$2:$U$538,H$7,'HD Dump'!$R$2:$R$538,">="&$B37-90,'HD Dump'!$R$2:$R$538,"<="&$B37),Y36) | Z37: =IF(COUNTIFS('HD Dump'!$U$2:$U$538,I$7,'HD Dump'!$R$2:$R$538,">="&$B37-90,'HD Dump'!$R$2:$R$538,"<="&$B37)>0,AVERAGEIFS('HD Dump'!$M$2:$M$538,'HD Dump'!$U$2:$U$538,I$7,'HD Dump'!$R$2:$R$538,">="&$B37-90,'HD Dump'!$R$2:$R$538,"<="&$B37),Z36) | AA37: =IF(COUNTIFS('HD Dump'!$U$2:$U$538,J$7,'HD Dump'!$R$2:$R$538,">="&$B37-90,'HD Dump'!$R$2:$R$538,"<="&$B37)>0,AVERAGEIFS('HD Dump'!$M$2:$M$538,'HD Dump'!$U$2:$U$538,J$7,'HD Dump'!$R$2:$R$538,">="&$B37-90,'HD Dump'!$R$2:$R$538,"<="&$B37),AA36) | AB37: =IF(COUNTIFS('HD Dump'!$U$2:$U$538,K$7,'HD Dump'!$R$2:$R$538,">="&$B37-90,'HD Dump'!$R$2:$R$538,"<="&$B37)>0,AVERAGEIFS('HD Dump'!$M$2:$M$538,'HD Dump'!$U$2:$U$538,K$7,'HD Dump'!$R$2:$R$538,">="&$B37-90,'HD Dump'!$R$2:$R$538,"<="&$B37),AB36) | AD37: =IF(COUNTIFS('HD Dump'!$U$2:$U$538,C$7,'HD Dump'!$R$2:$R$538,">="&$B37-90,'HD Dump'!$R$2:$R$538,"<="&$B37)>0,AVERAGEIFS('HD Dump'!$O$2:$O$538,'HD Dump'!$U$2:$U$538,C$7,'HD Dump'!$R$2:$R$538,">="&$B37-90,'HD Dump'!$R$2:$R$538,"<="&$B37),AD36) | AE37: =IF(COUNTIFS('HD Dump'!$U$2:$U$538,D$7,'HD Dump'!$R$2:$R$538,">="&$B37-90,'HD Dump'!$R$2:$R$538,"<="&$B37)>0,AVERAGEIFS('HD Dump'!$O$2:$O$538,'HD Dump'!$U$2:$U$538,D$7,'HD Dump'!$R$2:$R$538,">="&$B37-90,'HD Dump'!$R$2:$R$538,"<="&$B37),AE36) | AF37: =IF(COUNTIFS('HD Dump'!$U$2:$U$538,E$7,'HD Dump'!$R$2:$R$538,">="&$B37-90,'HD Dump'!$R$2:$R$538,"<="&$B37)>0,AVERAGEIFS('HD Dump'!$O$2:$O$538,'HD Dump'!$U$2:$U$538,E$7,'HD Dump'!$R$2:$R$538,">="&$B37-90,'HD Dump'!$R$2:$R$538,"<="&$B37),AF36) | AG37: =IF(COUNTIFS('HD Dump'!$U$2:$U$538,F$7,'HD Dump'!$R$2:$R$538,">="&$B37-90,'HD Dump'!$R$2:$R$538,"<="&$B37)>0,AVERAGEIFS('HD Dump'!$O$2:$O$538,'HD Dump'!$U$2:$U$538,F$7,'HD Dump'!$R$2:$R$538,">="&$B37-90,'HD Dump'!$R$2:$R$538,"<="&$B37),AG36) | AH37: =IF(COUNTIFS('HD Dump'!$U$2:$U$538,G$7,'HD Dump'!$R$2:$R$538,">="&$B37-90,'HD Dump'!$R$2:$R$538,"<="&$B37)>0,AVERAGEIFS('HD Dump'!$O$2:$O$538,'HD Dump'!$U$2:$U$538,G$7,'HD Dump'!$R$2:$R$538,">="&$B37-90,'HD Dump'!$R$2:$R$538,"<="&$B37),AH36) | AI37: =IF(COUNTIFS('HD Dump'!$U$2:$U$538,H$7,'HD Dump'!$R$2:$R$538,">="&$B37-90,'HD Dump'!$R$2:$R$538,"<="&$B37)>0,AVERAGEIFS('HD Dump'!$O$2:$O$538,'HD Dump'!$U$2:$U$538,H$7,'HD Dump'!$R$2:$R$538,">="&$B37-90,'HD Dump'!$R$2:$R$538,"<="&$B37),AI36) | AJ37: =IF(COUNTIFS('HD Dump'!$U$2:$U$538,I$7,'HD Dump'!$R$2:$R$538,">="&$B37-90,'HD Dump'!$R$2:$R$538,"<="&$B37)>0,AVERAGEIFS('HD Dump'!$O$2:$O$538,'HD Dump'!$U$2:$U$538,I$7,'HD Dump'!$R$2:$R$538,">="&$B37-90,'HD Dump'!$R$2:$R$538,"<="&$B37),AJ36) | AK37: =IF(COUNTIFS('HD Dump'!$U$2:$U$538,J$7,'HD Dump'!$R$2:$R$538,">="&$B37-90,'HD Dump'!$R$2:$R$538,"<="&$B37)>0,AVERAGEIFS('HD Dump'!$O$2:$O$538,'HD Dump'!$U$2:$U$538,J$7,'HD Dump'!$R$2:$R$538,">="&$B37-90,'HD Dump'!$R$2:$R$538,"<="&$B37),AK36) | AL37: =IF(COUNTIFS('HD Dump'!$U$2:$U$538,K$7,'HD Dump'!$R$2:$R$538,">="&$B37-90,'HD Dump'!$R$2:$R$538,"<="&$B37)>0,AVERAGEIFS('HD Dump'!$O$2:$O$538,'HD Dump'!$U$2:$U$538,K$7,'HD Dump'!$R$2:$R$538,">="&$B37-90,'HD Dump'!$R$2:$R$538,"<="&$B37),AL36) | AN37: =IFERROR(SUMPRODUCT((TEXT('RR Dump'!$L$2:$L$361,"yyyy-mm")=TEXT($B37,"yyyy-mm"))*((RRA!$A$109:$A$468=1)*RRA!$D$20+(RRA!$A$109:$A$468=2)*RRA!$D$21+(RRA!$A$109:$A$468=3)*RRA!$D$22+(RRA!$A$109:$A$468=4)*RRA!$D$23))/SUMPRODUCT((TEXT('RR Dump'!$L$2:$L$361,"yyyy-mm")=TEXT($B37,"yyyy-mm"))*1),0) | AO37: =IFERROR(SUMPRODUCT((TEXT('RR Dump'!$L$2:$L$361,"yyyy-mm")=TEXT($B37,"yyyy-mm"))*((RRA!$A$109:$A$468=1)*RRA!$D$25+(RRA!$A$109:$A$468=2)*RRA!$D$26+(RRA!$A$109:$A$468=3)*RRA!$D$27+(RRA!$A$109:$A$468=4)*RRA!$D$28))/SUMPRODUCT((TEXT('RR Dump'!$L$2:$L$361,"yyyy-mm")=TEXT($B37,"yyyy-mm"))*1),0)
B38: 46326 | C38: Projected | D38: =IFERROR(INDEX(RRA!$E$48:$EX$48,MATCH($B38,RRA!$E$33:$EX$33,0))/360,"") | F38: =IFERROR((INDEX(RRA!$E$49:$EX$49,MATCH($B38,RRA!$E$33:$EX$33,0))/360*360-(1-$F38)*360*$D38)/($F38*360),"") | G38: =IFERROR('Cash Flow (Annual)'!$K$14,"") | H38: =IFERROR($F38/$D38-1,"") | I38: =SUMPRODUCT((TEXT('RR Dump'!$L$2:$L$361,"yyyy-mm")=TEXT($B38,"yyyy-mm"))*((RRA!$A$109:$A$468=1)*RRA!$D$15+(RRA!$A$109:$A$468=2)*RRA!$D$16+(RRA!$A$109:$A$468=3)*RRA!$D$17+(RRA!$A$109:$A$468=4)*RRA!$D$18))+SUMPRODUCT((TEXT(EDATE(N('RR Dump'!$L$2:$L$361),RRA!$D$4),"yyyy-mm")=TEXT($B38,"yyyy-mm"))*((RRA!$A$109:$A$468=1)*RRA!$D$15+(RRA!$A$109:$A$468=2)*RRA!$D$16+(RRA!$A$109:$A$468=3)*RRA!$D$17+(RRA!$A$109:$A$468=4)*RRA!$D$18)) | J38: =IFERROR($L38-$J38,"") | K38: =IFERROR($K38,"") | L38: =SUMPRODUCT((TEXT('RR Dump'!$L$2:$L$361,"yyyy-mm")=TEXT($B38,"yyyy-mm"))*1)+SUMPRODUCT((TEXT(EDATE(N('RR Dump'!$L$2:$L$361),RRA!$D$4),"yyyy-mm")=TEXT($B38,"yyyy-mm"))*1) | M38: =IFERROR(SUMPRODUCT((TEXT('RR Dump'!$L$2:$L$361,"yyyy-mm")=TEXT($B38,"yyyy-mm"))*N('RR Dump'!$I$2:$I$361))/SUMPRODUCT((TEXT('RR Dump'!$L$2:$L$361,"yyyy-mm")=TEXT($B38,"yyyy-mm"))*1),"") | N38: =IFERROR(MAX($M38+AN38*($D38-$M38),$M38*(1+AO38)),"") | O38: =IFERROR($N38/$M38-1,"") | P38: =IFERROR($D38,"") | T38: =IF(COUNTIFS('HD Dump'!$U$2:$U$538,C$7,'HD Dump'!$R$2:$R$538,">="&$B38-90,'HD Dump'!$R$2:$R$538,"<="&$B38)>0,AVERAGEIFS('HD Dump'!$M$2:$M$538,'HD Dump'!$U$2:$U$538,C$7,'HD Dump'!$R$2:$R$538,">="&$B38-90,'HD Dump'!$R$2:$R$538,"<="&$B38),T37) | U38: =IF(COUNTIFS('HD Dump'!$U$2:$U$538,D$7,'HD Dump'!$R$2:$R$538,">="&$B38-90,'HD Dump'!$R$2:$R$538,"<="&$B38)>0,AVERAGEIFS('HD Dump'!$M$2:$M$538,'HD Dump'!$U$2:$U$538,D$7,'HD Dump'!$R$2:$R$538,">="&$B38-90,'HD Dump'!$R$2:$R$538,"<="&$B38),U37) | V38: =IF(COUNTIFS('HD Dump'!$U$2:$U$538,E$7,'HD Dump'!$R$2:$R$538,">="&$B38-90,'HD Dump'!$R$2:$R$538,"<="&$B38)>0,AVERAGEIFS('HD Dump'!$M$2:$M$538,'HD Dump'!$U$2:$U$538,E$7,'HD Dump'!$R$2:$R$538,">="&$B38-90,'HD Dump'!$R$2:$R$538,"<="&$B38),V37) | W38: =IF(COUNTIFS('HD Dump'!$U$2:$U$538,F$7,'HD Dump'!$R$2:$R$538,">="&$B38-90,'HD Dump'!$R$2:$R$538,"<="&$B38)>0,AVERAGEIFS('HD Dump'!$M$2:$M$538,'HD Dump'!$U$2:$U$538,F$7,'HD Dump'!$R$2:$R$538,">="&$B38-90,'HD Dump'!$R$2:$R$538,"<="&$B38),W37) | X38: =IF(COUNTIFS('HD Dump'!$U$2:$U$538,G$7,'HD Dump'!$R$2:$R$538,">="&$B38-90,'HD Dump'!$R$2:$R$538,"<="&$B38)>0,AVERAGEIFS('HD Dump'!$M$2:$M$538,'HD Dump'!$U$2:$U$538,G$7,'HD Dump'!$R$2:$R$538,">="&$B38-90,'HD Dump'!$R$2:$R$538,"<="&$B38),X37) | Y38: =IF(COUNTIFS('HD Dump'!$U$2:$U$538,H$7,'HD Dump'!$R$2:$R$538,">="&$B38-90,'HD Dump'!$R$2:$R$538,"<="&$B38)>0,AVERAGEIFS('HD Dump'!$M$2:$M$538,'HD Dump'!$U$2:$U$538,H$7,'HD Dump'!$R$2:$R$538,">="&$B38-90,'HD Dump'!$R$2:$R$538,"<="&$B38),Y37) | Z38: =IF(COUNTIFS('HD Dump'!$U$2:$U$538,I$7,'HD Dump'!$R$2:$R$538,">="&$B38-90,'HD Dump'!$R$2:$R$538,"<="&$B38)>0,AVERAGEIFS('HD Dump'!$M$2:$M$538,'HD Dump'!$U$2:$U$538,I$7,'HD Dump'!$R$2:$R$538,">="&$B38-90,'HD Dump'!$R$2:$R$538,"<="&$B38),Z37) | AA38: =IF(COUNTIFS('HD Dump'!$U$2:$U$538,J$7,'HD Dump'!$R$2:$R$538,">="&$B38-90,'HD Dump'!$R$2:$R$538,"<="&$B38)>0,AVERAGEIFS('HD Dump'!$M$2:$M$538,'HD Dump'!$U$2:$U$538,J$7,'HD Dump'!$R$2:$R$538,">="&$B38-90,'HD Dump'!$R$2:$R$538,"<="&$B38),AA37) | AB38: =IF(COUNTIFS('HD Dump'!$U$2:$U$538,K$7,'HD Dump'!$R$2:$R$538,">="&$B38-90,'HD Dump'!$R$2:$R$538,"<="&$B38)>0,AVERAGEIFS('HD Dump'!$M$2:$M$538,'HD Dump'!$U$2:$U$538,K$7,'HD Dump'!$R$2:$R$538,">="&$B38-90,'HD Dump'!$R$2:$R$538,"<="&$B38),AB37) | AD38: =IF(COUNTIFS('HD Dump'!$U$2:$U$538,C$7,'HD Dump'!$R$2:$R$538,">="&$B38-90,'HD Dump'!$R$2:$R$538,"<="&$B38)>0,AVERAGEIFS('HD Dump'!$O$2:$O$538,'HD Dump'!$U$2:$U$538,C$7,'HD Dump'!$R$2:$R$538,">="&$B38-90,'HD Dump'!$R$2:$R$538,"<="&$B38),AD37) | AE38: =IF(COUNTIFS('HD Dump'!$U$2:$U$538,D$7,'HD Dump'!$R$2:$R$538,">="&$B38-90,'HD Dump'!$R$2:$R$538,"<="&$B38)>0,AVERAGEIFS('HD Dump'!$O$2:$O$538,'HD Dump'!$U$2:$U$538,D$7,'HD Dump'!$R$2:$R$538,">="&$B38-90,'HD Dump'!$R$2:$R$538,"<="&$B38),AE37) | AF38: =IF(COUNTIFS('HD Dump'!$U$2:$U$538,E$7,'HD Dump'!$R$2:$R$538,">="&$B38-90,'HD Dump'!$R$2:$R$538,"<="&$B38)>0,AVERAGEIFS('HD Dump'!$O$2:$O$538,'HD Dump'!$U$2:$U$538,E$7,'HD Dump'!$R$2:$R$538,">="&$B38-90,'HD Dump'!$R$2:$R$538,"<="&$B38),AF37) | AG38: =IF(COUNTIFS('HD Dump'!$U$2:$U$538,F$7,'HD Dump'!$R$2:$R$538,">="&$B38-90,'HD Dump'!$R$2:$R$538,"<="&$B38)>0,AVERAGEIFS('HD Dump'!$O$2:$O$538,'HD Dump'!$U$2:$U$538,F$7,'HD Dump'!$R$2:$R$538,">="&$B38-90,'HD Dump'!$R$2:$R$538,"<="&$B38),AG37) | AH38: =IF(COUNTIFS('HD Dump'!$U$2:$U$538,G$7,'HD Dump'!$R$2:$R$538,">="&$B38-90,'HD Dump'!$R$2:$R$538,"<="&$B38)>0,AVERAGEIFS('HD Dump'!$O$2:$O$538,'HD Dump'!$U$2:$U$538,G$7,'HD Dump'!$R$2:$R$538,">="&$B38-90,'HD Dump'!$R$2:$R$538,"<="&$B38),AH37) | AI38: =IF(COUNTIFS('HD Dump'!$U$2:$U$538,H$7,'HD Dump'!$R$2:$R$538,">="&$B38-90,'HD Dump'!$R$2:$R$538,"<="&$B38)>0,AVERAGEIFS('HD Dump'!$O$2:$O$538,'HD Dump'!$U$2:$U$538,H$7,'HD Dump'!$R$2:$R$538,">="&$B38-90,'HD Dump'!$R$2:$R$538,"<="&$B38),AI37) | AJ38: =IF(COUNTIFS('HD Dump'!$U$2:$U$538,I$7,'HD Dump'!$R$2:$R$538,">="&$B38-90,'HD Dump'!$R$2:$R$538,"<="&$B38)>0,AVERAGEIFS('HD Dump'!$O$2:$O$538,'HD Dump'!$U$2:$U$538,I$7,'HD Dump'!$R$2:$R$538,">="&$B38-90,'HD Dump'!$R$2:$R$538,"<="&$B38),AJ37) | AK38: =IF(COUNTIFS('HD Dump'!$U$2:$U$538,J$7,'HD Dump'!$R$2:$R$538,">="&$B38-90,'HD Dump'!$R$2:$R$538,"<="&$B38)>0,AVERAGEIFS('HD Dump'!$O$2:$O$538,'HD Dump'!$U$2:$U$538,J$7,'HD Dump'!$R$2:$R$538,">="&$B38-90,'HD Dump'!$R$2:$R$538,"<="&$B38),AK37) | AL38: =IF(COUNTIFS('HD Dump'!$U$2:$U$538,K$7,'HD Dump'!$R$2:$R$538,">="&$B38-90,'HD Dump'!$R$2:$R$538,"<="&$B38)>0,AVERAGEIFS('HD Dump'!$O$2:$O$538,'HD Dump'!$U$2:$U$538,K$7,'HD Dump'!$R$2:$R$538,">="&$B38-90,'HD Dump'!$R$2:$R$538,"<="&$B38),AL37) | AN38: =IFERROR(SUMPRODUCT((TEXT('RR Dump'!$L$2:$L$361,"yyyy-mm")=TEXT($B38,"yyyy-mm"))*((RRA!$A$109:$A$468=1)*RRA!$D$20+(RRA!$A$109:$A$468=2)*RRA!$D$21+(RRA!$A$109:$A$468=3)*RRA!$D$22+(RRA!$A$109:$A$468=4)*RRA!$D$23))/SUMPRODUCT((TEXT('RR Dump'!$L$2:$L$361,"yyyy-mm")=TEXT($B38,"yyyy-mm"))*1),0) | AO38: =IFERROR(SUMPRODUCT((TEXT('RR Dump'!$L$2:$L$361,"yyyy-mm")=TEXT($B38,"yyyy-mm"))*((RRA!$A$109:$A$468=1)*RRA!$D$25+(RRA!$A$109:$A$468=2)*RRA!$D$26+(RRA!$A$109:$A$468=3)*RRA!$D$27+(RRA!$A$109:$A$468=4)*RRA!$D$28))/SUMPRODUCT((TEXT('RR Dump'!$L$2:$L$361,"yyyy-mm")=TEXT($B38,"yyyy-mm"))*1),0)
B39: 46356 | C39: Projected | D39: =IFERROR(INDEX(RRA!$E$48:$EX$48,MATCH($B39,RRA!$E$33:$EX$33,0))/360,"") | F39: =IFERROR((INDEX(RRA!$E$49:$EX$49,MATCH($B39,RRA!$E$33:$EX$33,0))/360*360-(1-$F39)*360*$D39)/($F39*360),"") | G39: =IFERROR('Cash Flow (Annual)'!$K$14,"") | H39: =IFERROR($F39/$D39-1,"") | I39: =SUMPRODUCT((TEXT('RR Dump'!$L$2:$L$361,"yyyy-mm")=TEXT($B39,"yyyy-mm"))*((RRA!$A$109:$A$468=1)*RRA!$D$15+(RRA!$A$109:$A$468=2)*RRA!$D$16+(RRA!$A$109:$A$468=3)*RRA!$D$17+(RRA!$A$109:$A$468=4)*RRA!$D$18))+SUMPRODUCT((TEXT(EDATE(N('RR Dump'!$L$2:$L$361),RRA!$D$4),"yyyy-mm")=TEXT($B39,"yyyy-mm"))*((RRA!$A$109:$A$468=1)*RRA!$D$15+(RRA!$A$109:$A$468=2)*RRA!$D$16+(RRA!$A$109:$A$468=3)*RRA!$D$17+(RRA!$A$109:$A$468=4)*RRA!$D$18)) | J39: =IFERROR($L39-$J39,"") | K39: =IFERROR($K39,"") | L39: =SUMPRODUCT((TEXT('RR Dump'!$L$2:$L$361,"yyyy-mm")=TEXT($B39,"yyyy-mm"))*1)+SUMPRODUCT((TEXT(EDATE(N('RR Dump'!$L$2:$L$361),RRA!$D$4),"yyyy-mm")=TEXT($B39,"yyyy-mm"))*1) | M39: =IFERROR(SUMPRODUCT((TEXT('RR Dump'!$L$2:$L$361,"yyyy-mm")=TEXT($B39,"yyyy-mm"))*N('RR Dump'!$I$2:$I$361))/SUMPRODUCT((TEXT('RR Dump'!$L$2:$L$361,"yyyy-mm")=TEXT($B39,"yyyy-mm"))*1),"") | N39: =IFERROR(MAX($M39+AN39*($D39-$M39),$M39*(1+AO39)),"") | O39: =IFERROR($N39/$M39-1,"") | P39: =IFERROR($D39,"") | T39: =IF(COUNTIFS('HD Dump'!$U$2:$U$538,C$7,'HD Dump'!$R$2:$R$538,">="&$B39-90,'HD Dump'!$R$2:$R$538,"<="&$B39)>0,AVERAGEIFS('HD Dump'!$M$2:$M$538,'HD Dump'!$U$2:$U$538,C$7,'HD Dump'!$R$2:$R$538,">="&$B39-90,'HD Dump'!$R$2:$R$538,"<="&$B39),T38) | U39: =IF(COUNTIFS('HD Dump'!$U$2:$U$538,D$7,'HD Dump'!$R$2:$R$538,">="&$B39-90,'HD Dump'!$R$2:$R$538,"<="&$B39)>0,AVERAGEIFS('HD Dump'!$M$2:$M$538,'HD Dump'!$U$2:$U$538,D$7,'HD Dump'!$R$2:$R$538,">="&$B39-90,'HD Dump'!$R$2:$R$538,"<="&$B39),U38) | V39: =IF(COUNTIFS('HD Dump'!$U$2:$U$538,E$7,'HD Dump'!$R$2:$R$538,">="&$B39-90,'HD Dump'!$R$2:$R$538,"<="&$B39)>0,AVERAGEIFS('HD Dump'!$M$2:$M$538,'HD Dump'!$U$2:$U$538,E$7,'HD Dump'!$R$2:$R$538,">="&$B39-90,'HD Dump'!$R$2:$R$538,"<="&$B39),V38) | W39: =IF(COUNTIFS('HD Dump'!$U$2:$U$538,F$7,'HD Dump'!$R$2:$R$538,">="&$B39-90,'HD Dump'!$R$2:$R$538,"<="&$B39)>0,AVERAGEIFS('HD Dump'!$M$2:$M$538,'HD Dump'!$U$2:$U$538,F$7,'HD Dump'!$R$2:$R$538,">="&$B39-90,'HD Dump'!$R$2:$R$538,"<="&$B39),W38) | X39: =IF(COUNTIFS('HD Dump'!$U$2:$U$538,G$7,'HD Dump'!$R$2:$R$538,">="&$B39-90,'HD Dump'!$R$2:$R$538,"<="&$B39)>0,AVERAGEIFS('HD Dump'!$M$2:$M$538,'HD Dump'!$U$2:$U$538,G$7,'HD Dump'!$R$2:$R$538,">="&$B39-90,'HD Dump'!$R$2:$R$538,"<="&$B39),X38) | Y39: =IF(COUNTIFS('HD Dump'!$U$2:$U$538,H$7,'HD Dump'!$R$2:$R$538,">="&$B39-90,'HD Dump'!$R$2:$R$538,"<="&$B39)>0,AVERAGEIFS('HD Dump'!$M$2:$M$538,'HD Dump'!$U$2:$U$538,H$7,'HD Dump'!$R$2:$R$538,">="&$B39-90,'HD Dump'!$R$2:$R$538,"<="&$B39),Y38) | Z39: =IF(COUNTIFS('HD Dump'!$U$2:$U$538,I$7,'HD Dump'!$R$2:$R$538,">="&$B39-90,'HD Dump'!$R$2:$R$538,"<="&$B39)>0,AVERAGEIFS('HD Dump'!$M$2:$M$538,'HD Dump'!$U$2:$U$538,I$7,'HD Dump'!$R$2:$R$538,">="&$B39-90,'HD Dump'!$R$2:$R$538,"<="&$B39),Z38) | AA39: =IF(COUNTIFS('HD Dump'!$U$2:$U$538,J$7,'HD Dump'!$R$2:$R$538,">="&$B39-90,'HD Dump'!$R$2:$R$538,"<="&$B39)>0,AVERAGEIFS('HD Dump'!$M$2:$M$538,'HD Dump'!$U$2:$U$538,J$7,'HD Dump'!$R$2:$R$538,">="&$B39-90,'HD Dump'!$R$2:$R$538,"<="&$B39),AA38) | AB39: =IF(COUNTIFS('HD Dump'!$U$2:$U$538,K$7,'HD Dump'!$R$2:$R$538,">="&$B39-90,'HD Dump'!$R$2:$R$538,"<="&$B39)>0,AVERAGEIFS('HD Dump'!$M$2:$M$538,'HD Dump'!$U$2:$U$538,K$7,'HD Dump'!$R$2:$R$538,">="&$B39-90,'HD Dump'!$R$2:$R$538,"<="&$B39),AB38) | AD39: =IF(COUNTIFS('HD Dump'!$U$2:$U$538,C$7,'HD Dump'!$R$2:$R$538,">="&$B39-90,'HD Dump'!$R$2:$R$538,"<="&$B39)>0,AVERAGEIFS('HD Dump'!$O$2:$O$538,'HD Dump'!$U$2:$U$538,C$7,'HD Dump'!$R$2:$R$538,">="&$B39-90,'HD Dump'!$R$2:$R$538,"<="&$B39),AD38) | AE39: =IF(COUNTIFS('HD Dump'!$U$2:$U$538,D$7,'HD Dump'!$R$2:$R$538,">="&$B39-90,'HD Dump'!$R$2:$R$538,"<="&$B39)>0,AVERAGEIFS('HD Dump'!$O$2:$O$538,'HD Dump'!$U$2:$U$538,D$7,'HD Dump'!$R$2:$R$538,">="&$B39-90,'HD Dump'!$R$2:$R$538,"<="&$B39),AE38) | AF39: =IF(COUNTIFS('HD Dump'!$U$2:$U$538,E$7,'HD Dump'!$R$2:$R$538,">="&$B39-90,'HD Dump'!$R$2:$R$538,"<="&$B39)>0,AVERAGEIFS('HD Dump'!$O$2:$O$538,'HD Dump'!$U$2:$U$538,E$7,'HD Dump'!$R$2:$R$538,">="&$B39-90,'HD Dump'!$R$2:$R$538,"<="&$B39),AF38) | AG39: =IF(COUNTIFS('HD Dump'!$U$2:$U$538,F$7,'HD Dump'!$R$2:$R$538,">="&$B39-90,'HD Dump'!$R$2:$R$538,"<="&$B39)>0,AVERAGEIFS('HD Dump'!$O$2:$O$538,'HD Dump'!$U$2:$U$538,F$7,'HD Dump'!$R$2:$R$538,">="&$B39-90,'HD Dump'!$R$2:$R$538,"<="&$B39),AG38) | AH39: =IF(COUNTIFS('HD Dump'!$U$2:$U$538,G$7,'HD Dump'!$R$2:$R$538,">="&$B39-90,'HD Dump'!$R$2:$R$538,"<="&$B39)>0,AVERAGEIFS('HD Dump'!$O$2:$O$538,'HD Dump'!$U$2:$U$538,G$7,'HD Dump'!$R$2:$R$538,">="&$B39-90,'HD Dump'!$R$2:$R$538,"<="&$B39),AH38) | AI39: =IF(COUNTIFS('HD Dump'!$U$2:$U$538,H$7,'HD Dump'!$R$2:$R$538,">="&$B39-90,'HD Dump'!$R$2:$R$538,"<="&$B39)>0,AVERAGEIFS('HD Dump'!$O$2:$O$538,'HD Dump'!$U$2:$U$538,H$7,'HD Dump'!$R$2:$R$538,">="&$B39-90,'HD Dump'!$R$2:$R$538,"<="&$B39),AI38) | AJ39: =IF(COUNTIFS('HD Dump'!$U$2:$U$538,I$7,'HD Dump'!$R$2:$R$538,">="&$B39-90,'HD Dump'!$R$2:$R$538,"<="&$B39)>0,AVERAGEIFS('HD Dump'!$O$2:$O$538,'HD Dump'!$U$2:$U$538,I$7,'HD Dump'!$R$2:$R$538,">="&$B39-90,'HD Dump'!$R$2:$R$538,"<="&$B39),AJ38) | AK39: =IF(COUNTIFS('HD Dump'!$U$2:$U$538,J$7,'HD Dump'!$R$2:$R$538,">="&$B39-90,'HD Dump'!$R$2:$R$538,"<="&$B39)>0,AVERAGEIFS('HD Dump'!$O$2:$O$538,'HD Dump'!$U$2:$U$538,J$7,'HD Dump'!$R$2:$R$538,">="&$B39-90,'HD Dump'!$R$2:$R$538,"<="&$B39),AK38) | AL39: =IF(COUNTIFS('HD Dump'!$U$2:$U$538,K$7,'HD Dump'!$R$2:$R$538,">="&$B39-90,'HD Dump'!$R$2:$R$538,"<="&$B39)>0,AVERAGEIFS('HD Dump'!$O$2:$O$538,'HD Dump'!$U$2:$U$538,K$7,'HD Dump'!$R$2:$R$538,">="&$B39-90,'HD Dump'!$R$2:$R$538,"<="&$B39),AL38) | AN39: =IFERROR(SUMPRODUCT((TEXT('RR Dump'!$L$2:$L$361,"yyyy-mm")=TEXT($B39,"yyyy-mm"))*((RRA!$A$109:$A$468=1)*RRA!$D$20+(RRA!$A$109:$A$468=2)*RRA!$D$21+(RRA!$A$109:$A$468=3)*RRA!$D$22+(RRA!$A$109:$A$468=4)*RRA!$D$23))/SUMPRODUCT((TEXT('RR Dump'!$L$2:$L$361,"yyyy-mm")=TEXT($B39,"yyyy-mm"))*1),0) | AO39: =IFERROR(SUMPRODUCT((TEXT('RR Dump'!$L$2:$L$361,"yyyy-mm")=TEXT($B39,"yyyy-mm"))*((RRA!$A$109:$A$468=1)*RRA!$D$25+(RRA!$A$109:$A$468=2)*RRA!$D$26+(RRA!$A$109:$A$468=3)*RRA!$D$27+(RRA!$A$109:$A$468=4)*RRA!$D$28))/SUMPRODUCT((TEXT('RR Dump'!$L$2:$L$361,"yyyy-mm")=TEXT($B39,"yyyy-mm"))*1),0)
B40: 46387 | C40: Projected | D40: =IFERROR(INDEX(RRA!$E$48:$EX$48,MATCH($B40,RRA!$E$33:$EX$33,0))/360,"") | F40: =IFERROR((INDEX(RRA!$E$49:$EX$49,MATCH($B40,RRA!$E$33:$EX$33,0))/360*360-(1-$F40)*360*$D40)/($F40*360),"") | G40: =IFERROR('Cash Flow (Annual)'!$K$14,"") | H40: =IFERROR($F40/$D40-1,"") | I40: =SUMPRODUCT((TEXT('RR Dump'!$L$2:$L$361,"yyyy-mm")=TEXT($B40,"yyyy-mm"))*((RRA!$A$109:$A$468=1)*RRA!$E$15+(RRA!$A$109:$A$468=2)*RRA!$E$16+(RRA!$A$109:$A$468=3)*RRA!$E$17+(RRA!$A$109:$A$468=4)*RRA!$E$18))+SUMPRODUCT((TEXT(EDATE(N('RR Dump'!$L$2:$L$361),RRA!$D$4),"yyyy-mm")=TEXT($B40,"yyyy-mm"))*((RRA!$A$109:$A$468=1)*RRA!$E$15+(RRA!$A$109:$A$468=2)*RRA!$E$16+(RRA!$A$109:$A$468=3)*RRA!$E$17+(RRA!$A$109:$A$468=4)*RRA!$E$18)) | J40: =IFERROR($L40-$J40,"") | K40: =IFERROR($K40,"") | L40: =SUMPRODUCT((TEXT('RR Dump'!$L$2:$L$361,"yyyy-mm")=TEXT($B40,"yyyy-mm"))*1)+SUMPRODUCT((TEXT(EDATE(N('RR Dump'!$L$2:$L$361),RRA!$D$4),"yyyy-mm")=TEXT($B40,"yyyy-mm"))*1) | M40: =IFERROR(SUMPRODUCT((TEXT('RR Dump'!$L$2:$L$361,"yyyy-mm")=TEXT($B40,"yyyy-mm"))*N('RR Dump'!$I$2:$I$361))/SUMPRODUCT((TEXT('RR Dump'!$L$2:$L$361,"yyyy-mm")=TEXT($B40,"yyyy-mm"))*1),"") | N40: =IFERROR(MAX($M40+AN40*($D40-$M40),$M40*(1+AO40)),"") | O40: =IFERROR($N40/$M40-1,"") | P40: =IFERROR($D40,"") | T40: =IF(COUNTIFS('HD Dump'!$U$2:$U$538,C$7,'HD Dump'!$R$2:$R$538,">="&$B40-90,'HD Dump'!$R$2:$R$538,"<="&$B40)>0,AVERAGEIFS('HD Dump'!$M$2:$M$538,'HD Dump'!$U$2:$U$538,C$7,'HD Dump'!$R$2:$R$538,">="&$B40-90,'HD Dump'!$R$2:$R$538,"<="&$B40),T39) | U40: =IF(COUNTIFS('HD Dump'!$U$2:$U$538,D$7,'HD Dump'!$R$2:$R$538,">="&$B40-90,'HD Dump'!$R$2:$R$538,"<="&$B40)>0,AVERAGEIFS('HD Dump'!$M$2:$M$538,'HD Dump'!$U$2:$U$538,D$7,'HD Dump'!$R$2:$R$538,">="&$B40-90,'HD Dump'!$R$2:$R$538,"<="&$B40),U39) | V40: =IF(COUNTIFS('HD Dump'!$U$2:$U$538,E$7,'HD Dump'!$R$2:$R$538,">="&$B40-90,'HD Dump'!$R$2:$R$538,"<="&$B40)>0,AVERAGEIFS('HD Dump'!$M$2:$M$538,'HD Dump'!$U$2:$U$538,E$7,'HD Dump'!$R$2:$R$538,">="&$B40-90,'HD Dump'!$R$2:$R$538,"<="&$B40),V39) | W40: =IF(COUNTIFS('HD Dump'!$U$2:$U$538,F$7,'HD Dump'!$R$2:$R$538,">="&$B40-90,'HD Dump'!$R$2:$R$538,"<="&$B40)>0,AVERAGEIFS('HD Dump'!$M$2:$M$538,'HD Dump'!$U$2:$U$538,F$7,'HD Dump'!$R$2:$R$538,">="&$B40-90,'HD Dump'!$R$2:$R$538,"<="&$B40),W39) | X40: =IF(COUNTIFS('HD Dump'!$U$2:$U$538,G$7,'HD Dump'!$R$2:$R$538,">="&$B40-90,'HD Dump'!$R$2:$R$538,"<="&$B40)>0,AVERAGEIFS('HD Dump'!$M$2:$M$538,'HD Dump'!$U$2:$U$538,G$7,'HD Dump'!$R$2:$R$538,">="&$B40-90,'HD Dump'!$R$2:$R$538,"<="&$B40),X39) | Y40: =IF(COUNTIFS('HD Dump'!$U$2:$U$538,H$7,'HD Dump'!$R$2:$R$538,">="&$B40-90,'HD Dump'!$R$2:$R$538,"<="&$B40)>0,AVERAGEIFS('HD Dump'!$M$2:$M$538,'HD Dump'!$U$2:$U$538,H$7,'HD Dump'!$R$2:$R$538,">="&$B40-90,'HD Dump'!$R$2:$R$538,"<="&$B40),Y39) | Z40: =IF(COUNTIFS('HD Dump'!$U$2:$U$538,I$7,'HD Dump'!$R$2:$R$538,">="&$B40-90,'HD Dump'!$R$2:$R$538,"<="&$B40)>0,AVERAGEIFS('HD Dump'!$M$2:$M$538,'HD Dump'!$U$2:$U$538,I$7,'HD Dump'!$R$2:$R$538,">="&$B40-90,'HD Dump'!$R$2:$R$538,"<="&$B40),Z39) | AA40: =IF(COUNTIFS('HD Dump'!$U$2:$U$538,J$7,'HD Dump'!$R$2:$R$538,">="&$B40-90,'HD Dump'!$R$2:$R$538,"<="&$B40)>0,AVERAGEIFS('HD Dump'!$M$2:$M$538,'HD Dump'!$U$2:$U$538,J$7,'HD Dump'!$R$2:$R$538,">="&$B40-90,'HD Dump'!$R$2:$R$538,"<="&$B40),AA39) | AB40: =IF(COUNTIFS('HD Dump'!$U$2:$U$538,K$7,'HD Dump'!$R$2:$R$538,">="&$B40-90,'HD Dump'!$R$2:$R$538,"<="&$B40)>0,AVERAGEIFS('HD Dump'!$M$2:$M$538,'HD Dump'!$U$2:$U$538,K$7,'HD Dump'!$R$2:$R$538,">="&$B40-90,'HD Dump'!$R$2:$R$538,"<="&$B40),AB39) | AD40: =IF(COUNTIFS('HD Dump'!$U$2:$U$538,C$7,'HD Dump'!$R$2:$R$538,">="&$B40-90,'HD Dump'!$R$2:$R$538,"<="&$B40)>0,AVERAGEIFS('HD Dump'!$O$2:$O$538,'HD Dump'!$U$2:$U$538,C$7,'HD Dump'!$R$2:$R$538,">="&$B40-90,'HD Dump'!$R$2:$R$538,"<="&$B40),AD39) | AE40: =IF(COUNTIFS('HD Dump'!$U$2:$U$538,D$7,'HD Dump'!$R$2:$R$538,">="&$B40-90,'HD Dump'!$R$2:$R$538,"<="&$B40)>0,AVERAGEIFS('HD Dump'!$O$2:$O$538,'HD Dump'!$U$2:$U$538,D$7,'HD Dump'!$R$2:$R$538,">="&$B40-90,'HD Dump'!$R$2:$R$538,"<="&$B40),AE39) | AF40: =IF(COUNTIFS('HD Dump'!$U$2:$U$538,E$7,'HD Dump'!$R$2:$R$538,">="&$B40-90,'HD Dump'!$R$2:$R$538,"<="&$B40)>0,AVERAGEIFS('HD Dump'!$O$2:$O$538,'HD Dump'!$U$2:$U$538,E$7,'HD Dump'!$R$2:$R$538,">="&$B40-90,'HD Dump'!$R$2:$R$538,"<="&$B40),AF39) | AG40: =IF(COUNTIFS('HD Dump'!$U$2:$U$538,F$7,'HD Dump'!$R$2:$R$538,">="&$B40-90,'HD Dump'!$R$2:$R$538,"<="&$B40)>0,AVERAGEIFS('HD Dump'!$O$2:$O$538,'HD Dump'!$U$2:$U$538,F$7,'HD Dump'!$R$2:$R$538,">="&$B40-90,'HD Dump'!$R$2:$R$538,"<="&$B40),AG39) | AH40: =IF(COUNTIFS('HD Dump'!$U$2:$U$538,G$7,'HD Dump'!$R$2:$R$538,">="&$B40-90,'HD Dump'!$R$2:$R$538,"<="&$B40)>0,AVERAGEIFS('HD Dump'!$O$2:$O$538,'HD Dump'!$U$2:$U$538,G$7,'HD Dump'!$R$2:$R$538,">="&$B40-90,'HD Dump'!$R$2:$R$538,"<="&$B40),AH39) | AI40: =IF(COUNTIFS('HD Dump'!$U$2:$U$538,H$7,'HD Dump'!$R$2:$R$538,">="&$B40-90,'HD Dump'!$R$2:$R$538,"<="&$B40)>0,AVERAGEIFS('HD Dump'!$O$2:$O$538,'HD Dump'!$U$2:$U$538,H$7,'HD Dump'!$R$2:$R$538,">="&$B40-90,'HD Dump'!$R$2:$R$538,"<="&$B40),AI39) | AJ40: =IF(COUNTIFS('HD Dump'!$U$2:$U$538,I$7,'HD Dump'!$R$2:$R$538,">="&$B40-90,'HD Dump'!$R$2:$R$538,"<="&$B40)>0,AVERAGEIFS('HD Dump'!$O$2:$O$538,'HD Dump'!$U$2:$U$538,I$7,'HD Dump'!$R$2:$R$538,">="&$B40-90,'HD Dump'!$R$2:$R$538,"<="&$B40),AJ39) | AK40: =IF(COUNTIFS('HD Dump'!$U$2:$U$538,J$7,'HD Dump'!$R$2:$R$538,">="&$B40-90,'HD Dump'!$R$2:$R$538,"<="&$B40)>0,AVERAGEIFS('HD Dump'!$O$2:$O$538,'HD Dump'!$U$2:$U$538,J$7,'HD Dump'!$R$2:$R$538,">="&$B40-90,'HD Dump'!$R$2:$R$538,"<="&$B40),AK39) | AL40: =IF(COUNTIFS('HD Dump'!$U$2:$U$538,K$7,'HD Dump'!$R$2:$R$538,">="&$B40-90,'HD Dump'!$R$2:$R$538,"<="&$B40)>0,AVERAGEIFS('HD Dump'!$O$2:$O$538,'HD Dump'!$U$2:$U$538,K$7,'HD Dump'!$R$2:$R$538,">="&$B40-90,'HD Dump'!$R$2:$R$538,"<="&$B40),AL39) | AN40: =IFERROR(SUMPRODUCT((TEXT('RR Dump'!$L$2:$L$361,"yyyy-mm")=TEXT($B40,"yyyy-mm"))*((RRA!$A$109:$A$468=1)*RRA!$E$20+(RRA!$A$109:$A$468=2)*RRA!$E$21+(RRA!$A$109:$A$468=3)*RRA!$E$22+(RRA!$A$109:$A$468=4)*RRA!$E$23))/SUMPRODUCT((TEXT('RR Dump'!$L$2:$L$361,"yyyy-mm")=TEXT($B40,"yyyy-mm"))*1),0) | AO40: =IFERROR(SUMPRODUCT((TEXT('RR Dump'!$L$2:$L$361,"yyyy-mm")=TEXT($B40,"yyyy-mm"))*((RRA!$A$109:$A$468=1)*RRA!$E$25+(RRA!$A$109:$A$468=2)*RRA!$E$26+(RRA!$A$109:$A$468=3)*RRA!$E$27+(RRA!$A$109:$A$468=4)*RRA!$E$28))/SUMPRODUCT((TEXT('RR Dump'!$L$2:$L$361,"yyyy-mm")=TEXT($B40,"yyyy-mm"))*1),0)
B41: 46418 | C41: Projected | D41: =IFERROR(INDEX(RRA!$E$48:$EX$48,MATCH($B41,RRA!$E$33:$EX$33,0))/360,"") | F41: =IFERROR((INDEX(RRA!$E$49:$EX$49,MATCH($B41,RRA!$E$33:$EX$33,0))/360*360-(1-$F41)*360*$D41)/($F41*360),"") | G41: =IFERROR('Cash Flow (Annual)'!$K$14,"") | H41: =IFERROR($F41/$D41-1,"") | I41: =SUMPRODUCT((TEXT('RR Dump'!$L$2:$L$361,"yyyy-mm")=TEXT($B41,"yyyy-mm"))*((RRA!$A$109:$A$468=1)*RRA!$E$15+(RRA!$A$109:$A$468=2)*RRA!$E$16+(RRA!$A$109:$A$468=3)*RRA!$E$17+(RRA!$A$109:$A$468=4)*RRA!$E$18))+SUMPRODUCT((TEXT(EDATE(N('RR Dump'!$L$2:$L$361),RRA!$D$4),"yyyy-mm")=TEXT($B41,"yyyy-mm"))*((RRA!$A$109:$A$468=1)*RRA!$E$15+(RRA!$A$109:$A$468=2)*RRA!$E$16+(RRA!$A$109:$A$468=3)*RRA!$E$17+(RRA!$A$109:$A$468=4)*RRA!$E$18)) | J41: =IFERROR($L41-$J41,"") | K41: =IFERROR($K41,"") | L41: =SUMPRODUCT((TEXT('RR Dump'!$L$2:$L$361,"yyyy-mm")=TEXT($B41,"yyyy-mm"))*1)+SUMPRODUCT((TEXT(EDATE(N('RR Dump'!$L$2:$L$361),RRA!$D$4),"yyyy-mm")=TEXT($B41,"yyyy-mm"))*1) | M41: =IFERROR(SUMPRODUCT((TEXT('RR Dump'!$L$2:$L$361,"yyyy-mm")=TEXT($B41,"yyyy-mm"))*N('RR Dump'!$I$2:$I$361))/SUMPRODUCT((TEXT('RR Dump'!$L$2:$L$361,"yyyy-mm")=TEXT($B41,"yyyy-mm"))*1),"") | N41: =IFERROR(MAX($M41+AN41*($D41-$M41),$M41*(1+AO41)),"") | O41: =IFERROR($N41/$M41-1,"") | P41: =IFERROR($D41,"") | T41: =IF(COUNTIFS('HD Dump'!$U$2:$U$538,C$7,'HD Dump'!$R$2:$R$538,">="&$B41-90,'HD Dump'!$R$2:$R$538,"<="&$B41)>0,AVERAGEIFS('HD Dump'!$M$2:$M$538,'HD Dump'!$U$2:$U$538,C$7,'HD Dump'!$R$2:$R$538,">="&$B41-90,'HD Dump'!$R$2:$R$538,"<="&$B41),T40) | U41: =IF(COUNTIFS('HD Dump'!$U$2:$U$538,D$7,'HD Dump'!$R$2:$R$538,">="&$B41-90,'HD Dump'!$R$2:$R$538,"<="&$B41)>0,AVERAGEIFS('HD Dump'!$M$2:$M$538,'HD Dump'!$U$2:$U$538,D$7,'HD Dump'!$R$2:$R$538,">="&$B41-90,'HD Dump'!$R$2:$R$538,"<="&$B41),U40) | V41: =IF(COUNTIFS('HD Dump'!$U$2:$U$538,E$7,'HD Dump'!$R$2:$R$538,">="&$B41-90,'HD Dump'!$R$2:$R$538,"<="&$B41)>0,AVERAGEIFS('HD Dump'!$M$2:$M$538,'HD Dump'!$U$2:$U$538,E$7,'HD Dump'!$R$2:$R$538,">="&$B41-90,'HD Dump'!$R$2:$R$538,"<="&$B41),V40) | W41: =IF(COUNTIFS('HD Dump'!$U$2:$U$538,F$7,'HD Dump'!$R$2:$R$538,">="&$B41-90,'HD Dump'!$R$2:$R$538,"<="&$B41)>0,AVERAGEIFS('HD Dump'!$M$2:$M$538,'HD Dump'!$U$2:$U$538,F$7,'HD Dump'!$R$2:$R$538,">="&$B41-90,'HD Dump'!$R$2:$R$538,"<="&$B41),W40) | X41: =IF(COUNTIFS('HD Dump'!$U$2:$U$538,G$7,'HD Dump'!$R$2:$R$538,">="&$B41-90,'HD Dump'!$R$2:$R$538,"<="&$B41)>0,AVERAGEIFS('HD Dump'!$M$2:$M$538,'HD Dump'!$U$2:$U$538,G$7,'HD Dump'!$R$2:$R$538,">="&$B41-90,'HD Dump'!$R$2:$R$538,"<="&$B41),X40) | Y41: =IF(COUNTIFS('HD Dump'!$U$2:$U$538,H$7,'HD Dump'!$R$2:$R$538,">="&$B41-90,'HD Dump'!$R$2:$R$538,"<="&$B41)>0,AVERAGEIFS('HD Dump'!$M$2:$M$538,'HD Dump'!$U$2:$U$538,H$7,'HD Dump'!$R$2:$R$538,">="&$B41-90,'HD Dump'!$R$2:$R$538,"<="&$B41),Y40) | Z41: =IF(COUNTIFS('HD Dump'!$U$2:$U$538,I$7,'HD Dump'!$R$2:$R$538,">="&$B41-90,'HD Dump'!$R$2:$R$538,"<="&$B41)>0,AVERAGEIFS('HD Dump'!$M$2:$M$538,'HD Dump'!$U$2:$U$538,I$7,'HD Dump'!$R$2:$R$538,">="&$B41-90,'HD Dump'!$R$2:$R$538,"<="&$B41),Z40) | AA41: =IF(COUNTIFS('HD Dump'!$U$2:$U$538,J$7,'HD Dump'!$R$2:$R$538,">="&$B41-90,'HD Dump'!$R$2:$R$538,"<="&$B41)>0,AVERAGEIFS('HD Dump'!$M$2:$M$538,'HD Dump'!$U$2:$U$538,J$7,'HD Dump'!$R$2:$R$538,">="&$B41-90,'HD Dump'!$R$2:$R$538,"<="&$B41),AA40) | AB41: =IF(COUNTIFS('HD Dump'!$U$2:$U$538,K$7,'HD Dump'!$R$2:$R$538,">="&$B41-90,'HD Dump'!$R$2:$R$538,"<="&$B41)>0,AVERAGEIFS('HD Dump'!$M$2:$M$538,'HD Dump'!$U$2:$U$538,K$7,'HD Dump'!$R$2:$R$538,">="&$B41-90,'HD Dump'!$R$2:$R$538,"<="&$B41),AB40) | AD41: =IF(COUNTIFS('HD Dump'!$U$2:$U$538,C$7,'HD Dump'!$R$2:$R$538,">="&$B41-90,'HD Dump'!$R$2:$R$538,"<="&$B41)>0,AVERAGEIFS('HD Dump'!$O$2:$O$538,'HD Dump'!$U$2:$U$538,C$7,'HD Dump'!$R$2:$R$538,">="&$B41-90,'HD Dump'!$R$2:$R$538,"<="&$B41),AD40) | AE41: =IF(COUNTIFS('HD Dump'!$U$2:$U$538,D$7,'HD Dump'!$R$2:$R$538,">="&$B41-90,'HD Dump'!$R$2:$R$538,"<="&$B41)>0,AVERAGEIFS('HD Dump'!$O$2:$O$538,'HD Dump'!$U$2:$U$538,D$7,'HD Dump'!$R$2:$R$538,">="&$B41-90,'HD Dump'!$R$2:$R$538,"<="&$B41),AE40) | AF41: =IF(COUNTIFS('HD Dump'!$U$2:$U$538,E$7,'HD Dump'!$R$2:$R$538,">="&$B41-90,'HD Dump'!$R$2:$R$538,"<="&$B41)>0,AVERAGEIFS('HD Dump'!$O$2:$O$538,'HD Dump'!$U$2:$U$538,E$7,'HD Dump'!$R$2:$R$538,">="&$B41-90,'HD Dump'!$R$2:$R$538,"<="&$B41),AF40) | AG41: =IF(COUNTIFS('HD Dump'!$U$2:$U$538,F$7,'HD Dump'!$R$2:$R$538,">="&$B41-90,'HD Dump'!$R$2:$R$538,"<="&$B41)>0,AVERAGEIFS('HD Dump'!$O$2:$O$538,'HD Dump'!$U$2:$U$538,F$7,'HD Dump'!$R$2:$R$538,">="&$B41-90,'HD Dump'!$R$2:$R$538,"<="&$B41),AG40) | AH41: =IF(COUNTIFS('HD Dump'!$U$2:$U$538,G$7,'HD Dump'!$R$2:$R$538,">="&$B41-90,'HD Dump'!$R$2:$R$538,"<="&$B41)>0,AVERAGEIFS('HD Dump'!$O$2:$O$538,'HD Dump'!$U$2:$U$538,G$7,'HD Dump'!$R$2:$R$538,">="&$B41-90,'HD Dump'!$R$2:$R$538,"<="&$B41),AH40) | AI41: =IF(COUNTIFS('HD Dump'!$U$2:$U$538,H$7,'HD Dump'!$R$2:$R$538,">="&$B41-90,'HD Dump'!$R$2:$R$538,"<="&$B41)>0,AVERAGEIFS('HD Dump'!$O$2:$O$538,'HD Dump'!$U$2:$U$538,H$7,'HD Dump'!$R$2:$R$538,">="&$B41-90,'HD Dump'!$R$2:$R$538,"<="&$B41),AI40) | AJ41: =IF(COUNTIFS('HD Dump'!$U$2:$U$538,I$7,'HD Dump'!$R$2:$R$538,">="&$B41-90,'HD Dump'!$R$2:$R$538,"<="&$B41)>0,AVERAGEIFS('HD Dump'!$O$2:$O$538,'HD Dump'!$U$2:$U$538,I$7,'HD Dump'!$R$2:$R$538,">="&$B41-90,'HD Dump'!$R$2:$R$538,"<="&$B41),AJ40) | AK41: =IF(COUNTIFS('HD Dump'!$U$2:$U$538,J$7,'HD Dump'!$R$2:$R$538,">="&$B41-90,'HD Dump'!$R$2:$R$538,"<="&$B41)>0,AVERAGEIFS('HD Dump'!$O$2:$O$538,'HD Dump'!$U$2:$U$538,J$7,'HD Dump'!$R$2:$R$538,">="&$B41-90,'HD Dump'!$R$2:$R$538,"<="&$B41),AK40) | AL41: =IF(COUNTIFS('HD Dump'!$U$2:$U$538,K$7,'HD Dump'!$R$2:$R$538,">="&$B41-90,'HD Dump'!$R$2:$R$538,"<="&$B41)>0,AVERAGEIFS('HD Dump'!$O$2:$O$538,'HD Dump'!$U$2:$U$538,K$7,'HD Dump'!$R$2:$R$538,">="&$B41-90,'HD Dump'!$R$2:$R$538,"<="&$B41),AL40) | AN41: =IFERROR(SUMPRODUCT((TEXT('RR Dump'!$L$2:$L$361,"yyyy-mm")=TEXT($B41,"yyyy-mm"))*((RRA!$A$109:$A$468=1)*RRA!$E$20+(RRA!$A$109:$A$468=2)*RRA!$E$21+(RRA!$A$109:$A$468=3)*RRA!$E$22+(RRA!$A$109:$A$468=4)*RRA!$E$23))/SUMPRODUCT((TEXT('RR Dump'!$L$2:$L$361,"yyyy-mm")=TEXT($B41,"yyyy-mm"))*1),0) | AO41: =IFERROR(SUMPRODUCT((TEXT('RR Dump'!$L$2:$L$361,"yyyy-mm")=TEXT($B41,"yyyy-mm"))*((RRA!$A$109:$A$468=1)*RRA!$E$25+(RRA!$A$109:$A$468=2)*RRA!$E$26+(RRA!$A$109:$A$468=3)*RRA!$E$27+(RRA!$A$109:$A$468=4)*RRA!$E$28))/SUMPRODUCT((TEXT('RR Dump'!$L$2:$L$361,"yyyy-mm")=TEXT($B41,"yyyy-mm"))*1),0)
B42: 46446 | C42: Projected | D42: =IFERROR(INDEX(RRA!$E$48:$EX$48,MATCH($B42,RRA!$E$33:$EX$33,0))/360,"") | F42: =IFERROR((INDEX(RRA!$E$49:$EX$49,MATCH($B42,RRA!$E$33:$EX$33,0))/360*360-(1-$F42)*360*$D42)/($F42*360),"") | G42: =IFERROR('Cash Flow (Annual)'!$K$14,"") | H42: =IFERROR($F42/$D42-1,"") | I42: =SUMPRODUCT((TEXT('RR Dump'!$L$2:$L$361,"yyyy-mm")=TEXT($B42,"yyyy-mm"))*((RRA!$A$109:$A$468=1)*RRA!$E$15+(RRA!$A$109:$A$468=2)*RRA!$E$16+(RRA!$A$109:$A$468=3)*RRA!$E$17+(RRA!$A$109:$A$468=4)*RRA!$E$18))+SUMPRODUCT((TEXT(EDATE(N('RR Dump'!$L$2:$L$361),RRA!$D$4),"yyyy-mm")=TEXT($B42,"yyyy-mm"))*((RRA!$A$109:$A$468=1)*RRA!$E$15+(RRA!$A$109:$A$468=2)*RRA!$E$16+(RRA!$A$109:$A$468=3)*RRA!$E$17+(RRA!$A$109:$A$468=4)*RRA!$E$18)) | J42: =IFERROR($L42-$J42,"") | K42: =IFERROR($K42,"") | L42: =SUMPRODUCT((TEXT('RR Dump'!$L$2:$L$361,"yyyy-mm")=TEXT($B42,"yyyy-mm"))*1)+SUMPRODUCT((TEXT(EDATE(N('RR Dump'!$L$2:$L$361),RRA!$D$4),"yyyy-mm")=TEXT($B42,"yyyy-mm"))*1) | M42: =IFERROR(SUMPRODUCT((TEXT('RR Dump'!$L$2:$L$361,"yyyy-mm")=TEXT($B42,"yyyy-mm"))*N('RR Dump'!$I$2:$I$361))/SUMPRODUCT((TEXT('RR Dump'!$L$2:$L$361,"yyyy-mm")=TEXT($B42,"yyyy-mm"))*1),"") | N42: =IFERROR(MAX($M42+AN42*($D42-$M42),$M42*(1+AO42)),"") | O42: =IFERROR($N42/$M42-1,"") | P42: =IFERROR($D42,"") | T42: =IF(COUNTIFS('HD Dump'!$U$2:$U$538,C$7,'HD Dump'!$R$2:$R$538,">="&$B42-90,'HD Dump'!$R$2:$R$538,"<="&$B42)>0,AVERAGEIFS('HD Dump'!$M$2:$M$538,'HD Dump'!$U$2:$U$538,C$7,'HD Dump'!$R$2:$R$538,">="&$B42-90,'HD Dump'!$R$2:$R$538,"<="&$B42),T41) | U42: =IF(COUNTIFS('HD Dump'!$U$2:$U$538,D$7,'HD Dump'!$R$2:$R$538,">="&$B42-90,'HD Dump'!$R$2:$R$538,"<="&$B42)>0,AVERAGEIFS('HD Dump'!$M$2:$M$538,'HD Dump'!$U$2:$U$538,D$7,'HD Dump'!$R$2:$R$538,">="&$B42-90,'HD Dump'!$R$2:$R$538,"<="&$B42),U41) | V42: =IF(COUNTIFS('HD Dump'!$U$2:$U$538,E$7,'HD Dump'!$R$2:$R$538,">="&$B42-90,'HD Dump'!$R$2:$R$538,"<="&$B42)>0,AVERAGEIFS('HD Dump'!$M$2:$M$538,'HD Dump'!$U$2:$U$538,E$7,'HD Dump'!$R$2:$R$538,">="&$B42-90,'HD Dump'!$R$2:$R$538,"<="&$B42),V41) | W42: =IF(COUNTIFS('HD Dump'!$U$2:$U$538,F$7,'HD Dump'!$R$2:$R$538,">="&$B42-90,'HD Dump'!$R$2:$R$538,"<="&$B42)>0,AVERAGEIFS('HD Dump'!$M$2:$M$538,'HD Dump'!$U$2:$U$538,F$7,'HD Dump'!$R$2:$R$538,">="&$B42-90,'HD Dump'!$R$2:$R$538,"<="&$B42),W41) | X42: =IF(COUNTIFS('HD Dump'!$U$2:$U$538,G$7,'HD Dump'!$R$2:$R$538,">="&$B42-90,'HD Dump'!$R$2:$R$538,"<="&$B42)>0,AVERAGEIFS('HD Dump'!$M$2:$M$538,'HD Dump'!$U$2:$U$538,G$7,'HD Dump'!$R$2:$R$538,">="&$B42-90,'HD Dump'!$R$2:$R$538,"<="&$B42),X41) | Y42: =IF(COUNTIFS('HD Dump'!$U$2:$U$538,H$7,'HD Dump'!$R$2:$R$538,">="&$B42-90,'HD Dump'!$R$2:$R$538,"<="&$B42)>0,AVERAGEIFS('HD Dump'!$M$2:$M$538,'HD Dump'!$U$2:$U$538,H$7,'HD Dump'!$R$2:$R$538,">="&$B42-90,'HD Dump'!$R$2:$R$538,"<="&$B42),Y41) | Z42: =IF(COUNTIFS('HD Dump'!$U$2:$U$538,I$7,'HD Dump'!$R$2:$R$538,">="&$B42-90,'HD Dump'!$R$2:$R$538,"<="&$B42)>0,AVERAGEIFS('HD Dump'!$M$2:$M$538,'HD Dump'!$U$2:$U$538,I$7,'HD Dump'!$R$2:$R$538,">="&$B42-90,'HD Dump'!$R$2:$R$538,"<="&$B42),Z41) | AA42: =IF(COUNTIFS('HD Dump'!$U$2:$U$538,J$7,'HD Dump'!$R$2:$R$538,">="&$B42-90,'HD Dump'!$R$2:$R$538,"<="&$B42)>0,AVERAGEIFS('HD Dump'!$M$2:$M$538,'HD Dump'!$U$2:$U$538,J$7,'HD Dump'!$R$2:$R$538,">="&$B42-90,'HD Dump'!$R$2:$R$538,"<="&$B42),AA41) | AB42: =IF(COUNTIFS('HD Dump'!$U$2:$U$538,K$7,'HD Dump'!$R$2:$R$538,">="&$B42-90,'HD Dump'!$R$2:$R$538,"<="&$B42)>0,AVERAGEIFS('HD Dump'!$M$2:$M$538,'HD Dump'!$U$2:$U$538,K$7,'HD Dump'!$R$2:$R$538,">="&$B42-90,'HD Dump'!$R$2:$R$538,"<="&$B42),AB41) | AD42: =IF(COUNTIFS('HD Dump'!$U$2:$U$538,C$7,'HD Dump'!$R$2:$R$538,">="&$B42-90,'HD Dump'!$R$2:$R$538,"<="&$B42)>0,AVERAGEIFS('HD Dump'!$O$2:$O$538,'HD Dump'!$U$2:$U$538,C$7,'HD Dump'!$R$2:$R$538,">="&$B42-90,'HD Dump'!$R$2:$R$538,"<="&$B42),AD41) | AE42: =IF(COUNTIFS('HD Dump'!$U$2:$U$538,D$7,'HD Dump'!$R$2:$R$538,">="&$B42-90,'HD Dump'!$R$2:$R$538,"<="&$B42)>0,AVERAGEIFS('HD Dump'!$O$2:$O$538,'HD Dump'!$U$2:$U$538,D$7,'HD Dump'!$R$2:$R$538,">="&$B42-90,'HD Dump'!$R$2:$R$538,"<="&$B42),AE41) | AF42: =IF(COUNTIFS('HD Dump'!$U$2:$U$538,E$7,'HD Dump'!$R$2:$R$538,">="&$B42-90,'HD Dump'!$R$2:$R$538,"<="&$B42)>0,AVERAGEIFS('HD Dump'!$O$2:$O$538,'HD Dump'!$U$2:$U$538,E$7,'HD Dump'!$R$2:$R$538,">="&$B42-90,'HD Dump'!$R$2:$R$538,"<="&$B42),AF41) | AG42: =IF(COUNTIFS('HD Dump'!$U$2:$U$538,F$7,'HD Dump'!$R$2:$R$538,">="&$B42-90,'HD Dump'!$R$2:$R$538,"<="&$B42)>0,AVERAGEIFS('HD Dump'!$O$2:$O$538,'HD Dump'!$U$2:$U$538,F$7,'HD Dump'!$R$2:$R$538,">="&$B42-90,'HD Dump'!$R$2:$R$538,"<="&$B42),AG41) | AH42: =IF(COUNTIFS('HD Dump'!$U$2:$U$538,G$7,'HD Dump'!$R$2:$R$538,">="&$B42-90,'HD Dump'!$R$2:$R$538,"<="&$B42)>0,AVERAGEIFS('HD Dump'!$O$2:$O$538,'HD Dump'!$U$2:$U$538,G$7,'HD Dump'!$R$2:$R$538,">="&$B42-90,'HD Dump'!$R$2:$R$538,"<="&$B42),AH41) | AI42: =IF(COUNTIFS('HD Dump'!$U$2:$U$538,H$7,'HD Dump'!$R$2:$R$538,">="&$B42-90,'HD Dump'!$R$2:$R$538,"<="&$B42)>0,AVERAGEIFS('HD Dump'!$O$2:$O$538,'HD Dump'!$U$2:$U$538,H$7,'HD Dump'!$R$2:$R$538,">="&$B42-90,'HD Dump'!$R$2:$R$538,"<="&$B42),AI41) | AJ42: =IF(COUNTIFS('HD Dump'!$U$2:$U$538,I$7,'HD Dump'!$R$2:$R$538,">="&$B42-90,'HD Dump'!$R$2:$R$538,"<="&$B42)>0,AVERAGEIFS('HD Dump'!$O$2:$O$538,'HD Dump'!$U$2:$U$538,I$7,'HD Dump'!$R$2:$R$538,">="&$B42-90,'HD Dump'!$R$2:$R$538,"<="&$B42),AJ41) | AK42: =IF(COUNTIFS('HD Dump'!$U$2:$U$538,J$7,'HD Dump'!$R$2:$R$538,">="&$B42-90,'HD Dump'!$R$2:$R$538,"<="&$B42)>0,AVERAGEIFS('HD Dump'!$O$2:$O$538,'HD Dump'!$U$2:$U$538,J$7,'HD Dump'!$R$2:$R$538,">="&$B42-90,'HD Dump'!$R$2:$R$538,"<="&$B42),AK41) | AL42: =IF(COUNTIFS('HD Dump'!$U$2:$U$538,K$7,'HD Dump'!$R$2:$R$538,">="&$B42-90,'HD Dump'!$R$2:$R$538,"<="&$B42)>0,AVERAGEIFS('HD Dump'!$O$2:$O$538,'HD Dump'!$U$2:$U$538,K$7,'HD Dump'!$R$2:$R$538,">="&$B42-90,'HD Dump'!$R$2:$R$538,"<="&$B42),AL41) | AN42: =IFERROR(SUMPRODUCT((TEXT('RR Dump'!$L$2:$L$361,"yyyy-mm")=TEXT($B42,"yyyy-mm"))*((RRA!$A$109:$A$468=1)*RRA!$E$20+(RRA!$A$109:$A$468=2)*RRA!$E$21+(RRA!$A$109:$A$468=3)*RRA!$E$22+(RRA!$A$109:$A$468=4)*RRA!$E$23))/SUMPRODUCT((TEXT('RR Dump'!$L$2:$L$361,"yyyy-mm")=TEXT($B42,"yyyy-mm"))*1),0) | AO42: =IFERROR(SUMPRODUCT((TEXT('RR Dump'!$L$2:$L$361,"yyyy-mm")=TEXT($B42,"yyyy-mm"))*((RRA!$A$109:$A$468=1)*RRA!$E$25+(RRA!$A$109:$A$468=2)*RRA!$E$26+(RRA!$A$109:$A$468=3)*RRA!$E$27+(RRA!$A$109:$A$468=4)*RRA!$E$28))/SUMPRODUCT((TEXT('RR Dump'!$L$2:$L$361,"yyyy-mm")=TEXT($B42,"yyyy-mm"))*1),0)
B43: 46477 | C43: Projected | D43: =IFERROR(INDEX(RRA!$E$48:$EX$48,MATCH($B43,RRA!$E$33:$EX$33,0))/360,"") | F43: =IFERROR((INDEX(RRA!$E$49:$EX$49,MATCH($B43,RRA!$E$33:$EX$33,0))/360*360-(1-$F43)*360*$D43)/($F43*360),"") | G43: =IFERROR('Cash Flow (Annual)'!$K$14,"") | H43: =IFERROR($F43/$D43-1,"") | I43: =SUMPRODUCT((TEXT('RR Dump'!$L$2:$L$361,"yyyy-mm")=TEXT($B43,"yyyy-mm"))*((RRA!$A$109:$A$468=1)*RRA!$E$15+(RRA!$A$109:$A$468=2)*RRA!$E$16+(RRA!$A$109:$A$468=3)*RRA!$E$17+(RRA!$A$109:$A$468=4)*RRA!$E$18))+SUMPRODUCT((TEXT(EDATE(N('RR Dump'!$L$2:$L$361),RRA!$D$4),"yyyy-mm")=TEXT($B43,"yyyy-mm"))*((RRA!$A$109:$A$468=1)*RRA!$E$15+(RRA!$A$109:$A$468=2)*RRA!$E$16+(RRA!$A$109:$A$468=3)*RRA!$E$17+(RRA!$A$109:$A$468=4)*RRA!$E$18)) | J43: =IFERROR($L43-$J43,"") | K43: =IFERROR($K43,"") | L43: =SUMPRODUCT((TEXT('RR Dump'!$L$2:$L$361,"yyyy-mm")=TEXT($B43,"yyyy-mm"))*1)+SUMPRODUCT((TEXT(EDATE(N('RR Dump'!$L$2:$L$361),RRA!$D$4),"yyyy-mm")=TEXT($B43,"yyyy-mm"))*1) | M43: =IFERROR(SUMPRODUCT((TEXT('RR Dump'!$L$2:$L$361,"yyyy-mm")=TEXT($B43,"yyyy-mm"))*N('RR Dump'!$I$2:$I$361))/SUMPRODUCT((TEXT('RR Dump'!$L$2:$L$361,"yyyy-mm")=TEXT($B43,"yyyy-mm"))*1),"") | N43: =IFERROR(MAX($M43+AN43*($D43-$M43),$M43*(1+AO43)),"") | O43: =IFERROR($N43/$M43-1,"") | P43: =IFERROR($D43,"") | T43: =IF(COUNTIFS('HD Dump'!$U$2:$U$538,C$7,'HD Dump'!$R$2:$R$538,">="&$B43-90,'HD Dump'!$R$2:$R$538,"<="&$B43)>0,AVERAGEIFS('HD Dump'!$M$2:$M$538,'HD Dump'!$U$2:$U$538,C$7,'HD Dump'!$R$2:$R$538,">="&$B43-90,'HD Dump'!$R$2:$R$538,"<="&$B43),T42) | U43: =IF(COUNTIFS('HD Dump'!$U$2:$U$538,D$7,'HD Dump'!$R$2:$R$538,">="&$B43-90,'HD Dump'!$R$2:$R$538,"<="&$B43)>0,AVERAGEIFS('HD Dump'!$M$2:$M$538,'HD Dump'!$U$2:$U$538,D$7,'HD Dump'!$R$2:$R$538,">="&$B43-90,'HD Dump'!$R$2:$R$538,"<="&$B43),U42) | V43: =IF(COUNTIFS('HD Dump'!$U$2:$U$538,E$7,'HD Dump'!$R$2:$R$538,">="&$B43-90,'HD Dump'!$R$2:$R$538,"<="&$B43)>0,AVERAGEIFS('HD Dump'!$M$2:$M$538,'HD Dump'!$U$2:$U$538,E$7,'HD Dump'!$R$2:$R$538,">="&$B43-90,'HD Dump'!$R$2:$R$538,"<="&$B43),V42) | W43: =IF(COUNTIFS('HD Dump'!$U$2:$U$538,F$7,'HD Dump'!$R$2:$R$538,">="&$B43-90,'HD Dump'!$R$2:$R$538,"<="&$B43)>0,AVERAGEIFS('HD Dump'!$M$2:$M$538,'HD Dump'!$U$2:$U$538,F$7,'HD Dump'!$R$2:$R$538,">="&$B43-90,'HD Dump'!$R$2:$R$538,"<="&$B43),W42) | X43: =IF(COUNTIFS('HD Dump'!$U$2:$U$538,G$7,'HD Dump'!$R$2:$R$538,">="&$B43-90,'HD Dump'!$R$2:$R$538,"<="&$B43)>0,AVERAGEIFS('HD Dump'!$M$2:$M$538,'HD Dump'!$U$2:$U$538,G$7,'HD Dump'!$R$2:$R$538,">="&$B43-90,'HD Dump'!$R$2:$R$538,"<="&$B43),X42) | Y43: =IF(COUNTIFS('HD Dump'!$U$2:$U$538,H$7,'HD Dump'!$R$2:$R$538,">="&$B43-90,'HD Dump'!$R$2:$R$538,"<="&$B43)>0,AVERAGEIFS('HD Dump'!$M$2:$M$538,'HD Dump'!$U$2:$U$538,H$7,'HD Dump'!$R$2:$R$538,">="&$B43-90,'HD Dump'!$R$2:$R$538,"<="&$B43),Y42) | Z43: =IF(COUNTIFS('HD Dump'!$U$2:$U$538,I$7,'HD Dump'!$R$2:$R$538,">="&$B43-90,'HD Dump'!$R$2:$R$538,"<="&$B43)>0,AVERAGEIFS('HD Dump'!$M$2:$M$538,'HD Dump'!$U$2:$U$538,I$7,'HD Dump'!$R$2:$R$538,">="&$B43-90,'HD Dump'!$R$2:$R$538,"<="&$B43),Z42) | AA43: =IF(COUNTIFS('HD Dump'!$U$2:$U$538,J$7,'HD Dump'!$R$2:$R$538,">="&$B43-90,'HD Dump'!$R$2:$R$538,"<="&$B43)>0,AVERAGEIFS('HD Dump'!$M$2:$M$538,'HD Dump'!$U$2:$U$538,J$7,'HD Dump'!$R$2:$R$538,">="&$B43-90,'HD Dump'!$R$2:$R$538,"<="&$B43),AA42) | AB43: =IF(COUNTIFS('HD Dump'!$U$2:$U$538,K$7,'HD Dump'!$R$2:$R$538,">="&$B43-90,'HD Dump'!$R$2:$R$538,"<="&$B43)>0,AVERAGEIFS('HD Dump'!$M$2:$M$538,'HD Dump'!$U$2:$U$538,K$7,'HD Dump'!$R$2:$R$538,">="&$B43-90,'HD Dump'!$R$2:$R$538,"<="&$B43),AB42) | AD43: =IF(COUNTIFS('HD Dump'!$U$2:$U$538,C$7,'HD Dump'!$R$2:$R$538,">="&$B43-90,'HD Dump'!$R$2:$R$538,"<="&$B43)>0,AVERAGEIFS('HD Dump'!$O$2:$O$538,'HD Dump'!$U$2:$U$538,C$7,'HD Dump'!$R$2:$R$538,">="&$B43-90,'HD Dump'!$R$2:$R$538,"<="&$B43),AD42) | AE43: =IF(COUNTIFS('HD Dump'!$U$2:$U$538,D$7,'HD Dump'!$R$2:$R$538,">="&$B43-90,'HD Dump'!$R$2:$R$538,"<="&$B43)>0,AVERAGEIFS('HD Dump'!$O$2:$O$538,'HD Dump'!$U$2:$U$538,D$7,'HD Dump'!$R$2:$R$538,">="&$B43-90,'HD Dump'!$R$2:$R$538,"<="&$B43),AE42) | AF43: =IF(COUNTIFS('HD Dump'!$U$2:$U$538,E$7,'HD Dump'!$R$2:$R$538,">="&$B43-90,'HD Dump'!$R$2:$R$538,"<="&$B43)>0,AVERAGEIFS('HD Dump'!$O$2:$O$538,'HD Dump'!$U$2:$U$538,E$7,'HD Dump'!$R$2:$R$538,">="&$B43-90,'HD Dump'!$R$2:$R$538,"<="&$B43),AF42) | AG43: =IF(COUNTIFS('HD Dump'!$U$2:$U$538,F$7,'HD Dump'!$R$2:$R$538,">="&$B43-90,'HD Dump'!$R$2:$R$538,"<="&$B43)>0,AVERAGEIFS('HD Dump'!$O$2:$O$538,'HD Dump'!$U$2:$U$538,F$7,'HD Dump'!$R$2:$R$538,">="&$B43-90,'HD Dump'!$R$2:$R$538,"<="&$B43),AG42) | AH43: =IF(COUNTIFS('HD Dump'!$U$2:$U$538,G$7,'HD Dump'!$R$2:$R$538,">="&$B43-90,'HD Dump'!$R$2:$R$538,"<="&$B43)>0,AVERAGEIFS('HD Dump'!$O$2:$O$538,'HD Dump'!$U$2:$U$538,G$7,'HD Dump'!$R$2:$R$538,">="&$B43-90,'HD Dump'!$R$2:$R$538,"<="&$B43),AH42) | AI43: =IF(COUNTIFS('HD Dump'!$U$2:$U$538,H$7,'HD Dump'!$R$2:$R$538,">="&$B43-90,'HD Dump'!$R$2:$R$538,"<="&$B43)>0,AVERAGEIFS('HD Dump'!$O$2:$O$538,'HD Dump'!$U$2:$U$538,H$7,'HD Dump'!$R$2:$R$538,">="&$B43-90,'HD Dump'!$R$2:$R$538,"<="&$B43),AI42) | AJ43: =IF(COUNTIFS('HD Dump'!$U$2:$U$538,I$7,'HD Dump'!$R$2:$R$538,">="&$B43-90,'HD Dump'!$R$2:$R$538,"<="&$B43)>0,AVERAGEIFS('HD Dump'!$O$2:$O$538,'HD Dump'!$U$2:$U$538,I$7,'HD Dump'!$R$2:$R$538,">="&$B43-90,'HD Dump'!$R$2:$R$538,"<="&$B43),AJ42) | AK43: =IF(COUNTIFS('HD Dump'!$U$2:$U$538,J$7,'HD Dump'!$R$2:$R$538,">="&$B43-90,'HD Dump'!$R$2:$R$538,"<="&$B43)>0,AVERAGEIFS('HD Dump'!$O$2:$O$538,'HD Dump'!$U$2:$U$538,J$7,'HD Dump'!$R$2:$R$538,">="&$B43-90,'HD Dump'!$R$2:$R$538,"<="&$B43),AK42) | AL43: =IF(COUNTIFS('HD Dump'!$U$2:$U$538,K$7,'HD Dump'!$R$2:$R$538,">="&$B43-90,'HD Dump'!$R$2:$R$538,"<="&$B43)>0,AVERAGEIFS('HD Dump'!$O$2:$O$538,'HD Dump'!$U$2:$U$538,K$7,'HD Dump'!$R$2:$R$538,">="&$B43-90,'HD Dump'!$R$2:$R$538,"<="&$B43),AL42) | AN43: =IFERROR(SUMPRODUCT((TEXT('RR Dump'!$L$2:$L$361,"yyyy-mm")=TEXT($B43,"yyyy-mm"))*((RRA!$A$109:$A$468=1)*RRA!$E$20+(RRA!$A$109:$A$468=2)*RRA!$E$21+(RRA!$A$109:$A$468=3)*RRA!$E$22+(RRA!$A$109:$A$468=4)*RRA!$E$23))/SUMPRODUCT((TEXT('RR Dump'!$L$2:$L$361,"yyyy-mm")=TEXT($B43,"yyyy-mm"))*1),0) | AO43: =IFERROR(SUMPRODUCT((TEXT('RR Dump'!$L$2:$L$361,"yyyy-mm")=TEXT($B43,"yyyy-mm"))*((RRA!$A$109:$A$468=1)*RRA!$E$25+(RRA!$A$109:$A$468=2)*RRA!$E$26+(RRA!$A$109:$A$468=3)*RRA!$E$27+(RRA!$A$109:$A$468=4)*RRA!$E$28))/SUMPRODUCT((TEXT('RR Dump'!$L$2:$L$361,"yyyy-mm")=TEXT($B43,"yyyy-mm"))*1),0)
B44: 46507 | C44: Projected | D44: =IFERROR(INDEX(RRA!$E$48:$EX$48,MATCH($B44,RRA!$E$33:$EX$33,0))/360,"") | F44: =IFERROR((INDEX(RRA!$E$49:$EX$49,MATCH($B44,RRA!$E$33:$EX$33,0))/360*360-(1-$F44)*360*$D44)/($F44*360),"") | G44: =IFERROR('Cash Flow (Annual)'!$K$14,"") | H44: =IFERROR($F44/$D44-1,"") | I44: =SUMPRODUCT((TEXT('RR Dump'!$L$2:$L$361,"yyyy-mm")=TEXT($B44,"yyyy-mm"))*((RRA!$A$109:$A$468=1)*RRA!$E$15+(RRA!$A$109:$A$468=2)*RRA!$E$16+(RRA!$A$109:$A$468=3)*RRA!$E$17+(RRA!$A$109:$A$468=4)*RRA!$E$18))+SUMPRODUCT((TEXT(EDATE(N('RR Dump'!$L$2:$L$361),RRA!$D$4),"yyyy-mm")=TEXT($B44,"yyyy-mm"))*((RRA!$A$109:$A$468=1)*RRA!$E$15+(RRA!$A$109:$A$468=2)*RRA!$E$16+(RRA!$A$109:$A$468=3)*RRA!$E$17+(RRA!$A$109:$A$468=4)*RRA!$E$18)) | J44: =IFERROR($L44-$J44,"") | K44: =IFERROR($K44,"") | L44: =SUMPRODUCT((TEXT('RR Dump'!$L$2:$L$361,"yyyy-mm")=TEXT($B44,"yyyy-mm"))*1)+SUMPRODUCT((TEXT(EDATE(N('RR Dump'!$L$2:$L$361),RRA!$D$4),"yyyy-mm")=TEXT($B44,"yyyy-mm"))*1) | M44: =IFERROR(SUMPRODUCT((TEXT('RR Dump'!$L$2:$L$361,"yyyy-mm")=TEXT($B44,"yyyy-mm"))*N('RR Dump'!$I$2:$I$361))/SUMPRODUCT((TEXT('RR Dump'!$L$2:$L$361,"yyyy-mm")=TEXT($B44,"yyyy-mm"))*1),"") | N44: =IFERROR(MAX($M44+AN44*($D44-$M44),$M44*(1+AO44)),"") | O44: =IFERROR($N44/$M44-1,"") | P44: =IFERROR($D44,"") | T44: =IF(COUNTIFS('HD Dump'!$U$2:$U$538,C$7,'HD Dump'!$R$2:$R$538,">="&$B44-90,'HD Dump'!$R$2:$R$538,"<="&$B44)>0,AVERAGEIFS('HD Dump'!$M$2:$M$538,'HD Dump'!$U$2:$U$538,C$7,'HD Dump'!$R$2:$R$538,">="&$B44-90,'HD Dump'!$R$2:$R$538,"<="&$B44),T43) | U44: =IF(COUNTIFS('HD Dump'!$U$2:$U$538,D$7,'HD Dump'!$R$2:$R$538,">="&$B44-90,'HD Dump'!$R$2:$R$538,"<="&$B44)>0,AVERAGEIFS('HD Dump'!$M$2:$M$538,'HD Dump'!$U$2:$U$538,D$7,'HD Dump'!$R$2:$R$538,">="&$B44-90,'HD Dump'!$R$2:$R$538,"<="&$B44),U43) | V44: =IF(COUNTIFS('HD Dump'!$U$2:$U$538,E$7,'HD Dump'!$R$2:$R$538,">="&$B44-90,'HD Dump'!$R$2:$R$538,"<="&$B44)>0,AVERAGEIFS('HD Dump'!$M$2:$M$538,'HD Dump'!$U$2:$U$538,E$7,'HD Dump'!$R$2:$R$538,">="&$B44-90,'HD Dump'!$R$2:$R$538,"<="&$B44),V43) | W44: =IF(COUNTIFS('HD Dump'!$U$2:$U$538,F$7,'HD Dump'!$R$2:$R$538,">="&$B44-90,'HD Dump'!$R$2:$R$538,"<="&$B44)>0,AVERAGEIFS('HD Dump'!$M$2:$M$538,'HD Dump'!$U$2:$U$538,F$7,'HD Dump'!$R$2:$R$538,">="&$B44-90,'HD Dump'!$R$2:$R$538,"<="&$B44),W43) | X44: =IF(COUNTIFS('HD Dump'!$U$2:$U$538,G$7,'HD Dump'!$R$2:$R$538,">="&$B44-90,'HD Dump'!$R$2:$R$538,"<="&$B44)>0,AVERAGEIFS('HD Dump'!$M$2:$M$538,'HD Dump'!$U$2:$U$538,G$7,'HD Dump'!$R$2:$R$538,">="&$B44-90,'HD Dump'!$R$2:$R$538,"<="&$B44),X43) | Y44: =IF(COUNTIFS('HD Dump'!$U$2:$U$538,H$7,'HD Dump'!$R$2:$R$538,">="&$B44-90,'HD Dump'!$R$2:$R$538,"<="&$B44)>0,AVERAGEIFS('HD Dump'!$M$2:$M$538,'HD Dump'!$U$2:$U$538,H$7,'HD Dump'!$R$2:$R$538,">="&$B44-90,'HD Dump'!$R$2:$R$538,"<="&$B44),Y43) | Z44: =IF(COUNTIFS('HD Dump'!$U$2:$U$538,I$7,'HD Dump'!$R$2:$R$538,">="&$B44-90,'HD Dump'!$R$2:$R$538,"<="&$B44)>0,AVERAGEIFS('HD Dump'!$M$2:$M$538,'HD Dump'!$U$2:$U$538,I$7,'HD Dump'!$R$2:$R$538,">="&$B44-90,'HD Dump'!$R$2:$R$538,"<="&$B44),Z43) | AA44: =IF(COUNTIFS('HD Dump'!$U$2:$U$538,J$7,'HD Dump'!$R$2:$R$538,">="&$B44-90,'HD Dump'!$R$2:$R$538,"<="&$B44)>0,AVERAGEIFS('HD Dump'!$M$2:$M$538,'HD Dump'!$U$2:$U$538,J$7,'HD Dump'!$R$2:$R$538,">="&$B44-90,'HD Dump'!$R$2:$R$538,"<="&$B44),AA43) | AB44: =IF(COUNTIFS('HD Dump'!$U$2:$U$538,K$7,'HD Dump'!$R$2:$R$538,">="&$B44-90,'HD Dump'!$R$2:$R$538,"<="&$B44)>0,AVERAGEIFS('HD Dump'!$M$2:$M$538,'HD Dump'!$U$2:$U$538,K$7,'HD Dump'!$R$2:$R$538,">="&$B44-90,'HD Dump'!$R$2:$R$538,"<="&$B44),AB43) | AD44: =IF(COUNTIFS('HD Dump'!$U$2:$U$538,C$7,'HD Dump'!$R$2:$R$538,">="&$B44-90,'HD Dump'!$R$2:$R$538,"<="&$B44)>0,AVERAGEIFS('HD Dump'!$O$2:$O$538,'HD Dump'!$U$2:$U$538,C$7,'HD Dump'!$R$2:$R$538,">="&$B44-90,'HD Dump'!$R$2:$R$538,"<="&$B44),AD43) | AE44: =IF(COUNTIFS('HD Dump'!$U$2:$U$538,D$7,'HD Dump'!$R$2:$R$538,">="&$B44-90,'HD Dump'!$R$2:$R$538,"<="&$B44)>0,AVERAGEIFS('HD Dump'!$O$2:$O$538,'HD Dump'!$U$2:$U$538,D$7,'HD Dump'!$R$2:$R$538,">="&$B44-90,'HD Dump'!$R$2:$R$538,"<="&$B44),AE43) | AF44: =IF(COUNTIFS('HD Dump'!$U$2:$U$538,E$7,'HD Dump'!$R$2:$R$538,">="&$B44-90,'HD Dump'!$R$2:$R$538,"<="&$B44)>0,AVERAGEIFS('HD Dump'!$O$2:$O$538,'HD Dump'!$U$2:$U$538,E$7,'HD Dump'!$R$2:$R$538,">="&$B44-90,'HD Dump'!$R$2:$R$538,"<="&$B44),AF43) | AG44: =IF(COUNTIFS('HD Dump'!$U$2:$U$538,F$7,'HD Dump'!$R$2:$R$538,">="&$B44-90,'HD Dump'!$R$2:$R$538,"<="&$B44)>0,AVERAGEIFS('HD Dump'!$O$2:$O$538,'HD Dump'!$U$2:$U$538,F$7,'HD Dump'!$R$2:$R$538,">="&$B44-90,'HD Dump'!$R$2:$R$538,"<="&$B44),AG43) | AH44: =IF(COUNTIFS('HD Dump'!$U$2:$U$538,G$7,'HD Dump'!$R$2:$R$538,">="&$B44-90,'HD Dump'!$R$2:$R$538,"<="&$B44)>0,AVERAGEIFS('HD Dump'!$O$2:$O$538,'HD Dump'!$U$2:$U$538,G$7,'HD Dump'!$R$2:$R$538,">="&$B44-90,'HD Dump'!$R$2:$R$538,"<="&$B44),AH43) | AI44: =IF(COUNTIFS('HD Dump'!$U$2:$U$538,H$7,'HD Dump'!$R$2:$R$538,">="&$B44-90,'HD Dump'!$R$2:$R$538,"<="&$B44)>0,AVERAGEIFS('HD Dump'!$O$2:$O$538,'HD Dump'!$U$2:$U$538,H$7,'HD Dump'!$R$2:$R$538,">="&$B44-90,'HD Dump'!$R$2:$R$538,"<="&$B44),AI43) | AJ44: =IF(COUNTIFS('HD Dump'!$U$2:$U$538,I$7,'HD Dump'!$R$2:$R$538,">="&$B44-90,'HD Dump'!$R$2:$R$538,"<="&$B44)>0,AVERAGEIFS('HD Dump'!$O$2:$O$538,'HD Dump'!$U$2:$U$538,I$7,'HD Dump'!$R$2:$R$538,">="&$B44-90,'HD Dump'!$R$2:$R$538,"<="&$B44),AJ43) | AK44: =IF(COUNTIFS('HD Dump'!$U$2:$U$538,J$7,'HD Dump'!$R$2:$R$538,">="&$B44-90,'HD Dump'!$R$2:$R$538,"<="&$B44)>0,AVERAGEIFS('HD Dump'!$O$2:$O$538,'HD Dump'!$U$2:$U$538,J$7,'HD Dump'!$R$2:$R$538,">="&$B44-90,'HD Dump'!$R$2:$R$538,"<="&$B44),AK43) | AL44: =IF(COUNTIFS('HD Dump'!$U$2:$U$538,K$7,'HD Dump'!$R$2:$R$538,">="&$B44-90,'HD Dump'!$R$2:$R$538,"<="&$B44)>0,AVERAGEIFS('HD Dump'!$O$2:$O$538,'HD Dump'!$U$2:$U$538,K$7,'HD Dump'!$R$2:$R$538,">="&$B44-90,'HD Dump'!$R$2:$R$538,"<="&$B44),AL43) | AN44: =IFERROR(SUMPRODUCT((TEXT('RR Dump'!$L$2:$L$361,"yyyy-mm")=TEXT($B44,"yyyy-mm"))*((RRA!$A$109:$A$468=1)*RRA!$E$20+(RRA!$A$109:$A$468=2)*RRA!$E$21+(RRA!$A$109:$A$468=3)*RRA!$E$22+(RRA!$A$109:$A$468=4)*RRA!$E$23))/SUMPRODUCT((TEXT('RR Dump'!$L$2:$L$361,"yyyy-mm")=TEXT($B44,"yyyy-mm"))*1),0) | AO44: =IFERROR(SUMPRODUCT((TEXT('RR Dump'!$L$2:$L$361,"yyyy-mm")=TEXT($B44,"yyyy-mm"))*((RRA!$A$109:$A$468=1)*RRA!$E$25+(RRA!$A$109:$A$468=2)*RRA!$E$26+(RRA!$A$109:$A$468=3)*RRA!$E$27+(RRA!$A$109:$A$468=4)*RRA!$E$28))/SUMPRODUCT((TEXT('RR Dump'!$L$2:$L$361,"yyyy-mm")=TEXT($B44,"yyyy-mm"))*1),0)
B45: 46538 | C45: Projected | D45: =IFERROR(INDEX(RRA!$E$48:$EX$48,MATCH($B45,RRA!$E$33:$EX$33,0))/360,"") | F45: =IFERROR((INDEX(RRA!$E$49:$EX$49,MATCH($B45,RRA!$E$33:$EX$33,0))/360*360-(1-$F45)*360*$D45)/($F45*360),"") | G45: =IFERROR('Cash Flow (Annual)'!$K$14,"") | H45: =IFERROR($F45/$D45-1,"") | I45: =SUMPRODUCT((TEXT('RR Dump'!$L$2:$L$361,"yyyy-mm")=TEXT($B45,"yyyy-mm"))*((RRA!$A$109:$A$468=1)*RRA!$E$15+(RRA!$A$109:$A$468=2)*RRA!$E$16+(RRA!$A$109:$A$468=3)*RRA!$E$17+(RRA!$A$109:$A$468=4)*RRA!$E$18))+SUMPRODUCT((TEXT(EDATE(N('RR Dump'!$L$2:$L$361),RRA!$D$4),"yyyy-mm")=TEXT($B45,"yyyy-mm"))*((RRA!$A$109:$A$468=1)*RRA!$E$15+(RRA!$A$109:$A$468=2)*RRA!$E$16+(RRA!$A$109:$A$468=3)*RRA!$E$17+(RRA!$A$109:$A$468=4)*RRA!$E$18)) | J45: =IFERROR($L45-$J45,"") | K45: =IFERROR($K45,"") | L45: =SUMPRODUCT((TEXT('RR Dump'!$L$2:$L$361,"yyyy-mm")=TEXT($B45,"yyyy-mm"))*1)+SUMPRODUCT((TEXT(EDATE(N('RR Dump'!$L$2:$L$361),RRA!$D$4),"yyyy-mm")=TEXT($B45,"yyyy-mm"))*1) | M45: =IFERROR(SUMPRODUCT((TEXT('RR Dump'!$L$2:$L$361,"yyyy-mm")=TEXT($B45,"yyyy-mm"))*N('RR Dump'!$I$2:$I$361))/SUMPRODUCT((TEXT('RR Dump'!$L$2:$L$361,"yyyy-mm")=TEXT($B45,"yyyy-mm"))*1),"") | N45: =IFERROR(MAX($M45+AN45*($D45-$M45),$M45*(1+AO45)),"") | O45: =IFERROR($N45/$M45-1,"") | P45: =IFERROR($D45,"") | T45: =IF(COUNTIFS('HD Dump'!$U$2:$U$538,C$7,'HD Dump'!$R$2:$R$538,">="&$B45-90,'HD Dump'!$R$2:$R$538,"<="&$B45)>0,AVERAGEIFS('HD Dump'!$M$2:$M$538,'HD Dump'!$U$2:$U$538,C$7,'HD Dump'!$R$2:$R$538,">="&$B45-90,'HD Dump'!$R$2:$R$538,"<="&$B45),T44) | U45: =IF(COUNTIFS('HD Dump'!$U$2:$U$538,D$7,'HD Dump'!$R$2:$R$538,">="&$B45-90,'HD Dump'!$R$2:$R$538,"<="&$B45)>0,AVERAGEIFS('HD Dump'!$M$2:$M$538,'HD Dump'!$U$2:$U$538,D$7,'HD Dump'!$R$2:$R$538,">="&$B45-90,'HD Dump'!$R$2:$R$538,"<="&$B45),U44) | V45: =IF(COUNTIFS('HD Dump'!$U$2:$U$538,E$7,'HD Dump'!$R$2:$R$538,">="&$B45-90,'HD Dump'!$R$2:$R$538,"<="&$B45)>0,AVERAGEIFS('HD Dump'!$M$2:$M$538,'HD Dump'!$U$2:$U$538,E$7,'HD Dump'!$R$2:$R$538,">="&$B45-90,'HD Dump'!$R$2:$R$538,"<="&$B45),V44) | W45: =IF(COUNTIFS('HD Dump'!$U$2:$U$538,F$7,'HD Dump'!$R$2:$R$538,">="&$B45-90,'HD Dump'!$R$2:$R$538,"<="&$B45)>0,AVERAGEIFS('HD Dump'!$M$2:$M$538,'HD Dump'!$U$2:$U$538,F$7,'HD Dump'!$R$2:$R$538,">="&$B45-90,'HD Dump'!$R$2:$R$538,"<="&$B45),W44) | X45: =IF(COUNTIFS('HD Dump'!$U$2:$U$538,G$7,'HD Dump'!$R$2:$R$538,">="&$B45-90,'HD Dump'!$R$2:$R$538,"<="&$B45)>0,AVERAGEIFS('HD Dump'!$M$2:$M$538,'HD Dump'!$U$2:$U$538,G$7,'HD Dump'!$R$2:$R$538,">="&$B45-90,'HD Dump'!$R$2:$R$538,"<="&$B45),X44) | Y45: =IF(COUNTIFS('HD Dump'!$U$2:$U$538,H$7,'HD Dump'!$R$2:$R$538,">="&$B45-90,'HD Dump'!$R$2:$R$538,"<="&$B45)>0,AVERAGEIFS('HD Dump'!$M$2:$M$538,'HD Dump'!$U$2:$U$538,H$7,'HD Dump'!$R$2:$R$538,">="&$B45-90,'HD Dump'!$R$2:$R$538,"<="&$B45),Y44) | Z45: =IF(COUNTIFS('HD Dump'!$U$2:$U$538,I$7,'HD Dump'!$R$2:$R$538,">="&$B45-90,'HD Dump'!$R$2:$R$538,"<="&$B45)>0,AVERAGEIFS('HD Dump'!$M$2:$M$538,'HD Dump'!$U$2:$U$538,I$7,'HD Dump'!$R$2:$R$538,">="&$B45-90,'HD Dump'!$R$2:$R$538,"<="&$B45),Z44) | AA45: =IF(COUNTIFS('HD Dump'!$U$2:$U$538,J$7,'HD Dump'!$R$2:$R$538,">="&$B45-90,'HD Dump'!$R$2:$R$538,"<="&$B45)>0,AVERAGEIFS('HD Dump'!$M$2:$M$538,'HD Dump'!$U$2:$U$538,J$7,'HD Dump'!$R$2:$R$538,">="&$B45-90,'HD Dump'!$R$2:$R$538,"<="&$B45),AA44) | AB45: =IF(COUNTIFS('HD Dump'!$U$2:$U$538,K$7,'HD Dump'!$R$2:$R$538,">="&$B45-90,'HD Dump'!$R$2:$R$538,"<="&$B45)>0,AVERAGEIFS('HD Dump'!$M$2:$M$538,'HD Dump'!$U$2:$U$538,K$7,'HD Dump'!$R$2:$R$538,">="&$B45-90,'HD Dump'!$R$2:$R$538,"<="&$B45),AB44) | AD45: =IF(COUNTIFS('HD Dump'!$U$2:$U$538,C$7,'HD Dump'!$R$2:$R$538,">="&$B45-90,'HD Dump'!$R$2:$R$538,"<="&$B45)>0,AVERAGEIFS('HD Dump'!$O$2:$O$538,'HD Dump'!$U$2:$U$538,C$7,'HD Dump'!$R$2:$R$538,">="&$B45-90,'HD Dump'!$R$2:$R$538,"<="&$B45),AD44) | AE45: =IF(COUNTIFS('HD Dump'!$U$2:$U$538,D$7,'HD Dump'!$R$2:$R$538,">="&$B45-90,'HD Dump'!$R$2:$R$538,"<="&$B45)>0,AVERAGEIFS('HD Dump'!$O$2:$O$538,'HD Dump'!$U$2:$U$538,D$7,'HD Dump'!$R$2:$R$538,">="&$B45-90,'HD Dump'!$R$2:$R$538,"<="&$B45),AE44) | AF45: =IF(COUNTIFS('HD Dump'!$U$2:$U$538,E$7,'HD Dump'!$R$2:$R$538,">="&$B45-90,'HD Dump'!$R$2:$R$538,"<="&$B45)>0,AVERAGEIFS('HD Dump'!$O$2:$O$538,'HD Dump'!$U$2:$U$538,E$7,'HD Dump'!$R$2:$R$538,">="&$B45-90,'HD Dump'!$R$2:$R$538,"<="&$B45),AF44) | AG45: =IF(COUNTIFS('HD Dump'!$U$2:$U$538,F$7,'HD Dump'!$R$2:$R$538,">="&$B45-90,'HD Dump'!$R$2:$R$538,"<="&$B45)>0,AVERAGEIFS('HD Dump'!$O$2:$O$538,'HD Dump'!$U$2:$U$538,F$7,'HD Dump'!$R$2:$R$538,">="&$B45-90,'HD Dump'!$R$2:$R$538,"<="&$B45),AG44) | AH45: =IF(COUNTIFS('HD Dump'!$U$2:$U$538,G$7,'HD Dump'!$R$2:$R$538,">="&$B45-90,'HD Dump'!$R$2:$R$538,"<="&$B45)>0,AVERAGEIFS('HD Dump'!$O$2:$O$538,'HD Dump'!$U$2:$U$538,G$7,'HD Dump'!$R$2:$R$538,">="&$B45-90,'HD Dump'!$R$2:$R$538,"<="&$B45),AH44) | AI45: =IF(COUNTIFS('HD Dump'!$U$2:$U$538,H$7,'HD Dump'!$R$2:$R$538,">="&$B45-90,'HD Dump'!$R$2:$R$538,"<="&$B45)>0,AVERAGEIFS('HD Dump'!$O$2:$O$538,'HD Dump'!$U$2:$U$538,H$7,'HD Dump'!$R$2:$R$538,">="&$B45-90,'HD Dump'!$R$2:$R$538,"<="&$B45),AI44) | AJ45: =IF(COUNTIFS('HD Dump'!$U$2:$U$538,I$7,'HD Dump'!$R$2:$R$538,">="&$B45-90,'HD Dump'!$R$2:$R$538,"<="&$B45)>0,AVERAGEIFS('HD Dump'!$O$2:$O$538,'HD Dump'!$U$2:$U$538,I$7,'HD Dump'!$R$2:$R$538,">="&$B45-90,'HD Dump'!$R$2:$R$538,"<="&$B45),AJ44) | AK45: =IF(COUNTIFS('HD Dump'!$U$2:$U$538,J$7,'HD Dump'!$R$2:$R$538,">="&$B45-90,'HD Dump'!$R$2:$R$538,"<="&$B45)>0,AVERAGEIFS('HD Dump'!$O$2:$O$538,'HD Dump'!$U$2:$U$538,J$7,'HD Dump'!$R$2:$R$538,">="&$B45-90,'HD Dump'!$R$2:$R$538,"<="&$B45),AK44) | AL45: =IF(COUNTIFS('HD Dump'!$U$2:$U$538,K$7,'HD Dump'!$R$2:$R$538,">="&$B45-90,'HD Dump'!$R$2:$R$538,"<="&$B45)>0,AVERAGEIFS('HD Dump'!$O$2:$O$538,'HD Dump'!$U$2:$U$538,K$7,'HD Dump'!$R$2:$R$538,">="&$B45-90,'HD Dump'!$R$2:$R$538,"<="&$B45),AL44) | AN45: =IFERROR(SUMPRODUCT((TEXT('RR Dump'!$L$2:$L$361,"yyyy-mm")=TEXT($B45,"yyyy-mm"))*((RRA!$A$109:$A$468=1)*RRA!$E$20+(RRA!$A$109:$A$468=2)*RRA!$E$21+(RRA!$A$109:$A$468=3)*RRA!$E$22+(RRA!$A$109:$A$468=4)*RRA!$E$23))/SUMPRODUCT((TEXT('RR Dump'!$L$2:$L$361,"yyyy-mm")=TEXT($B45,"yyyy-mm"))*1),0) | AO45: =IFERROR(SUMPRODUCT((TEXT('RR Dump'!$L$2:$L$361,"yyyy-mm")=TEXT($B45,"yyyy-mm"))*((RRA!$A$109:$A$468=1)*RRA!$E$25+(RRA!$A$109:$A$468=2)*RRA!$E$26+(RRA!$A$109:$A$468=3)*RRA!$E$27+(RRA!$A$109:$A$468=4)*RRA!$E$28))/SUMPRODUCT((TEXT('RR Dump'!$L$2:$L$361,"yyyy-mm")=TEXT($B45,"yyyy-mm"))*1),0)
B46: 46568 | C46: Projected | D46: =IFERROR(INDEX(RRA!$E$48:$EX$48,MATCH($B46,RRA!$E$33:$EX$33,0))/360,"") | F46: =IFERROR((INDEX(RRA!$E$49:$EX$49,MATCH($B46,RRA!$E$33:$EX$33,0))/360*360-(1-$F46)*360*$D46)/($F46*360),"") | G46: =IFERROR('Cash Flow (Annual)'!$K$14,"") | H46: =IFERROR($F46/$D46-1,"") | I46: =SUMPRODUCT((TEXT('RR Dump'!$L$2:$L$361,"yyyy-mm")=TEXT($B46,"yyyy-mm"))*((RRA!$A$109:$A$468=1)*RRA!$E$15+(RRA!$A$109:$A$468=2)*RRA!$E$16+(RRA!$A$109:$A$468=3)*RRA!$E$17+(RRA!$A$109:$A$468=4)*RRA!$E$18))+SUMPRODUCT((TEXT(EDATE(N('RR Dump'!$L$2:$L$361),RRA!$D$4),"yyyy-mm")=TEXT($B46,"yyyy-mm"))*((RRA!$A$109:$A$468=1)*RRA!$E$15+(RRA!$A$109:$A$468=2)*RRA!$E$16+(RRA!$A$109:$A$468=3)*RRA!$E$17+(RRA!$A$109:$A$468=4)*RRA!$E$18)) | J46: =IFERROR($L46-$J46,"") | K46: =IFERROR($K46,"") | L46: =SUMPRODUCT((TEXT('RR Dump'!$L$2:$L$361,"yyyy-mm")=TEXT($B46,"yyyy-mm"))*1)+SUMPRODUCT((TEXT(EDATE(N('RR Dump'!$L$2:$L$361),RRA!$D$4),"yyyy-mm")=TEXT($B46,"yyyy-mm"))*1) | M46: =IFERROR(SUMPRODUCT((TEXT('RR Dump'!$L$2:$L$361,"yyyy-mm")=TEXT($B46,"yyyy-mm"))*N('RR Dump'!$I$2:$I$361))/SUMPRODUCT((TEXT('RR Dump'!$L$2:$L$361,"yyyy-mm")=TEXT($B46,"yyyy-mm"))*1),"") | N46: =IFERROR(MAX($M46+AN46*($D46-$M46),$M46*(1+AO46)),"") | O46: =IFERROR($N46/$M46-1,"") | P46: =IFERROR($D46,"") | T46: =IF(COUNTIFS('HD Dump'!$U$2:$U$538,C$7,'HD Dump'!$R$2:$R$538,">="&$B46-90,'HD Dump'!$R$2:$R$538,"<="&$B46)>0,AVERAGEIFS('HD Dump'!$M$2:$M$538,'HD Dump'!$U$2:$U$538,C$7,'HD Dump'!$R$2:$R$538,">="&$B46-90,'HD Dump'!$R$2:$R$538,"<="&$B46),T45) | U46: =IF(COUNTIFS('HD Dump'!$U$2:$U$538,D$7,'HD Dump'!$R$2:$R$538,">="&$B46-90,'HD Dump'!$R$2:$R$538,"<="&$B46)>0,AVERAGEIFS('HD Dump'!$M$2:$M$538,'HD Dump'!$U$2:$U$538,D$7,'HD Dump'!$R$2:$R$538,">="&$B46-90,'HD Dump'!$R$2:$R$538,"<="&$B46),U45) | V46: =IF(COUNTIFS('HD Dump'!$U$2:$U$538,E$7,'HD Dump'!$R$2:$R$538,">="&$B46-90,'HD Dump'!$R$2:$R$538,"<="&$B46)>0,AVERAGEIFS('HD Dump'!$M$2:$M$538,'HD Dump'!$U$2:$U$538,E$7,'HD Dump'!$R$2:$R$538,">="&$B46-90,'HD Dump'!$R$2:$R$538,"<="&$B46),V45) | W46: =IF(COUNTIFS('HD Dump'!$U$2:$U$538,F$7,'HD Dump'!$R$2:$R$538,">="&$B46-90,'HD Dump'!$R$2:$R$538,"<="&$B46)>0,AVERAGEIFS('HD Dump'!$M$2:$M$538,'HD Dump'!$U$2:$U$538,F$7,'HD Dump'!$R$2:$R$538,">="&$B46-90,'HD Dump'!$R$2:$R$538,"<="&$B46),W45) | X46: =IF(COUNTIFS('HD Dump'!$U$2:$U$538,G$7,'HD Dump'!$R$2:$R$538,">="&$B46-90,'HD Dump'!$R$2:$R$538,"<="&$B46)>0,AVERAGEIFS('HD Dump'!$M$2:$M$538,'HD Dump'!$U$2:$U$538,G$7,'HD Dump'!$R$2:$R$538,">="&$B46-90,'HD Dump'!$R$2:$R$538,"<="&$B46),X45) | Y46: =IF(COUNTIFS('HD Dump'!$U$2:$U$538,H$7,'HD Dump'!$R$2:$R$538,">="&$B46-90,'HD Dump'!$R$2:$R$538,"<="&$B46)>0,AVERAGEIFS('HD Dump'!$M$2:$M$538,'HD Dump'!$U$2:$U$538,H$7,'HD Dump'!$R$2:$R$538,">="&$B46-90,'HD Dump'!$R$2:$R$538,"<="&$B46),Y45) | Z46: =IF(COUNTIFS('HD Dump'!$U$2:$U$538,I$7,'HD Dump'!$R$2:$R$538,">="&$B46-90,'HD Dump'!$R$2:$R$538,"<="&$B46)>0,AVERAGEIFS('HD Dump'!$M$2:$M$538,'HD Dump'!$U$2:$U$538,I$7,'HD Dump'!$R$2:$R$538,">="&$B46-90,'HD Dump'!$R$2:$R$538,"<="&$B46),Z45) | AA46: =IF(COUNTIFS('HD Dump'!$U$2:$U$538,J$7,'HD Dump'!$R$2:$R$538,">="&$B46-90,'HD Dump'!$R$2:$R$538,"<="&$B46)>0,AVERAGEIFS('HD Dump'!$M$2:$M$538,'HD Dump'!$U$2:$U$538,J$7,'HD Dump'!$R$2:$R$538,">="&$B46-90,'HD Dump'!$R$2:$R$538,"<="&$B46),AA45) | AB46: =IF(COUNTIFS('HD Dump'!$U$2:$U$538,K$7,'HD Dump'!$R$2:$R$538,">="&$B46-90,'HD Dump'!$R$2:$R$538,"<="&$B46)>0,AVERAGEIFS('HD Dump'!$M$2:$M$538,'HD Dump'!$U$2:$U$538,K$7,'HD Dump'!$R$2:$R$538,">="&$B46-90,'HD Dump'!$R$2:$R$538,"<="&$B46),AB45) | AD46: =IF(COUNTIFS('HD Dump'!$U$2:$U$538,C$7,'HD Dump'!$R$2:$R$538,">="&$B46-90,'HD Dump'!$R$2:$R$538,"<="&$B46)>0,AVERAGEIFS('HD Dump'!$O$2:$O$538,'HD Dump'!$U$2:$U$538,C$7,'HD Dump'!$R$2:$R$538,">="&$B46-90,'HD Dump'!$R$2:$R$538,"<="&$B46),AD45) | AE46: =IF(COUNTIFS('HD Dump'!$U$2:$U$538,D$7,'HD Dump'!$R$2:$R$538,">="&$B46-90,'HD Dump'!$R$2:$R$538,"<="&$B46)>0,AVERAGEIFS('HD Dump'!$O$2:$O$538,'HD Dump'!$U$2:$U$538,D$7,'HD Dump'!$R$2:$R$538,">="&$B46-90,'HD Dump'!$R$2:$R$538,"<="&$B46),AE45) | AF46: =IF(COUNTIFS('HD Dump'!$U$2:$U$538,E$7,'HD Dump'!$R$2:$R$538,">="&$B46-90,'HD Dump'!$R$2:$R$538,"<="&$B46)>0,AVERAGEIFS('HD Dump'!$O$2:$O$538,'HD Dump'!$U$2:$U$538,E$7,'HD Dump'!$R$2:$R$538,">="&$B46-90,'HD Dump'!$R$2:$R$538,"<="&$B46),AF45) | AG46: =IF(COUNTIFS('HD Dump'!$U$2:$U$538,F$7,'HD Dump'!$R$2:$R$538,">="&$B46-90,'HD Dump'!$R$2:$R$538,"<="&$B46)>0,AVERAGEIFS('HD Dump'!$O$2:$O$538,'HD Dump'!$U$2:$U$538,F$7,'HD Dump'!$R$2:$R$538,">="&$B46-90,'HD Dump'!$R$2:$R$538,"<="&$B46),AG45) | AH46: =IF(COUNTIFS('HD Dump'!$U$2:$U$538,G$7,'HD Dump'!$R$2:$R$538,">="&$B46-90,'HD Dump'!$R$2:$R$538,"<="&$B46)>0,AVERAGEIFS('HD Dump'!$O$2:$O$538,'HD Dump'!$U$2:$U$538,G$7,'HD Dump'!$R$2:$R$538,">="&$B46-90,'HD Dump'!$R$2:$R$538,"<="&$B46),AH45) | AI46: =IF(COUNTIFS('HD Dump'!$U$2:$U$538,H$7,'HD Dump'!$R$2:$R$538,">="&$B46-90,'HD Dump'!$R$2:$R$538,"<="&$B46)>0,AVERAGEIFS('HD Dump'!$O$2:$O$538,'HD Dump'!$U$2:$U$538,H$7,'HD Dump'!$R$2:$R$538,">="&$B46-90,'HD Dump'!$R$2:$R$538,"<="&$B46),AI45) | AJ46: =IF(COUNTIFS('HD Dump'!$U$2:$U$538,I$7,'HD Dump'!$R$2:$R$538,">="&$B46-90,'HD Dump'!$R$2:$R$538,"<="&$B46)>0,AVERAGEIFS('HD Dump'!$O$2:$O$538,'HD Dump'!$U$2:$U$538,I$7,'HD Dump'!$R$2:$R$538,">="&$B46-90,'HD Dump'!$R$2:$R$538,"<="&$B46),AJ45) | AK46: =IF(COUNTIFS('HD Dump'!$U$2:$U$538,J$7,'HD Dump'!$R$2:$R$538,">="&$B46-90,'HD Dump'!$R$2:$R$538,"<="&$B46)>0,AVERAGEIFS('HD Dump'!$O$2:$O$538,'HD Dump'!$U$2:$U$538,J$7,'HD Dump'!$R$2:$R$538,">="&$B46-90,'HD Dump'!$R$2:$R$538,"<="&$B46),AK45) | AL46: =IF(COUNTIFS('HD Dump'!$U$2:$U$538,K$7,'HD Dump'!$R$2:$R$538,">="&$B46-90,'HD Dump'!$R$2:$R$538,"<="&$B46)>0,AVERAGEIFS('HD Dump'!$O$2:$O$538,'HD Dump'!$U$2:$U$538,K$7,'HD Dump'!$R$2:$R$538,">="&$B46-90,'HD Dump'!$R$2:$R$538,"<="&$B46),AL45) | AN46: =IFERROR(SUMPRODUCT((TEXT('RR Dump'!$L$2:$L$361,"yyyy-mm")=TEXT($B46,"yyyy-mm"))*((RRA!$A$109:$A$468=1)*RRA!$E$20+(RRA!$A$109:$A$468=2)*RRA!$E$21+(RRA!$A$109:$A$468=3)*RRA!$E$22+(RRA!$A$109:$A$468=4)*RRA!$E$23))/SUMPRODUCT((TEXT('RR Dump'!$L$2:$L$361,"yyyy-mm")=TEXT($B46,"yyyy-mm"))*1),0) | AO46: =IFERROR(SUMPRODUCT((TEXT('RR Dump'!$L$2:$L$361,"yyyy-mm")=TEXT($B46,"yyyy-mm"))*((RRA!$A$109:$A$468=1)*RRA!$E$25+(RRA!$A$109:$A$468=2)*RRA!$E$26+(RRA!$A$109:$A$468=3)*RRA!$E$27+(RRA!$A$109:$A$468=4)*RRA!$E$28))/SUMPRODUCT((TEXT('RR Dump'!$L$2:$L$361,"yyyy-mm")=TEXT($B46,"yyyy-mm"))*1),0)
B47: 46599 | C47: Projected | D47: =IFERROR(INDEX(RRA!$E$48:$EX$48,MATCH($B47,RRA!$E$33:$EX$33,0))/360,"") | F47: =IFERROR((INDEX(RRA!$E$49:$EX$49,MATCH($B47,RRA!$E$33:$EX$33,0))/360*360-(1-$F47)*360*$D47)/($F47*360),"") | G47: =IFERROR('Cash Flow (Annual)'!$K$14,"") | H47: =IFERROR($F47/$D47-1,"") | I47: =SUMPRODUCT((TEXT('RR Dump'!$L$2:$L$361,"yyyy-mm")=TEXT($B47,"yyyy-mm"))*((RRA!$A$109:$A$468=1)*RRA!$E$15+(RRA!$A$109:$A$468=2)*RRA!$E$16+(RRA!$A$109:$A$468=3)*RRA!$E$17+(RRA!$A$109:$A$468=4)*RRA!$E$18))+SUMPRODUCT((TEXT(EDATE(N('RR Dump'!$L$2:$L$361),RRA!$D$4),"yyyy-mm")=TEXT($B47,"yyyy-mm"))*((RRA!$A$109:$A$468=1)*RRA!$E$15+(RRA!$A$109:$A$468=2)*RRA!$E$16+(RRA!$A$109:$A$468=3)*RRA!$E$17+(RRA!$A$109:$A$468=4)*RRA!$E$18)) | J47: =IFERROR($L47-$J47,"") | K47: =IFERROR($K47,"") | L47: =SUMPRODUCT((TEXT('RR Dump'!$L$2:$L$361,"yyyy-mm")=TEXT($B47,"yyyy-mm"))*1)+SUMPRODUCT((TEXT(EDATE(N('RR Dump'!$L$2:$L$361),RRA!$D$4),"yyyy-mm")=TEXT($B47,"yyyy-mm"))*1) | M47: =IFERROR(SUMPRODUCT((TEXT('RR Dump'!$L$2:$L$361,"yyyy-mm")=TEXT($B47,"yyyy-mm"))*N('RR Dump'!$I$2:$I$361))/SUMPRODUCT((TEXT('RR Dump'!$L$2:$L$361,"yyyy-mm")=TEXT($B47,"yyyy-mm"))*1),"") | N47: =IFERROR(MAX($M47+AN47*($D47-$M47),$M47*(1+AO47)),"") | O47: =IFERROR($N47/$M47-1,"") | P47: =IFERROR($D47,"") | T47: =IF(COUNTIFS('HD Dump'!$U$2:$U$538,C$7,'HD Dump'!$R$2:$R$538,">="&$B47-90,'HD Dump'!$R$2:$R$538,"<="&$B47)>0,AVERAGEIFS('HD Dump'!$M$2:$M$538,'HD Dump'!$U$2:$U$538,C$7,'HD Dump'!$R$2:$R$538,">="&$B47-90,'HD Dump'!$R$2:$R$538,"<="&$B47),T46) | U47: =IF(COUNTIFS('HD Dump'!$U$2:$U$538,D$7,'HD Dump'!$R$2:$R$538,">="&$B47-90,'HD Dump'!$R$2:$R$538,"<="&$B47)>0,AVERAGEIFS('HD Dump'!$M$2:$M$538,'HD Dump'!$U$2:$U$538,D$7,'HD Dump'!$R$2:$R$538,">="&$B47-90,'HD Dump'!$R$2:$R$538,"<="&$B47),U46) | V47: =IF(COUNTIFS('HD Dump'!$U$2:$U$538,E$7,'HD Dump'!$R$2:$R$538,">="&$B47-90,'HD Dump'!$R$2:$R$538,"<="&$B47)>0,AVERAGEIFS('HD Dump'!$M$2:$M$538,'HD Dump'!$U$2:$U$538,E$7,'HD Dump'!$R$2:$R$538,">="&$B47-90,'HD Dump'!$R$2:$R$538,"<="&$B47),V46) | W47: =IF(COUNTIFS('HD Dump'!$U$2:$U$538,F$7,'HD Dump'!$R$2:$R$538,">="&$B47-90,'HD Dump'!$R$2:$R$538,"<="&$B47)>0,AVERAGEIFS('HD Dump'!$M$2:$M$538,'HD Dump'!$U$2:$U$538,F$7,'HD Dump'!$R$2:$R$538,">="&$B47-90,'HD Dump'!$R$2:$R$538,"<="&$B47),W46) | X47: =IF(COUNTIFS('HD Dump'!$U$2:$U$538,G$7,'HD Dump'!$R$2:$R$538,">="&$B47-90,'HD Dump'!$R$2:$R$538,"<="&$B47)>0,AVERAGEIFS('HD Dump'!$M$2:$M$538,'HD Dump'!$U$2:$U$538,G$7,'HD Dump'!$R$2:$R$538,">="&$B47-90,'HD Dump'!$R$2:$R$538,"<="&$B47),X46) | Y47: =IF(COUNTIFS('HD Dump'!$U$2:$U$538,H$7,'HD Dump'!$R$2:$R$538,">="&$B47-90,'HD Dump'!$R$2:$R$538,"<="&$B47)>0,AVERAGEIFS('HD Dump'!$M$2:$M$538,'HD Dump'!$U$2:$U$538,H$7,'HD Dump'!$R$2:$R$538,">="&$B47-90,'HD Dump'!$R$2:$R$538,"<="&$B47),Y46) | Z47: =IF(COUNTIFS('HD Dump'!$U$2:$U$538,I$7,'HD Dump'!$R$2:$R$538,">="&$B47-90,'HD Dump'!$R$2:$R$538,"<="&$B47)>0,AVERAGEIFS('HD Dump'!$M$2:$M$538,'HD Dump'!$U$2:$U$538,I$7,'HD Dump'!$R$2:$R$538,">="&$B47-90,'HD Dump'!$R$2:$R$538,"<="&$B47),Z46) | AA47: =IF(COUNTIFS('HD Dump'!$U$2:$U$538,J$7,'HD Dump'!$R$2:$R$538,">="&$B47-90,'HD Dump'!$R$2:$R$538,"<="&$B47)>0,AVERAGEIFS('HD Dump'!$M$2:$M$538,'HD Dump'!$U$2:$U$538,J$7,'HD Dump'!$R$2:$R$538,">="&$B47-90,'HD Dump'!$R$2:$R$538,"<="&$B47),AA46) | AB47: =IF(COUNTIFS('HD Dump'!$U$2:$U$538,K$7,'HD Dump'!$R$2:$R$538,">="&$B47-90,'HD Dump'!$R$2:$R$538,"<="&$B47)>0,AVERAGEIFS('HD Dump'!$M$2:$M$538,'HD Dump'!$U$2:$U$538,K$7,'HD Dump'!$R$2:$R$538,">="&$B47-90,'HD Dump'!$R$2:$R$538,"<="&$B47),AB46) | AD47: =IF(COUNTIFS('HD Dump'!$U$2:$U$538,C$7,'HD Dump'!$R$2:$R$538,">="&$B47-90,'HD Dump'!$R$2:$R$538,"<="&$B47)>0,AVERAGEIFS('HD Dump'!$O$2:$O$538,'HD Dump'!$U$2:$U$538,C$7,'HD Dump'!$R$2:$R$538,">="&$B47-90,'HD Dump'!$R$2:$R$538,"<="&$B47),AD46) | AE47: =IF(COUNTIFS('HD Dump'!$U$2:$U$538,D$7,'HD Dump'!$R$2:$R$538,">="&$B47-90,'HD Dump'!$R$2:$R$538,"<="&$B47)>0,AVERAGEIFS('HD Dump'!$O$2:$O$538,'HD Dump'!$U$2:$U$538,D$7,'HD Dump'!$R$2:$R$538,">="&$B47-90,'HD Dump'!$R$2:$R$538,"<="&$B47),AE46) | AF47: =IF(COUNTIFS('HD Dump'!$U$2:$U$538,E$7,'HD Dump'!$R$2:$R$538,">="&$B47-90,'HD Dump'!$R$2:$R$538,"<="&$B47)>0,AVERAGEIFS('HD Dump'!$O$2:$O$538,'HD Dump'!$U$2:$U$538,E$7,'HD Dump'!$R$2:$R$538,">="&$B47-90,'HD Dump'!$R$2:$R$538,"<="&$B47),AF46) | AG47: =IF(COUNTIFS('HD Dump'!$U$2:$U$538,F$7,'HD Dump'!$R$2:$R$538,">="&$B47-90,'HD Dump'!$R$2:$R$538,"<="&$B47)>0,AVERAGEIFS('HD Dump'!$O$2:$O$538,'HD Dump'!$U$2:$U$538,F$7,'HD Dump'!$R$2:$R$538,">="&$B47-90,'HD Dump'!$R$2:$R$538,"<="&$B47),AG46) | AH47: =IF(COUNTIFS('HD Dump'!$U$2:$U$538,G$7,'HD Dump'!$R$2:$R$538,">="&$B47-90,'HD Dump'!$R$2:$R$538,"<="&$B47)>0,AVERAGEIFS('HD Dump'!$O$2:$O$538,'HD Dump'!$U$2:$U$538,G$7,'HD Dump'!$R$2:$R$538,">="&$B47-90,'HD Dump'!$R$2:$R$538,"<="&$B47),AH46) | AI47: =IF(COUNTIFS('HD Dump'!$U$2:$U$538,H$7,'HD Dump'!$R$2:$R$538,">="&$B47-90,'HD Dump'!$R$2:$R$538,"<="&$B47)>0,AVERAGEIFS('HD Dump'!$O$2:$O$538,'HD Dump'!$U$2:$U$538,H$7,'HD Dump'!$R$2:$R$538,">="&$B47-90,'HD Dump'!$R$2:$R$538,"<="&$B47),AI46) | AJ47: =IF(COUNTIFS('HD Dump'!$U$2:$U$538,I$7,'HD Dump'!$R$2:$R$538,">="&$B47-90,'HD Dump'!$R$2:$R$538,"<="&$B47)>0,AVERAGEIFS('HD Dump'!$O$2:$O$538,'HD Dump'!$U$2:$U$538,I$7,'HD Dump'!$R$2:$R$538,">="&$B47-90,'HD Dump'!$R$2:$R$538,"<="&$B47),AJ46) | AK47: =IF(COUNTIFS('HD Dump'!$U$2:$U$538,J$7,'HD Dump'!$R$2:$R$538,">="&$B47-90,'HD Dump'!$R$2:$R$538,"<="&$B47)>0,AVERAGEIFS('HD Dump'!$O$2:$O$538,'HD Dump'!$U$2:$U$538,J$7,'HD Dump'!$R$2:$R$538,">="&$B47-90,'HD Dump'!$R$2:$R$538,"<="&$B47),AK46) | AL47: =IF(COUNTIFS('HD Dump'!$U$2:$U$538,K$7,'HD Dump'!$R$2:$R$538,">="&$B47-90,'HD Dump'!$R$2:$R$538,"<="&$B47)>0,AVERAGEIFS('HD Dump'!$O$2:$O$538,'HD Dump'!$U$2:$U$538,K$7,'HD Dump'!$R$2:$R$538,">="&$B47-90,'HD Dump'!$R$2:$R$538,"<="&$B47),AL46) | AN47: =IFERROR(SUMPRODUCT((TEXT('RR Dump'!$L$2:$L$361,"yyyy-mm")=TEXT($B47,"yyyy-mm"))*((RRA!$A$109:$A$468=1)*RRA!$E$20+(RRA!$A$109:$A$468=2)*RRA!$E$21+(RRA!$A$109:$A$468=3)*RRA!$E$22+(RRA!$A$109:$A$468=4)*RRA!$E$23))/SUMPRODUCT((TEXT('RR Dump'!$L$2:$L$361,"yyyy-mm")=TEXT($B47,"yyyy-mm"))*1),0) | AO47: =IFERROR(SUMPRODUCT((TEXT('RR Dump'!$L$2:$L$361,"yyyy-mm")=TEXT($B47,"yyyy-mm"))*((RRA!$A$109:$A$468=1)*RRA!$E$25+(RRA!$A$109:$A$468=2)*RRA!$E$26+(RRA!$A$109:$A$468=3)*RRA!$E$27+(RRA!$A$109:$A$468=4)*RRA!$E$28))/SUMPRODUCT((TEXT('RR Dump'!$L$2:$L$361,"yyyy-mm")=TEXT($B47,"yyyy-mm"))*1),0)
B48: 46630 | C48: Projected | D48: =IFERROR(INDEX(RRA!$E$48:$EX$48,MATCH($B48,RRA!$E$33:$EX$33,0))/360,"") | F48: =IFERROR((INDEX(RRA!$E$49:$EX$49,MATCH($B48,RRA!$E$33:$EX$33,0))/360*360-(1-$F48)*360*$D48)/($F48*360),"") | G48: =IFERROR('Cash Flow (Annual)'!$K$14,"") | H48: =IFERROR($F48/$D48-1,"") | I48: =SUMPRODUCT((TEXT('RR Dump'!$L$2:$L$361,"yyyy-mm")=TEXT($B48,"yyyy-mm"))*((RRA!$A$109:$A$468=1)*RRA!$E$15+(RRA!$A$109:$A$468=2)*RRA!$E$16+(RRA!$A$109:$A$468=3)*RRA!$E$17+(RRA!$A$109:$A$468=4)*RRA!$E$18))+SUMPRODUCT((TEXT(EDATE(N('RR Dump'!$L$2:$L$361),RRA!$D$4),"yyyy-mm")=TEXT($B48,"yyyy-mm"))*((RRA!$A$109:$A$468=1)*RRA!$E$15+(RRA!$A$109:$A$468=2)*RRA!$E$16+(RRA!$A$109:$A$468=3)*RRA!$E$17+(RRA!$A$109:$A$468=4)*RRA!$E$18)) | J48: =IFERROR($L48-$J48,"") | K48: =IFERROR($K48,"") | L48: =SUMPRODUCT((TEXT('RR Dump'!$L$2:$L$361,"yyyy-mm")=TEXT($B48,"yyyy-mm"))*1)+SUMPRODUCT((TEXT(EDATE(N('RR Dump'!$L$2:$L$361),RRA!$D$4),"yyyy-mm")=TEXT($B48,"yyyy-mm"))*1) | M48: =IFERROR(SUMPRODUCT((TEXT('RR Dump'!$L$2:$L$361,"yyyy-mm")=TEXT($B48,"yyyy-mm"))*N('RR Dump'!$I$2:$I$361))/SUMPRODUCT((TEXT('RR Dump'!$L$2:$L$361,"yyyy-mm")=TEXT($B48,"yyyy-mm"))*1),"") | N48: =IFERROR(MAX($M48+AN48*($D48-$M48),$M48*(1+AO48)),"") | O48: =IFERROR($N48/$M48-1,"") | P48: =IFERROR($D48,"") | T48: =IF(COUNTIFS('HD Dump'!$U$2:$U$538,C$7,'HD Dump'!$R$2:$R$538,">="&$B48-90,'HD Dump'!$R$2:$R$538,"<="&$B48)>0,AVERAGEIFS('HD Dump'!$M$2:$M$538,'HD Dump'!$U$2:$U$538,C$7,'HD Dump'!$R$2:$R$538,">="&$B48-90,'HD Dump'!$R$2:$R$538,"<="&$B48),T47) | U48: =IF(COUNTIFS('HD Dump'!$U$2:$U$538,D$7,'HD Dump'!$R$2:$R$538,">="&$B48-90,'HD Dump'!$R$2:$R$538,"<="&$B48)>0,AVERAGEIFS('HD Dump'!$M$2:$M$538,'HD Dump'!$U$2:$U$538,D$7,'HD Dump'!$R$2:$R$538,">="&$B48-90,'HD Dump'!$R$2:$R$538,"<="&$B48),U47) | V48: =IF(COUNTIFS('HD Dump'!$U$2:$U$538,E$7,'HD Dump'!$R$2:$R$538,">="&$B48-90,'HD Dump'!$R$2:$R$538,"<="&$B48)>0,AVERAGEIFS('HD Dump'!$M$2:$M$538,'HD Dump'!$U$2:$U$538,E$7,'HD Dump'!$R$2:$R$538,">="&$B48-90,'HD Dump'!$R$2:$R$538,"<="&$B48),V47) | W48: =IF(COUNTIFS('HD Dump'!$U$2:$U$538,F$7,'HD Dump'!$R$2:$R$538,">="&$B48-90,'HD Dump'!$R$2:$R$538,"<="&$B48)>0,AVERAGEIFS('HD Dump'!$M$2:$M$538,'HD Dump'!$U$2:$U$538,F$7,'HD Dump'!$R$2:$R$538,">="&$B48-90,'HD Dump'!$R$2:$R$538,"<="&$B48),W47) | X48: =IF(COUNTIFS('HD Dump'!$U$2:$U$538,G$7,'HD Dump'!$R$2:$R$538,">="&$B48-90,'HD Dump'!$R$2:$R$538,"<="&$B48)>0,AVERAGEIFS('HD Dump'!$M$2:$M$538,'HD Dump'!$U$2:$U$538,G$7,'HD Dump'!$R$2:$R$538,">="&$B48-90,'HD Dump'!$R$2:$R$538,"<="&$B48),X47) | Y48: =IF(COUNTIFS('HD Dump'!$U$2:$U$538,H$7,'HD Dump'!$R$2:$R$538,">="&$B48-90,'HD Dump'!$R$2:$R$538,"<="&$B48)>0,AVERAGEIFS('HD Dump'!$M$2:$M$538,'HD Dump'!$U$2:$U$538,H$7,'HD Dump'!$R$2:$R$538,">="&$B48-90,'HD Dump'!$R$2:$R$538,"<="&$B48),Y47) | Z48: =IF(COUNTIFS('HD Dump'!$U$2:$U$538,I$7,'HD Dump'!$R$2:$R$538,">="&$B48-90,'HD Dump'!$R$2:$R$538,"<="&$B48)>0,AVERAGEIFS('HD Dump'!$M$2:$M$538,'HD Dump'!$U$2:$U$538,I$7,'HD Dump'!$R$2:$R$538,">="&$B48-90,'HD Dump'!$R$2:$R$538,"<="&$B48),Z47) | AA48: =IF(COUNTIFS('HD Dump'!$U$2:$U$538,J$7,'HD Dump'!$R$2:$R$538,">="&$B48-90,'HD Dump'!$R$2:$R$538,"<="&$B48)>0,AVERAGEIFS('HD Dump'!$M$2:$M$538,'HD Dump'!$U$2:$U$538,J$7,'HD Dump'!$R$2:$R$538,">="&$B48-90,'HD Dump'!$R$2:$R$538,"<="&$B48),AA47) | AB48: =IF(COUNTIFS('HD Dump'!$U$2:$U$538,K$7,'HD Dump'!$R$2:$R$538,">="&$B48-90,'HD Dump'!$R$2:$R$538,"<="&$B48)>0,AVERAGEIFS('HD Dump'!$M$2:$M$538,'HD Dump'!$U$2:$U$538,K$7,'HD Dump'!$R$2:$R$538,">="&$B48-90,'HD Dump'!$R$2:$R$538,"<="&$B48),AB47) | AD48: =IF(COUNTIFS('HD Dump'!$U$2:$U$538,C$7,'HD Dump'!$R$2:$R$538,">="&$B48-90,'HD Dump'!$R$2:$R$538,"<="&$B48)>0,AVERAGEIFS('HD Dump'!$O$2:$O$538,'HD Dump'!$U$2:$U$538,C$7,'HD Dump'!$R$2:$R$538,">="&$B48-90,'HD Dump'!$R$2:$R$538,"<="&$B48),AD47) | AE48: =IF(COUNTIFS('HD Dump'!$U$2:$U$538,D$7,'HD Dump'!$R$2:$R$538,">="&$B48-90,'HD Dump'!$R$2:$R$538,"<="&$B48)>0,AVERAGEIFS('HD Dump'!$O$2:$O$538,'HD Dump'!$U$2:$U$538,D$7,'HD Dump'!$R$2:$R$538,">="&$B48-90,'HD Dump'!$R$2:$R$538,"<="&$B48),AE47) | AF48: =IF(COUNTIFS('HD Dump'!$U$2:$U$538,E$7,'HD Dump'!$R$2:$R$538,">="&$B48-90,'HD Dump'!$R$2:$R$538,"<="&$B48)>0,AVERAGEIFS('HD Dump'!$O$2:$O$538,'HD Dump'!$U$2:$U$538,E$7,'HD Dump'!$R$2:$R$538,">="&$B48-90,'HD Dump'!$R$2:$R$538,"<="&$B48),AF47) | AG48: =IF(COUNTIFS('HD Dump'!$U$2:$U$538,F$7,'HD Dump'!$R$2:$R$538,">="&$B48-90,'HD Dump'!$R$2:$R$538,"<="&$B48)>0,AVERAGEIFS('HD Dump'!$O$2:$O$538,'HD Dump'!$U$2:$U$538,F$7,'HD Dump'!$R$2:$R$538,">="&$B48-90,'HD Dump'!$R$2:$R$538,"<="&$B48),AG47) | AH48: =IF(COUNTIFS('HD Dump'!$U$2:$U$538,G$7,'HD Dump'!$R$2:$R$538,">="&$B48-90,'HD Dump'!$R$2:$R$538,"<="&$B48)>0,AVERAGEIFS('HD Dump'!$O$2:$O$538,'HD Dump'!$U$2:$U$538,G$7,'HD Dump'!$R$2:$R$538,">="&$B48-90,'HD Dump'!$R$2:$R$538,"<="&$B48),AH47) | AI48: =IF(COUNTIFS('HD Dump'!$U$2:$U$538,H$7,'HD Dump'!$R$2:$R$538,">="&$B48-90,'HD Dump'!$R$2:$R$538,"<="&$B48)>0,AVERAGEIFS('HD Dump'!$O$2:$O$538,'HD Dump'!$U$2:$U$538,H$7,'HD Dump'!$R$2:$R$538,">="&$B48-90,'HD Dump'!$R$2:$R$538,"<="&$B48),AI47) | AJ48: =IF(COUNTIFS('HD Dump'!$U$2:$U$538,I$7,'HD Dump'!$R$2:$R$538,">="&$B48-90,'HD Dump'!$R$2:$R$538,"<="&$B48)>0,AVERAGEIFS('HD Dump'!$O$2:$O$538,'HD Dump'!$U$2:$U$538,I$7,'HD Dump'!$R$2:$R$538,">="&$B48-90,'HD Dump'!$R$2:$R$538,"<="&$B48),AJ47) | AK48: =IF(COUNTIFS('HD Dump'!$U$2:$U$538,J$7,'HD Dump'!$R$2:$R$538,">="&$B48-90,'HD Dump'!$R$2:$R$538,"<="&$B48)>0,AVERAGEIFS('HD Dump'!$O$2:$O$538,'HD Dump'!$U$2:$U$538,J$7,'HD Dump'!$R$2:$R$538,">="&$B48-90,'HD Dump'!$R$2:$R$538,"<="&$B48),AK47) | AL48: =IF(COUNTIFS('HD Dump'!$U$2:$U$538,K$7,'HD Dump'!$R$2:$R$538,">="&$B48-90,'HD Dump'!$R$2:$R$538,"<="&$B48)>0,AVERAGEIFS('HD Dump'!$O$2:$O$538,'HD Dump'!$U$2:$U$538,K$7,'HD Dump'!$R$2:$R$538,">="&$B48-90,'HD Dump'!$R$2:$R$538,"<="&$B48),AL47) | AN48: =IFERROR(SUMPRODUCT((TEXT('RR Dump'!$L$2:$L$361,"yyyy-mm")=TEXT($B48,"yyyy-mm"))*((RRA!$A$109:$A$468=1)*RRA!$E$20+(RRA!$A$109:$A$468=2)*RRA!$E$21+(RRA!$A$109:$A$468=3)*RRA!$E$22+(RRA!$A$109:$A$468=4)*RRA!$E$23))/SUMPRODUCT((TEXT('RR Dump'!$L$2:$L$361,"yyyy-mm")=TEXT($B48,"yyyy-mm"))*1),0) | AO48: =IFERROR(SUMPRODUCT((TEXT('RR Dump'!$L$2:$L$361,"yyyy-mm")=TEXT($B48,"yyyy-mm"))*((RRA!$A$109:$A$468=1)*RRA!$E$25+(RRA!$A$109:$A$468=2)*RRA!$E$26+(RRA!$A$109:$A$468=3)*RRA!$E$27+(RRA!$A$109:$A$468=4)*RRA!$E$28))/SUMPRODUCT((TEXT('RR Dump'!$L$2:$L$361,"yyyy-mm")=TEXT($B48,"yyyy-mm"))*1),0)
B49: 46660 | C49: Projected | D49: =IFERROR(INDEX(RRA!$E$48:$EX$48,MATCH($B49,RRA!$E$33:$EX$33,0))/360,"") | F49: =IFERROR((INDEX(RRA!$E$49:$EX$49,MATCH($B49,RRA!$E$33:$EX$33,0))/360*360-(1-$F49)*360*$D49)/($F49*360),"") | G49: =IFERROR('Cash Flow (Annual)'!$K$14,"") | H49: =IFERROR($F49/$D49-1,"") | I49: =SUMPRODUCT((TEXT('RR Dump'!$L$2:$L$361,"yyyy-mm")=TEXT($B49,"yyyy-mm"))*((RRA!$A$109:$A$468=1)*RRA!$E$15+(RRA!$A$109:$A$468=2)*RRA!$E$16+(RRA!$A$109:$A$468=3)*RRA!$E$17+(RRA!$A$109:$A$468=4)*RRA!$E$18))+SUMPRODUCT((TEXT(EDATE(N('RR Dump'!$L$2:$L$361),RRA!$D$4),"yyyy-mm")=TEXT($B49,"yyyy-mm"))*((RRA!$A$109:$A$468=1)*RRA!$E$15+(RRA!$A$109:$A$468=2)*RRA!$E$16+(RRA!$A$109:$A$468=3)*RRA!$E$17+(RRA!$A$109:$A$468=4)*RRA!$E$18)) | J49: =IFERROR($L49-$J49,"") | K49: =IFERROR($K49,"") | L49: =SUMPRODUCT((TEXT('RR Dump'!$L$2:$L$361,"yyyy-mm")=TEXT($B49,"yyyy-mm"))*1)+SUMPRODUCT((TEXT(EDATE(N('RR Dump'!$L$2:$L$361),RRA!$D$4),"yyyy-mm")=TEXT($B49,"yyyy-mm"))*1) | M49: =IFERROR(SUMPRODUCT((TEXT('RR Dump'!$L$2:$L$361,"yyyy-mm")=TEXT($B49,"yyyy-mm"))*N('RR Dump'!$I$2:$I$361))/SUMPRODUCT((TEXT('RR Dump'!$L$2:$L$361,"yyyy-mm")=TEXT($B49,"yyyy-mm"))*1),"") | N49: =IFERROR(MAX($M49+AN49*($D49-$M49),$M49*(1+AO49)),"") | O49: =IFERROR($N49/$M49-1,"") | P49: =IFERROR($D49,"") | T49: =IF(COUNTIFS('HD Dump'!$U$2:$U$538,C$7,'HD Dump'!$R$2:$R$538,">="&$B49-90,'HD Dump'!$R$2:$R$538,"<="&$B49)>0,AVERAGEIFS('HD Dump'!$M$2:$M$538,'HD Dump'!$U$2:$U$538,C$7,'HD Dump'!$R$2:$R$538,">="&$B49-90,'HD Dump'!$R$2:$R$538,"<="&$B49),T48) | U49: =IF(COUNTIFS('HD Dump'!$U$2:$U$538,D$7,'HD Dump'!$R$2:$R$538,">="&$B49-90,'HD Dump'!$R$2:$R$538,"<="&$B49)>0,AVERAGEIFS('HD Dump'!$M$2:$M$538,'HD Dump'!$U$2:$U$538,D$7,'HD Dump'!$R$2:$R$538,">="&$B49-90,'HD Dump'!$R$2:$R$538,"<="&$B49),U48) | V49: =IF(COUNTIFS('HD Dump'!$U$2:$U$538,E$7,'HD Dump'!$R$2:$R$538,">="&$B49-90,'HD Dump'!$R$2:$R$538,"<="&$B49)>0,AVERAGEIFS('HD Dump'!$M$2:$M$538,'HD Dump'!$U$2:$U$538,E$7,'HD Dump'!$R$2:$R$538,">="&$B49-90,'HD Dump'!$R$2:$R$538,"<="&$B49),V48) | W49: =IF(COUNTIFS('HD Dump'!$U$2:$U$538,F$7,'HD Dump'!$R$2:$R$538,">="&$B49-90,'HD Dump'!$R$2:$R$538,"<="&$B49)>0,AVERAGEIFS('HD Dump'!$M$2:$M$538,'HD Dump'!$U$2:$U$538,F$7,'HD Dump'!$R$2:$R$538,">="&$B49-90,'HD Dump'!$R$2:$R$538,"<="&$B49),W48) | X49: =IF(COUNTIFS('HD Dump'!$U$2:$U$538,G$7,'HD Dump'!$R$2:$R$538,">="&$B49-90,'HD Dump'!$R$2:$R$538,"<="&$B49)>0,AVERAGEIFS('HD Dump'!$M$2:$M$538,'HD Dump'!$U$2:$U$538,G$7,'HD Dump'!$R$2:$R$538,">="&$B49-90,'HD Dump'!$R$2:$R$538,"<="&$B49),X48) | Y49: =IF(COUNTIFS('HD Dump'!$U$2:$U$538,H$7,'HD Dump'!$R$2:$R$538,">="&$B49-90,'HD Dump'!$R$2:$R$538,"<="&$B49)>0,AVERAGEIFS('HD Dump'!$M$2:$M$538,'HD Dump'!$U$2:$U$538,H$7,'HD Dump'!$R$2:$R$538,">="&$B49-90,'HD Dump'!$R$2:$R$538,"<="&$B49),Y48) | Z49: =IF(COUNTIFS('HD Dump'!$U$2:$U$538,I$7,'HD Dump'!$R$2:$R$538,">="&$B49-90,'HD Dump'!$R$2:$R$538,"<="&$B49)>0,AVERAGEIFS('HD Dump'!$M$2:$M$538,'HD Dump'!$U$2:$U$538,I$7,'HD Dump'!$R$2:$R$538,">="&$B49-90,'HD Dump'!$R$2:$R$538,"<="&$B49),Z48) | AA49: =IF(COUNTIFS('HD Dump'!$U$2:$U$538,J$7,'HD Dump'!$R$2:$R$538,">="&$B49-90,'HD Dump'!$R$2:$R$538,"<="&$B49)>0,AVERAGEIFS('HD Dump'!$M$2:$M$538,'HD Dump'!$U$2:$U$538,J$7,'HD Dump'!$R$2:$R$538,">="&$B49-90,'HD Dump'!$R$2:$R$538,"<="&$B49),AA48) | AB49: =IF(COUNTIFS('HD Dump'!$U$2:$U$538,K$7,'HD Dump'!$R$2:$R$538,">="&$B49-90,'HD Dump'!$R$2:$R$538,"<="&$B49)>0,AVERAGEIFS('HD Dump'!$M$2:$M$538,'HD Dump'!$U$2:$U$538,K$7,'HD Dump'!$R$2:$R$538,">="&$B49-90,'HD Dump'!$R$2:$R$538,"<="&$B49),AB48) | AD49: =IF(COUNTIFS('HD Dump'!$U$2:$U$538,C$7,'HD Dump'!$R$2:$R$538,">="&$B49-90,'HD Dump'!$R$2:$R$538,"<="&$B49)>0,AVERAGEIFS('HD Dump'!$O$2:$O$538,'HD Dump'!$U$2:$U$538,C$7,'HD Dump'!$R$2:$R$538,">="&$B49-90,'HD Dump'!$R$2:$R$538,"<="&$B49),AD48) | AE49: =IF(COUNTIFS('HD Dump'!$U$2:$U$538,D$7,'HD Dump'!$R$2:$R$538,">="&$B49-90,'HD Dump'!$R$2:$R$538,"<="&$B49)>0,AVERAGEIFS('HD Dump'!$O$2:$O$538,'HD Dump'!$U$2:$U$538,D$7,'HD Dump'!$R$2:$R$538,">="&$B49-90,'HD Dump'!$R$2:$R$538,"<="&$B49),AE48) | AF49: =IF(COUNTIFS('HD Dump'!$U$2:$U$538,E$7,'HD Dump'!$R$2:$R$538,">="&$B49-90,'HD Dump'!$R$2:$R$538,"<="&$B49)>0,AVERAGEIFS('HD Dump'!$O$2:$O$538,'HD Dump'!$U$2:$U$538,E$7,'HD Dump'!$R$2:$R$538,">="&$B49-90,'HD Dump'!$R$2:$R$538,"<="&$B49),AF48) | AG49: =IF(COUNTIFS('HD Dump'!$U$2:$U$538,F$7,'HD Dump'!$R$2:$R$538,">="&$B49-90,'HD Dump'!$R$2:$R$538,"<="&$B49)>0,AVERAGEIFS('HD Dump'!$O$2:$O$538,'HD Dump'!$U$2:$U$538,F$7,'HD Dump'!$R$2:$R$538,">="&$B49-90,'HD Dump'!$R$2:$R$538,"<="&$B49),AG48) | AH49: =IF(COUNTIFS('HD Dump'!$U$2:$U$538,G$7,'HD Dump'!$R$2:$R$538,">="&$B49-90,'HD Dump'!$R$2:$R$538,"<="&$B49)>0,AVERAGEIFS('HD Dump'!$O$2:$O$538,'HD Dump'!$U$2:$U$538,G$7,'HD Dump'!$R$2:$R$538,">="&$B49-90,'HD Dump'!$R$2:$R$538,"<="&$B49),AH48) | AI49: =IF(COUNTIFS('HD Dump'!$U$2:$U$538,H$7,'HD Dump'!$R$2:$R$538,">="&$B49-90,'HD Dump'!$R$2:$R$538,"<="&$B49)>0,AVERAGEIFS('HD Dump'!$O$2:$O$538,'HD Dump'!$U$2:$U$538,H$7,'HD Dump'!$R$2:$R$538,">="&$B49-90,'HD Dump'!$R$2:$R$538,"<="&$B49),AI48) | AJ49: =IF(COUNTIFS('HD Dump'!$U$2:$U$538,I$7,'HD Dump'!$R$2:$R$538,">="&$B49-90,'HD Dump'!$R$2:$R$538,"<="&$B49)>0,AVERAGEIFS('HD Dump'!$O$2:$O$538,'HD Dump'!$U$2:$U$538,I$7,'HD Dump'!$R$2:$R$538,">="&$B49-90,'HD Dump'!$R$2:$R$538,"<="&$B49),AJ48) | AK49: =IF(COUNTIFS('HD Dump'!$U$2:$U$538,J$7,'HD Dump'!$R$2:$R$538,">="&$B49-90,'HD Dump'!$R$2:$R$538,"<="&$B49)>0,AVERAGEIFS('HD Dump'!$O$2:$O$538,'HD Dump'!$U$2:$U$538,J$7,'HD Dump'!$R$2:$R$538,">="&$B49-90,'HD Dump'!$R$2:$R$538,"<="&$B49),AK48) | AL49: =IF(COUNTIFS('HD Dump'!$U$2:$U$538,K$7,'HD Dump'!$R$2:$R$538,">="&$B49-90,'HD Dump'!$R$2:$R$538,"<="&$B49)>0,AVERAGEIFS('HD Dump'!$O$2:$O$538,'HD Dump'!$U$2:$U$538,K$7,'HD Dump'!$R$2:$R$538,">="&$B49-90,'HD Dump'!$R$2:$R$538,"<="&$B49),AL48) | AN49: =IFERROR(SUMPRODUCT((TEXT('RR Dump'!$L$2:$L$361,"yyyy-mm")=TEXT($B49,"yyyy-mm"))*((RRA!$A$109:$A$468=1)*RRA!$E$20+(RRA!$A$109:$A$468=2)*RRA!$E$21+(RRA!$A$109:$A$468=3)*RRA!$E$22+(RRA!$A$109:$A$468=4)*RRA!$E$23))/SUMPRODUCT((TEXT('RR Dump'!$L$2:$L$361,"yyyy-mm")=TEXT($B49,"yyyy-mm"))*1),0) | AO49: =IFERROR(SUMPRODUCT((TEXT('RR Dump'!$L$2:$L$361,"yyyy-mm")=TEXT($B49,"yyyy-mm"))*((RRA!$A$109:$A$468=1)*RRA!$E$25+(RRA!$A$109:$A$468=2)*RRA!$E$26+(RRA!$A$109:$A$468=3)*RRA!$E$27+(RRA!$A$109:$A$468=4)*RRA!$E$28))/SUMPRODUCT((TEXT('RR Dump'!$L$2:$L$361,"yyyy-mm")=TEXT($B49,"yyyy-mm"))*1),0)
