Workbook

Sheet Summary
A1: Seasons at Meridian — First Turn of the Rent Roll
A2: Initial tenant cohort = 314 residents in place on the 1/1/2026 rent roll, tracked to the 8/4/2026 rent roll. Measurement date: 8/4/2026.
A3: Convention: Retention = renewals ÷ initial leases whose first expiration came due by 8/4/26. Early terminations (left before expiration) are excluded from the ratio until their expiration passes, and shown separately. Early renewals count as renewed at their original expiration.
A5: RETENTION — FIRST TURN
A6: Initial cohort (residents on 1/1/26 roll) | B6: =COUNTA('Unit Ledger'!$A$2:$A$315) -> 314
A7: First expirations come due by 8/4/26 | B7: =COUNTIF('Unit Ledger'!$S$2:$S$315,"Y") -> 154
A8: Renewed | B8: =COUNTIFS('Unit Ledger'!$S$2:$S$315,"Y",'Unit Ledger'!$Q$2:$Q$315,"Renewed") -> 64
A9: Moved out | B9: =COUNTIFS('Unit Ledger'!$S$2:$S$315,"Y",'Unit Ledger'!$Q$2:$Q$315,"Moved Out") -> 83
A10: Month-to-month holdover (no new lease yet) | B10: =COUNTIFS('Unit Ledger'!$S$2:$S$315,"Y",'Unit Ledger'!$Q$2:$Q$315,"MTM Holdover") -> 7
A11: RETENTION RATIO (renewed ÷ expirations) | B11: =B8/B7 -> 0.41558442
A12: Retention if MTM holdovers ultimately renew | B12: =(B8+B10)/B7 -> 0.46103896 | C12: Upper bound — 7 tenants expired but still in place without a new lease
A14: Early terminations, expiration not yet due | B14: =COUNTIFS('Unit Ledger'!$Q$2:$Q$315,"Moved Out",'Unit Ledger'!$S$2:$S$315,"<>Y") -> 21 | C14: Lease-breaks/skips; real attrition but no renewal decision yet
A15: All-in retention (early terms counted as lost) | B15: =B8/(B7+B14) -> 0.36571429
A16: Not yet expired (first turn still ahead) | B16: =COUNTIFS('Unit Ledger'!$Q$2:$Q$315,"Not Yet Expired") -> 139
A18: RENEWAL TRADE-OUT (n = renewed; corporate excluded)
B19: Average | C19: Median | D19: n
A20: Gross trade-out (contract rent → contract rent) | B20: =AVERAGEIFS('Unit Ledger'!$AC$2:$AC$315,'Unit Ledger'!$Q$2:$Q$315,"Renewed",'Unit Ledger'!$V$2:$V$315,"<>Y") -> 0.015364205 | C20: =MEDIAN('Unit Ledger'!$AC$2:$AC$315) -> 0.015985697 | D20: =COUNTIFS('Unit Ledger'!$Q$2:$Q$315,"Renewed",'Unit Ledger'!$V$2:$V$315,"<>Y",'Unit Ledger'!$Y$2:$Y$315,">0") -> 64
A21: Effective trade-out (net of concessions, amortized) | B21: =AVERAGEIFS('Unit Ledger'!$AD$2:$AD$315,'Unit Ledger'!$Q$2:$Q$315,"Renewed",'Unit Ledger'!$V$2:$V$315,"<>Y") -> 0.095309584 | C21: =MEDIAN('Unit Ledger'!$AD$2:$AD$315) -> 0.086368682 | D21: =D20 -> 64
A22: Avg prior gross rent → avg renewal gross rent | B22: =AVERAGEIFS('Unit Ledger'!$L$2:$L$315,'Unit Ledger'!$Q$2:$Q$315,"Renewed",'Unit Ledger'!$V$2:$V$315,"<>Y") -> 1731.875 | C22: =AVERAGEIFS('Unit Ledger'!$Y$2:$Y$315,'Unit Ledger'!$Q$2:$Q$315,"Renewed",'Unit Ledger'!$V$2:$V$315,"<>Y") -> 1757.8906
A23: Renewals signing at flat/zero gross increase | B23: =COUNTIFS('Unit Ledger'!$Q$2:$Q$315,"Renewed",'Unit Ledger'!$AC$2:$AC$315,"<=0",'Unit Ledger'!$V$2:$V$315,"<>Y") -> 23 | C23: Flat renewals are invisible without lease-start data — see Notes
A25: NEW-LEASE TRADE-OUT (turned units re-leased; corporate excluded)
B26: Average | C26: Median | D26: n
A27: Gross trade-out (prior tenant → new tenant) | B27: =AVERAGEIFS('Unit Ledger'!$AM$2:$AM$315,'Unit Ledger'!$Q$2:$Q$315,"Moved Out",'Unit Ledger'!$V$2:$V$315,"<>Y") -> 0.051747484 | C27: =MEDIAN('Unit Ledger'!$AM$2:$AM$315) -> 0.039921245 | D27: =COUNTIFS('Unit Ledger'!$Q$2:$Q$315,"Moved Out",'Unit Ledger'!$V$2:$V$315,"<>Y",'Unit Ledger'!$AJ$2:$AJ$315,">0") -> 92
A28: Effective trade-out (net of concessions both sides) | B28: =AVERAGEIFS('Unit Ledger'!$AN$2:$AN$315,'Unit Ledger'!$Q$2:$Q$315,"Moved Out",'Unit Ledger'!$V$2:$V$315,"<>Y") -> 0.1066842 | C28: =MEDIAN('Unit Ledger'!$AN$2:$AN$315) -> 0.1019753 | D28: =SUMPRODUCT(('Unit Ledger'!$Q$2:$Q$315="Moved Out")*('Unit Ledger'!$V$2:$V$315<>"Y")*ISNUMBER('Unit Ledger'!$AN$2:$AN$315)) -> 88
A29: Avg prior tenant gross → avg new tenant gross | B29: =AVERAGEIFS('Unit Ledger'!$L$2:$L$315,'Unit Ledger'!$Q$2:$Q$315,"Moved Out",'Unit Ledger'!$AJ$2:$AJ$315,">0",'Unit Ledger'!$V$2:$V$315,"<>Y") -> 1751.2283 | C29: =AVERAGEIFS('Unit Ledger'!$AJ$2:$AJ$315,'Unit Ledger'!$Q$2:$Q$315,"Moved Out",'Unit Ledger'!$AJ$2:$AJ$315,">0",'Unit Ledger'!$V$2:$V$315,"<>Y") -> 1838.1413
A30: Avg days vacant between tenants | B30: =AVERAGEIFS('Unit Ledger'!$AO$2:$AO$315,'Unit Ledger'!$Q$2:$Q$315,"Moved Out") -> 23.033708
A32: CONCESSION BURN-OFF (the real story)
A33: Initial leases with a concession (where known) | B33: =COUNTIF('Unit Ledger'!$M$2:$M$315,">0")/(COUNTIF('Unit Ledger'!$M$2:$M$315,">0")+COUNTIF('Unit Ledger'!$M$2:$M$315,"0")) -> 0.70989761 | C33: Denominator = leases with concession data
A34: Avg initial concession (leases w/ concession) | B34: =AVERAGEIF('Unit Ledger'!$M$2:$M$315,">0") -> 2058.458
A35: Avg initial concession in months free | B35: =AVERAGEIF('Unit Ledger'!$M$2:$M$315,">0")/AVERAGEIFS('Unit Ledger'!$L$2:$L$315,'Unit Ledger'!$M$2:$M$315,">0") -> 1.1769925
A36: Avg concession on renewal leases | B36: =AVERAGEIFS('Unit Ledger'!$Z$2:$Z$315,'Unit Ledger'!$Q$2:$Q$315,"Renewed") -> 23.398438 | C36: Concessions largely disappear at renewal — hence eff >> gross trade-out
A37: Avg concession on replacement (new) leases | B37: =AVERAGEIFS('Unit Ledger'!$AK$2:$AK$315,'Unit Ledger'!$Q$2:$Q$315,"Moved Out",'Unit Ledger'!$AJ$2:$AJ$315,">0") -> 455.78977
A39: Sources: Yardi rent rolls (1/1, 7/07, 7/19, 8/4/2026), Concession Burn Off (6/21, 7/30/2026 — lease start dates), Renewal Tradeouts report (5/10–7/9/2026), HelloData unit details (8/12/2026). See Notes tab for methodology and caveats.

Sheet Unit Ledger
A1: Unit | B1: Unit Type | C1: Beds | D1: SF | E1: Resident ID | F1: Resident | G1: Move In | H1: Initial Term (mo) | I1: Orig. First Expiration | J1: Exp Month | K1: Orig. Exp Source | L1: Initial Gross Rent | M1: Initial Concession ($) | N1: Initial Effective Rent | O1: Initial Rent Source | P1: Concession Source | Q1: Outcome | R1: Expired by 8/4/26 | S1: In Retention Denom | T1: Early Term | U1: Notice | V1: Exclude | W1: Renewal Date | X1: Renewal Term (mo) | Y1: Renewal Gross Rent | Z1: Renewal Concession ($) | AA1: Renewal Effective Rent | AB1: In Renewal Report | AC1: Renewal Trade-Out Gross % | AD1: Renewal Trade-Out Eff % | AE1: Vacated Date | AF1: New Resident ID | AG1: New Resident | AH1: New Move In | AI1: New Lease Term (mo) | AJ1: New Gross Rent | AK1: New Concession ($) | AL1: New Effective Rent | AM1: New-Lease Trade-Out Gross % | AN1: New-Lease Trade-Out Eff % | AO1: Days Vacant
A2: A101 | B2: B2_Seas | C2: 2x2 | D2: 1141 | E2: t0035267 | F2: Emely Ramirez | G2: 45998 | H2: 12 | I2: 46362 | J2: 2026-12 | K2: Rent roll (still on initial lease) | L2: 1775 | M2: 887.5 | N2: =IF(OR($L2="",$H2="",$H2=0),"",$L2-N($M2)/$H2) -> 1701.0417 | O2: RR 1/1/26 | P2: Burn-off | Q2: Not Yet Expired | AA2: =IF(OR($Y2="",$X2="",$X2=0),"",$Y2-N($Z2)/$X2) | AC2: =IF(OR($Y2="",$L2="",$L2=0),"",$Y2/$L2-1) | AD2: =IF(OR($AA2="",$N2="",$N2=0),"",$AA2/$N2-1) | AL2: =IF(OR($AJ2="",$AI2="",$AI2=0),"",$AJ2-N($AK2)/$AI2) | AM2: =IF(OR($AJ2="",$L2="",$L2=0),"",$AJ2/$L2-1) | AN2: =IF(OR($AL2="",$N2="",$N2=0),"",$AL2/$N2-1)
A3: A102 | B3: C1a_Seas | C3: 3x2 | D3: 1328 | E3: t0030269 | F3: Derek Barham | G3: 45695 | H3: 15 | I3: 46059 | J3: 2026-02 | K3: Rent roll (still on initial lease) | L3: 2130 | M3: 495 | N3: =IF(OR($L3="",$H3="",$H3=0),"",$L3-N($M3)/$H3) -> 2097 | O3: RR 1/1/26 | P3: HelloData (ask-eff x term) | Q3: Moved Out | R3: Y | S3: Y | AA3: =IF(OR($Y3="",$X3="",$X3=0),"",$Y3-N($Z3)/$X3) | AC3: =IF(OR($Y3="",$L3="",$L3=0),"",$Y3/$L3-1) | AD3: =IF(OR($AA3="",$N3="",$N3=0),"",$AA3/$N3-1) | AE3: 46059 | AF3: t0038493 | AG3: Matthew Fielder | AH3: 46133 | AI3: 12 | AJ3: 2351 | AK3: 2351 | AL3: =IF(OR($AJ3="",$AI3="",$AI3=0),"",$AJ3-N($AK3)/$AI3) -> 2155.0833 | AM3: =IF(OR($AJ3="",$L3="",$L3=0),"",$AJ3/$L3-1) -> 0.10375587 | AN3: =IF(OR($AL3="",$N3="",$N3=0),"",$AL3/$N3-1) -> 0.027698299 | AO3: 74
A4: A103 | B4: A1_Seas | C4: 1x1 | D4: 693 | E4: t0041303 | F4: Samantha Post | G4: 45960 | H4: 12 | I4: 46324 | J4: 2026-10 | K4: Rent roll (still on initial lease) | L4: 1349 | M4: 674 | N4: =IF(OR($L4="",$H4="",$H4=0),"",$L4-N($M4)/$H4) -> 1292.8333 | O4: RR 1/1/26 | P4: Burn-off | Q4: Moved Out | T4: Y | AA4: =IF(OR($Y4="",$X4="",$X4=0),"",$Y4-N($Z4)/$X4) | AC4: =IF(OR($Y4="",$L4="",$L4=0),"",$Y4/$L4-1) | AD4: =IF(OR($AA4="",$N4="",$N4=0),"",$AA4/$N4-1) | AE4: 46230 | AL4: =IF(OR($AJ4="",$AI4="",$AI4=0),"",$AJ4-N($AK4)/$AI4) | AM4: =IF(OR($AJ4="",$L4="",$L4=0),"",$AJ4/$L4-1) | AN4: =IF(OR($AL4="",$N4="",$N4=0),"",$AL4/$N4-1)
A5: A104 | B5: A2_Seas | C5: 1x1 | D5: 746 | E5: t0036159 | F5: Nancy Bain | G5: 45975 | H5: 18 | I5: 46520 | J5: 2027-05 | K5: Rent roll (still on initial lease) | L5: 1499 | M5: 0 | N5: =IF(OR($L5="",$H5="",$H5=0),"",$L5-N($M5)/$H5) -> 1499 | O5: RR 1/1/26 | P5: Burn-off | Q5: Not Yet Expired | AA5: =IF(OR($Y5="",$X5="",$X5=0),"",$Y5-N($Z5)/$X5) | AC5: =IF(OR($Y5="",$L5="",$L5=0),"",$Y5/$L5-1) | AD5: =IF(OR($AA5="",$N5="",$N5=0),"",$AA5/$N5-1) | AL5: =IF(OR($AJ5="",$AI5="",$AI5=0),"",$AJ5-N($AK5)/$AI5) | AM5: =IF(OR($AJ5="",$L5="",$L5=0),"",$AJ5/$L5-1) | AN5: =IF(OR($AL5="",$N5="",$N5=0),"",$AL5/$N5-1)
A6: A105 | B6: B1_Seas | C6: 2x2 | D6: 1092 | E6: t0031838 | F6: Weslynn Clyne | G6: 45781 | H6: 14 | I6: 46206 | J6: 2026-07 | K6: Rent roll (still on initial lease) | L6: 1885 | M6: 0 | N6: =IF(OR($L6="",$H6="",$H6=0),"",$L6-N($M6)/$H6) -> 1885 | O6: RR 1/1/26 | P6: Burn-off | Q6: Moved Out | R6: Y | S6: Y | AA6: =IF(OR($Y6="",$X6="",$X6=0),"",$Y6-N($Z6)/$X6) | AC6: =IF(OR($Y6="",$L6="",$L6=0),"",$Y6/$L6-1) | AD6: =IF(OR($AA6="",$N6="",$N6=0),"",$AA6/$N6-1) | AE6: 46206 | AF6: t0040872 | AG6: Parker Banner | AH6: 46220 | AI6: 12 | AJ6: 1924 | AK6: 0 | AL6: =IF(OR($AJ6="",$AI6="",$AI6=0),"",$AJ6-N($AK6)/$AI6) -> 1924 | AM6: =IF(OR($AJ6="",$L6="",$L6=0),"",$AJ6/$L6-1) -> 0.020689655 | AN6: =IF(OR($AL6="",$N6="",$N6=0),"",$AL6/$N6-1) -> 0.020689655 | AO6: 14
A7: A106 | B7: A1_Seas | C7: 1x1 | D7: 693 | E7: t0035645 | F7: Dominic Hanna | G7: 45957 | H7: 12 | I7: 46321 | J7: 2026-10 | K7: Rent roll (still on initial lease) | L7: 1349 | M7: 0 | N7: =IF(OR($L7="",$H7="",$H7=0),"",$L7-N($M7)/$H7) -> 1349 | O7: RR 1/1/26 | P7: Burn-off | Q7: Not Yet Expired | AA7: =IF(OR($Y7="",$X7="",$X7=0),"",$Y7-N($Z7)/$X7) | AC7: =IF(OR($Y7="",$L7="",$L7=0),"",$Y7/$L7-1) | AD7: =IF(OR($AA7="",$N7="",$N7=0),"",$AA7/$N7-1) | AL7: =IF(OR($AJ7="",$AI7="",$AI7=0),"",$AJ7-N($AK7)/$AI7) | AM7: =IF(OR($AJ7="",$L7="",$L7=0),"",$AJ7/$L7-1) | AN7: =IF(OR($AL7="",$N7="",$N7=0),"",$AL7/$N7-1)
A8: A107 | B8: B2_Seas | C8: 2x2 | D8: 1141 | E8: t0030452 | F8: Heather Orchard | G8: 45730 | H8: 15 | I8: 46094 | J8: 2026-03 | K8: Renewal lease start - 1d | L8: 1995 | M8: 495 | N8: =IF(OR($L8="",$H8="",$H8=0),"",$L8-N($M8)/$H8) -> 1962 | O8: RR 1/1/26 | P8: HelloData (ask-eff x term) | Q8: Renewed | R8: Y | S8: Y | W8: 46095 | X8: 6 | Y8: 1995 | Z8: 0 | AA8: =IF(OR($Y8="",$X8="",$X8=0),"",$Y8-N($Z8)/$X8) -> 1995 | AC8: =IF(OR($Y8="",$L8="",$L8=0),"",$Y8/$L8-1) -> 0 | AD8: =IF(OR($AA8="",$N8="",$N8=0),"",$AA8/$N8-1) -> 0.016819572 | AL8: =IF(OR($AJ8="",$AI8="",$AI8=0),"",$AJ8-N($AK8)/$AI8) | AM8: =IF(OR($AJ8="",$L8="",$L8=0),"",$AJ8/$L8-1) | AN8: =IF(OR($AL8="",$N8="",$N8=0),"",$AL8/$N8-1)
A9: A108 | B9: A1_Seas | C9: 1x1 | D9: 693 | E9: t0035973 | F9: Katrina Knox | G9: 45961 | H9: 17 | I9: 46476 | J9: 2027-03 | K9: Rent roll (still on initial lease) | L9: 1349 | M9: 674.5 | N9: =IF(OR($L9="",$H9="",$H9=0),"",$L9-N($M9)/$H9) -> 1309.3235 | O9: RR 1/1/26 | P9: Burn-off | Q9: Not Yet Expired | AA9: =IF(OR($Y9="",$X9="",$X9=0),"",$Y9-N($Z9)/$X9) | AC9: =IF(OR($Y9="",$L9="",$L9=0),"",$Y9/$L9-1) | AD9: =IF(OR($AA9="",$N9="",$N9=0),"",$AA9/$N9-1) | AL9: =IF(OR($AJ9="",$AI9="",$AI9=0),"",$AJ9-N($AK9)/$AI9) | AM9: =IF(OR($AJ9="",$L9="",$L9=0),"",$AJ9/$L9-1) | AN9: =IF(OR($AL9="",$N9="",$N9=0),"",$AL9/$N9-1)
A10: A109 | B10: A1_Seas | C10: 1x1 | D10: 693 | E10: t0034222 | F10: Gavin Edens | G10: 45882 | H10: 12 | I10: 46246 | J10: 2026-08 | K10: Rent roll (still on initial lease) | L10: 1600 | M10: 2400 | N10: =IF(OR($L10="",$H10="",$H10=0),"",$L10-N($M10)/$H10) -> 1400 | O10: RR 1/1/26 | P10: Burn-off | Q10: Not Yet Expired | AA10: =IF(OR($Y10="",$X10="",$X10=0),"",$Y10-N($Z10)/$X10) | AC10: =IF(OR($Y10="",$L10="",$L10=0),"",$Y10/$L10-1) | AD10: =IF(OR($AA10="",$N10="",$N10=0),"",$AA10/$N10-1) | AL10: =IF(OR($AJ10="",$AI10="",$AI10=0),"",$AJ10-N($AK10)/$AI10) | AM10: =IF(OR($AJ10="",$L10="",$L10=0),"",$AJ10/$L10-1) | AN10: =IF(OR($AL10="",$N10="",$N10=0),"",$AL10/$N10-1)
A11: A110 | B11: A2_Seas | C11: 1x1 | D11: 746 | E11: t0036419 | F11: Zackary Dent | G11: 46009 | H11: 18 | I11: 46555 | J11: 2027-06 | K11: Rent roll (still on initial lease) | L11: 1499 | M11: 0 | N11: =IF(OR($L11="",$H11="",$H11=0),"",$L11-N($M11)/$H11) -> 1499 | O11: RR 1/1/26 | P11: Burn-off | Q11: Not Yet Expired | AA11: =IF(OR($Y11="",$X11="",$X11=0),"",$Y11-N($Z11)/$X11) | AC11: =IF(OR($Y11="",$L11="",$L11=0),"",$Y11/$L11-1) | AD11: =IF(OR($AA11="",$N11="",$N11=0),"",$AA11/$N11-1) | AL11: =IF(OR($AJ11="",$AI11="",$AI11=0),"",$AJ11-N($AK11)/$AI11) | AM11: =IF(OR($AJ11="",$L11="",$L11=0),"",$AJ11/$L11-1) | AN11: =IF(OR($AL11="",$N11="",$N11=0),"",$AL11/$N11-1)
A12: A111 | B12: A1_Seas | C12: 1x1 | D12: 693 | E12: t0035171 | F12: Jonathan Zuniga | G12: 45936 | H12: 18 | I12: 46482 | J12: 2027-04 | K12: Rent roll (still on initial lease) | L12: 1349 | M12: 674 | N12: =IF(OR($L12="",$H12="",$H12=0),"",$L12-N($M12)/$H12) -> 1311.5556 | O12: RR 1/1/26 | P12: Burn-off | Q12: Not Yet Expired | AA12: =IF(OR($Y12="",$X12="",$X12=0),"",$Y12-N($Z12)/$X12) | AC12: =IF(OR($Y12="",$L12="",$L12=0),"",$Y12/$L12-1) | AD12: =IF(OR($AA12="",$N12="",$N12=0),"",$AA12/$N12-1) | AL12: =IF(OR($AJ12="",$AI12="",$AI12=0),"",$AJ12-N($AK12)/$AI12) | AM12: =IF(OR($AJ12="",$L12="",$L12=0),"",$AJ12/$L12-1) | AN12: =IF(OR($AL12="",$N12="",$N12=0),"",$AL12/$N12-1)
A13: A112 | B13: B3a_Seas | C13: 2x2 | D13: 1165 | E13: t0031915 | F13: Alexandria Cowles | G13: 45776 | H13: 12 | I13: 46170 | J13: 2026-05 | K13: Rent roll (still on initial lease) | L13: 1820 | M13: 1824 | N13: =IF(OR($L13="",$H13="",$H13=0),"",$L13-N($M13)/$H13) -> 1668 | O13: RR 1/1/26 | P13: HelloData (ask-eff x term) | Q13: Moved Out | R13: Y | S13: Y | AA13: =IF(OR($Y13="",$X13="",$X13=0),"",$Y13-N($Z13)/$X13) | AC13: =IF(OR($Y13="",$L13="",$L13=0),"",$Y13/$L13-1) | AD13: =IF(OR($AA13="",$N13="",$N13=0),"",$AA13/$N13-1) | AE13: 46170 | AL13: =IF(OR($AJ13="",$AI13="",$AI13=0),"",$AJ13-N($AK13)/$AI13) | AM13: =IF(OR($AJ13="",$L13="",$L13=0),"",$AJ13/$L13-1) | AN13: =IF(OR($AL13="",$N13="",$N13=0),"",$AL13/$N13-1)
A14: A113 | B14: B3a_Seas | C14: 2x2 | D14: 1165 | E14: t0032535 | F14: Simone Thompson | G14: 45829 | H14: 12 | I14: 46193 | J14: 2026-06 | K14: Rent roll (still on initial lease) | L14: 1885 | M14: 2827 | N14: =IF(OR($L14="",$H14="",$H14=0),"",$L14-N($M14)/$H14) -> 1649.4167 | O14: RR 1/1/26 | P14: Burn-off | Q14: Moved Out | R14: Y | S14: Y | AA14: =IF(OR($Y14="",$X14="",$X14=0),"",$Y14-N($Z14)/$X14) | AC14: =IF(OR($Y14="",$L14="",$L14=0),"",$Y14/$L14-1) | AD14: =IF(OR($AA14="",$N14="",$N14=0),"",$AA14/$N14-1) | AE14: 46223 | AF14: t0042564 | AG14: Jabier Flores Garcia | AH14: 46232 | AI14: 18 | AJ14: 2117 | AK14: 0 | AL14: =IF(OR($AJ14="",$AI14="",$AI14=0),"",$AJ14-N($AK14)/$AI14) -> 2117 | AM14: =IF(OR($AJ14="",$L14="",$L14=0),"",$AJ14/$L14-1) -> 0.12307692 | AN14: =IF(OR($AL14="",$N14="",$N14=0),"",$AL14/$N14-1) -> 0.28348406 | AO14: 9
A15: A201 | B15: B2_Seas | C15: 2x2 | D15: 1141 | E15: t0033545 | F15: Alan Khan | G15: 45852 | H15: 12 | I15: 46216 | J15: 2026-07 | K15: Rent roll (still on initial lease) | L15: 1869 | M15: 1869 | N15: =IF(OR($L15="",$H15="",$H15=0),"",$L15-N($M15)/$H15) -> 1713.25 | O15: RR 1/1/26 | P15: Burn-off | Q15: Moved Out | R15: Y | S15: Y | AA15: =IF(OR($Y15="",$X15="",$X15=0),"",$Y15-N($Z15)/$X15) | AC15: =IF(OR($Y15="",$L15="",$L15=0),"",$Y15/$L15-1) | AD15: =IF(OR($AA15="",$N15="",$N15=0),"",$AA15/$N15-1) | AE15: 46216 | AF15: t0040592 | AG15: Katelyn Greenwald | AH15: 46232 | AI15: 12 | AJ15: 2070 | AK15: 0 | AL15: =IF(OR($AJ15="",$AI15="",$AI15=0),"",$AJ15-N($AK15)/$AI15) -> 2070 | AM15: =IF(OR($AJ15="",$L15="",$L15=0),"",$AJ15/$L15-1) -> 0.10754414 | AN15: =IF(OR($AL15="",$N15="",$N15=0),"",$AL15/$N15-1) -> 0.20822997 | AO15: 16
A16: A202 | B16: C1b_Seas | C16: 3x2 | D16: 1340 | E16: t0029908 | F16: Alexandra McKenzie | G16: 45682 | H16: 15 | I16: 46105 | J16: 2026-03 | K16: Renewal lease start - 1d | L16: 2055 | M16: 495 | N16: =IF(OR($L16="",$H16="",$H16=0),"",$L16-N($M16)/$H16) -> 2022 | O16: RR 1/1/26 | P16: HelloData (ask-eff x term) | Q16: Renewed | R16: Y | S16: Y | W16: 46106 | X16: 12 | Y16: 2055 | Z16: 0 | AA16: =IF(OR($Y16="",$X16="",$X16=0),"",$Y16-N($Z16)/$X16) -> 2055 | AC16: =IF(OR($Y16="",$L16="",$L16=0),"",$Y16/$L16-1) -> 0 | AD16: =IF(OR($AA16="",$N16="",$N16=0),"",$AA16/$N16-1) -> 0.016320475 | AL16: =IF(OR($AJ16="",$AI16="",$AI16=0),"",$AJ16-N($AK16)/$AI16) | AM16: =IF(OR($AJ16="",$L16="",$L16=0),"",$AJ16/$L16-1) | AN16: =IF(OR($AL16="",$N16="",$N16=0),"",$AL16/$N16-1)
A17: A203 | B17: A1_Seas | C17: 1x1 | D17: 693 | E17: t0037105 | F17: Malik Sullivan | G17: 45708 | H17: 15 | I17: 46131 | J17: 2026-04 | K17: Rent roll (still on initial lease) | L17: 1410 | M17: 495 | N17: =IF(OR($L17="",$H17="",$H17=0),"",$L17-N($M17)/$H17) -> 1377 | O17: RR 1/1/26 | P17: HelloData (ask-eff x term) | Q17: Moved Out | R17: Y | S17: Y | T17: Y | AA17: =IF(OR($Y17="",$X17="",$X17=0),"",$Y17-N($Z17)/$X17) | AC17: =IF(OR($Y17="",$L17="",$L17=0),"",$Y17/$L17-1) | AD17: =IF(OR($AA17="",$N17="",$N17=0),"",$AA17/$N17-1) | AE17: 46062 | AF17: t0038410 | AG17: Dakotah Brown | AH17: 46092 | AI17: 12 | AJ17: 1490 | AK17: 0 | AL17: =IF(OR($AJ17="",$AI17="",$AI17=0),"",$AJ17-N($AK17)/$AI17) -> 1490 | AM17: =IF(OR($AJ17="",$L17="",$L17=0),"",$AJ17/$L17-1) -> 0.056737589 | AN17: =IF(OR($AL17="",$N17="",$N17=0),"",$AL17/$N17-1) -> 0.082062455 | AO17: 30
A18: A204 | B18: A2_Seas | C18: 1x1 | D18: 746 | E18: t0028992 | F18: Kristine Campagni | G18: 45673 | H18: 18 | I18: 46219 | J18: 2026-07 | K18: Rent roll (still on initial lease) | L18: 1664 | M18: 1664 | N18: =IF(OR($L18="",$H18="",$H18=0),"",$L18-N($M18)/$H18) -> 1571.5556 | O18: RR 1/1/26 | P18: Burn-off | Q18: MTM Holdover | R18: Y | S18: Y | AA18: =IF(OR($Y18="",$X18="",$X18=0),"",$Y18-N($Z18)/$X18) | AC18: =IF(OR($Y18="",$L18="",$L18=0),"",$Y18/$L18-1) | AD18: =IF(OR($AA18="",$N18="",$N18=0),"",$AA18/$N18-1) | AL18: =IF(OR($AJ18="",$AI18="",$AI18=0),"",$AJ18-N($AK18)/$AI18) | AM18: =IF(OR($AJ18="",$L18="",$L18=0),"",$AJ18/$L18-1) | AN18: =IF(OR($AL18="",$N18="",$N18=0),"",$AL18/$N18-1)
A19: A205 | B19: B1_Seas | C19: 2x2 | D19: 1092 | E19: t0030425 | F19: Katie Crook | G19: 45744 | H19: 15 | I19: 46049 | J19: 2026-01 | K19: Rent roll (still on initial lease) | L19: 1715 | M19: 495 | N19: =IF(OR($L19="",$H19="",$H19=0),"",$L19-N($M19)/$H19) -> 1682 | O19: RR 1/1/26 | P19: HelloData (ask-eff x term) | Q19: Moved Out | R19: Y | S19: Y | AA19: =IF(OR($Y19="",$X19="",$X19=0),"",$Y19-N($Z19)/$X19) | AC19: =IF(OR($Y19="",$L19="",$L19=0),"",$Y19/$L19-1) | AD19: =IF(OR($AA19="",$N19="",$N19=0),"",$AA19/$N19-1) | AE19: 46053 | AF19: t0031017 | AG19: Michael Saffery Hoopii | AH19: 46073 | AI19: 18 | AJ19: 1799 | AK19: 0 | AL19: =IF(OR($AJ19="",$AI19="",$AI19=0),"",$AJ19-N($AK19)/$AI19) -> 1799 | AM19: =IF(OR($AJ19="",$L19="",$L19=0),"",$AJ19/$L19-1) -> 0.048979592 | AN19: =IF(OR($AL19="",$N19="",$N19=0),"",$AL19/$N19-1) -> 0.069560048 | AO19: 20
A20: A206 | B20: A1_Seas | C20: 1x1 | D20: 693 | E20: t0036235 | F20: Lukas Holloman | G20: 46001 | H20: 12 | I20: 46365 | J20: 2026-12 | K20: Rent roll (still on initial lease) | L20: 1399 | M20: 0 | N20: =IF(OR($L20="",$H20="",$H20=0),"",$L20-N($M20)/$H20) -> 1399 | O20: RR 1/1/26 | P20: Burn-off | Q20: Not Yet Expired | AA20: =IF(OR($Y20="",$X20="",$X20=0),"",$Y20-N($Z20)/$X20) | AC20: =IF(OR($Y20="",$L20="",$L20=0),"",$Y20/$L20-1) | AD20: =IF(OR($AA20="",$N20="",$N20=0),"",$AA20/$N20-1) | AL20: =IF(OR($AJ20="",$AI20="",$AI20=0),"",$AJ20-N($AK20)/$AI20) | AM20: =IF(OR($AJ20="",$L20="",$L20=0),"",$AJ20/$L20-1) | AN20: =IF(OR($AL20="",$N20="",$N20=0),"",$AL20/$N20-1)
A21: A207 | B21: B2_Seas | C21: 2x2 | D21: 1141 | E21: t0034692 | F21: Amy Brading | G21: 45904 | H21: 12 | I21: 46268 | J21: 2026-09 | K21: Rent roll (still on initial lease) | L21: 1919 | M21: 1919 | N21: =IF(OR($L21="",$H21="",$H21=0),"",$L21-N($M21)/$H21) -> 1759.0833 | O21: RR 1/1/26 | P21: Burn-off | Q21: Not Yet Expired | U21: Y | AA21: =IF(OR($Y21="",$X21="",$X21=0),"",$Y21-N($Z21)/$X21) | AC21: =IF(OR($Y21="",$L21="",$L21=0),"",$Y21/$L21-1) | AD21: =IF(OR($AA21="",$N21="",$N21=0),"",$AA21/$N21-1) | AL21: =IF(OR($AJ21="",$AI21="",$AI21=0),"",$AJ21-N($AK21)/$AI21) | AM21: =IF(OR($AJ21="",$L21="",$L21=0),"",$AJ21/$L21-1) | AN21: =IF(OR($AL21="",$N21="",$N21=0),"",$AL21/$N21-1)
A22: A208 | B22: A1_Seas | C22: 1x1 | D22: 693 | E22: t0035813 | F22: Dylan Croner | G22: 45957 | H22: 12 | I22: 46321 | J22: 2026-10 | K22: Rent roll (still on initial lease) | L22: 1349 | M22: 674.5 | N22: =IF(OR($L22="",$H22="",$H22=0),"",$L22-N($M22)/$H22) -> 1292.7917 | O22: RR 1/1/26 | P22: Burn-off | Q22: Not Yet Expired | AA22: =IF(OR($Y22="",$X22="",$X22=0),"",$Y22-N($Z22)/$X22) | AC22: =IF(OR($Y22="",$L22="",$L22=0),"",$Y22/$L22-1) | AD22: =IF(OR($AA22="",$N22="",$N22=0),"",$AA22/$N22-1) | AL22: =IF(OR($AJ22="",$AI22="",$AI22=0),"",$AJ22-N($AK22)/$AI22) | AM22: =IF(OR($AJ22="",$L22="",$L22=0),"",$AJ22/$L22-1) | AN22: =IF(OR($AL22="",$N22="",$N22=0),"",$AL22/$N22-1)
A23: A209 | B23: A1_Seas | C23: 1x1 | D23: 693 | E23: t0035239 | F23: Emily Bonner | G23: 45971 | H23: 12 | I23: 46335 | J23: 2026-11 | K23: Rent roll (still on initial lease) | L23: 1399 | M23: 0 | N23: =IF(OR($L23="",$H23="",$H23=0),"",$L23-N($M23)/$H23) -> 1399 | O23: RR 1/1/26 | P23: Burn-off | Q23: Not Yet Expired | AA23: =IF(OR($Y23="",$X23="",$X23=0),"",$Y23-N($Z23)/$X23) | AC23: =IF(OR($Y23="",$L23="",$L23=0),"",$Y23/$L23-1) | AD23: =IF(OR($AA23="",$N23="",$N23=0),"",$AA23/$N23-1) | AL23: =IF(OR($AJ23="",$AI23="",$AI23=0),"",$AJ23-N($AK23)/$AI23) | AM23: =IF(OR($AJ23="",$L23="",$L23=0),"",$AJ23/$L23-1) | AN23: =IF(OR($AL23="",$N23="",$N23=0),"",$AL23/$N23-1)
A24: A210 | B24: A2_Seas | C24: 1x1 | D24: 746 | E24: t0036709 | F24: PAYDEN WARNER | G24: 45913 | H24: 12 | I24: 46277 | J24: 2026-09 | K24: Rent roll (still on initial lease) | L24: 1694 | M24: 3384 | N24: =IF(OR($L24="",$H24="",$H24=0),"",$L24-N($M24)/$H24) -> 1412 | O24: RR 1/1/26 | P24: HelloData (ask-eff x term) | Q24: Moved Out | T24: Y | AA24: =IF(OR($Y24="",$X24="",$X24=0),"",$Y24-N($Z24)/$X24) | AC24: =IF(OR($Y24="",$L24="",$L24=0),"",$Y24/$L24-1) | AD24: =IF(OR($AA24="",$N24="",$N24=0),"",$AA24/$N24-1) | AE24: 46024 | AF24: t0037724 | AG24: Edward Gorman | AH24: 46071 | AI24: 9 | AJ24: 1644 | AK24: 0 | AL24: =IF(OR($AJ24="",$AI24="",$AI24=0),"",$AJ24-N($AK24)/$AI24) -> 1644 | AM24: =IF(OR($AJ24="",$L24="",$L24=0),"",$AJ24/$L24-1) -> -0.029515939 | AN24: =IF(OR($AL24="",$N24="",$N24=0),"",$AL24/$N24-1) -> 0.16430595 | AO24: 47
A25: A211 | B25: A1_Seas | C25: 1x1 | D25: 693 | E25: t0031285 | F25: Jaime Valdez | G25: 45772 | H25: 13 | I25: 46166 | J25: 2026-05 | K25: Renewal report | L25: 1520 | M25: 2280 | N25: =IF(OR($L25="",$H25="",$H25=0),"",$L25-N($M25)/$H25) -> 1344.6154 | O25: RR 1/1/26 | P25: Renewal report | Q25: Renewed | R25: Y | S25: Y | W25: 46167 | X25: 11 | Y25: 1570 | Z25: 0 | AA25: =IF(OR($Y25="",$X25="",$X25=0),"",$Y25-N($Z25)/$X25) -> 1570 | AB25: Y | AC25: =IF(OR($Y25="",$L25="",$L25=0),"",$Y25/$L25-1) -> 0.032894737 | AD25: =IF(OR($AA25="",$N25="",$N25=0),"",$AA25/$N25-1) -> 0.16762014 | AL25: =IF(OR($AJ25="",$AI25="",$AI25=0),"",$AJ25-N($AK25)/$AI25) | AM25: =IF(OR($AJ25="",$L25="",$L25=0),"",$AJ25/$L25-1) | AN25: =IF(OR($AL25="",$N25="",$N25=0),"",$AL25/$N25-1)
A26: A212 | B26: B3b_Seas | C26: 2x2 | D26: 1177 | E26: t0034758 | F26: PAYDEN WARNER | G26: 46022 | H26: 12 | I26: 46386 | J26: 2026-12 | K26: Rent roll (still on initial lease) | L26: 1999 | M26: 0 | N26: =IF(OR($L26="",$H26="",$H26=0),"",$L26-N($M26)/$H26) -> 1999 | O26: RR 1/1/26 | P26: Burn-off | Q26: Not Yet Expired | AA26: =IF(OR($Y26="",$X26="",$X26=0),"",$Y26-N($Z26)/$X26) | AC26: =IF(OR($Y26="",$L26="",$L26=0),"",$Y26/$L26-1) | AD26: =IF(OR($AA26="",$N26="",$N26=0),"",$AA26/$N26-1) | AL26: =IF(OR($AJ26="",$AI26="",$AI26=0),"",$AJ26-N($AK26)/$AI26) | AM26: =IF(OR($AJ26="",$L26="",$L26=0),"",$AJ26/$L26-1) | AN26: =IF(OR($AL26="",$N26="",$N26=0),"",$AL26/$N26-1)
A27: A213 | B27: B3b_Seas | C27: 2x2 | D27: 1177 | E27: t0035698 | F27: Silviu Apostu | G27: 45969 | H27: 12 | I27: 46333 | J27: 2026-11 | K27: Rent roll (still on initial lease) | L27: 1800 | M27: 900 | N27: =IF(OR($L27="",$H27="",$H27=0),"",$L27-N($M27)/$H27) -> 1725 | O27: RR 1/1/26 | P27: Burn-off | Q27: Not Yet Expired | AA27: =IF(OR($Y27="",$X27="",$X27=0),"",$Y27-N($Z27)/$X27) | AC27: =IF(OR($Y27="",$L27="",$L27=0),"",$Y27/$L27-1) | AD27: =IF(OR($AA27="",$N27="",$N27=0),"",$AA27/$N27-1) | AL27: =IF(OR($AJ27="",$AI27="",$AI27=0),"",$AJ27-N($AK27)/$AI27) | AM27: =IF(OR($AJ27="",$L27="",$L27=0),"",$AJ27/$L27-1) | AN27: =IF(OR($AL27="",$N27="",$N27=0),"",$AL27/$N27-1)
A28: A301 | B28: B2_Seas | C28: 2x2 | D28: 1141 | E28: t0034549 | F28: Roberto Magana | G28: 45924 | H28: 12 | I28: 46288 | J28: 2026-09 | K28: Rent roll (still on initial lease) | L28: 1954 | M28: 1954 | N28: =IF(OR($L28="",$H28="",$H28=0),"",$L28-N($M28)/$H28) -> 1791.1667 | O28: RR 1/1/26 | P28: Burn-off | Q28: Not Yet Expired | U28: Y | AA28: =IF(OR($Y28="",$X28="",$X28=0),"",$Y28-N($Z28)/$X28) | AC28: =IF(OR($Y28="",$L28="",$L28=0),"",$Y28/$L28-1) | AD28: =IF(OR($AA28="",$N28="",$N28=0),"",$AA28/$N28-1) | AL28: =IF(OR($AJ28="",$AI28="",$AI28=0),"",$AJ28-N($AK28)/$AI28) | AM28: =IF(OR($AJ28="",$L28="",$L28=0),"",$AJ28/$L28-1) | AN28: =IF(OR($AL28="",$N28="",$N28=0),"",$AL28/$N28-1)
A29: A303 | B29: A1_Seas | C29: 1x1 | D29: 693 | E29: t0035188 | F29: Samantha Rodriguez | G29: 45960 | H29: 18 | I29: 46506 | J29: 2027-04 | K29: Rent roll (still on initial lease) | L29: 1349 | M29: 674 | N29: =IF(OR($L29="",$H29="",$H29=0),"",$L29-N($M29)/$H29) -> 1311.5556 | O29: RR 1/1/26 | P29: Burn-off | Q29: Not Yet Expired | U29: Y | AA29: =IF(OR($Y29="",$X29="",$X29=0),"",$Y29-N($Z29)/$X29) | AC29: =IF(OR($Y29="",$L29="",$L29=0),"",$Y29/$L29-1) | AD29: =IF(OR($AA29="",$N29="",$N29=0),"",$AA29/$N29-1) | AL29: =IF(OR($AJ29="",$AI29="",$AI29=0),"",$AJ29-N($AK29)/$AI29) | AM29: =IF(OR($AJ29="",$L29="",$L29=0),"",$AJ29/$L29-1) | AN29: =IF(OR($AL29="",$N29="",$N29=0),"",$AL29/$N29-1)
A30: A304 | B30: A2_Seas | C30: 1x1 | D30: 746 | E30: t0030795 | F30: Joseph Castillo | G30: 45763 | H30: 15 | I30: 46218 | J30: 2026-07 | K30: Rent roll (still on initial lease) | L30: 1689 | M30: 2533 | N30: =IF(OR($L30="",$H30="",$H30=0),"",$L30-N($M30)/$H30) -> 1520.1333 | O30: RR 1/1/26 | P30: Burn-off | Q30: Moved Out | R30: Y | S30: Y | AA30: =IF(OR($Y30="",$X30="",$X30=0),"",$Y30-N($Z30)/$X30) | AC30: =IF(OR($Y30="",$L30="",$L30=0),"",$Y30/$L30-1) | AD30: =IF(OR($AA30="",$N30="",$N30=0),"",$AA30/$N30-1) | AE30: 46218 | AF30: t0042429 | AG30: Sriharsha Kolla | AH30: 46228 | AI30: 12 | AJ30: 1869 | AK30: 0 | AL30: =IF(OR($AJ30="",$AI30="",$AI30=0),"",$AJ30-N($AK30)/$AI30) -> 1869 | AM30: =IF(OR($AJ30="",$L30="",$L30=0),"",$AJ30/$L30-1) -> 0.10657194 | AN30: =IF(OR($AL30="",$N30="",$N30=0),"",$AL30/$N30-1) -> 0.22949741 | AO30: 10
A31: A305 | B31: B1_Seas | C31: 2x2 | D31: 1092 | E31: t0032547 | F31: Johnny Harris | G31: 45804 | H31: 12 | I31: 46168 | J31: 2026-05 | K31: Renewal report | L31: 1995 | M31: 3989.5 | N31: =IF(OR($L31="",$H31="",$H31=0),"",$L31-N($M31)/$H31) -> 1662.5417 | O31: RR 1/1/26 | P31: Renewal report | Q31: Renewed | R31: Y | S31: Y | W31: 46169 | X31: 13 | Y31: 1995 | Z31: 997.5 | AA31: =IF(OR($Y31="",$X31="",$X31=0),"",$Y31-N($Z31)/$X31) -> 1918.2692 | AB31: Y | AC31: =IF(OR($Y31="",$L31="",$L31=0),"",$Y31/$L31-1) -> 0 | AD31: =IF(OR($AA31="",$N31="",$N31=0),"",$AA31/$N31-1) -> 0.15381724 | AL31: =IF(OR($AJ31="",$AI31="",$AI31=0),"",$AJ31-N($AK31)/$AI31) | AM31: =IF(OR($AJ31="",$L31="",$L31=0),"",$AJ31/$L31-1) | AN31: =IF(OR($AL31="",$N31="",$N31=0),"",$AL31/$N31-1)
A32: A306 | B32: A1_Seas | C32: 1x1 | D32: 693 | E32: t0035738 | F32: Lillyan Dunlap | G32: 45961 | H32: 12 | I32: 46325 | J32: 2026-10 | K32: Rent roll (still on initial lease) | L32: 1349 | M32: 0 | N32: =IF(OR($L32="",$H32="",$H32=0),"",$L32-N($M32)/$H32) -> 1349 | O32: RR 1/1/26 | P32: Burn-off | Q32: Not Yet Expired | AA32: =IF(OR($Y32="",$X32="",$X32=0),"",$Y32-N($Z32)/$X32) | AC32: =IF(OR($Y32="",$L32="",$L32=0),"",$Y32/$L32-1) | AD32: =IF(OR($AA32="",$N32="",$N32=0),"",$AA32/$N32-1) | AL32: =IF(OR($AJ32="",$AI32="",$AI32=0),"",$AJ32-N($AK32)/$AI32) | AM32: =IF(OR($AJ32="",$L32="",$L32=0),"",$AJ32/$L32-1) | AN32: =IF(OR($AL32="",$N32="",$N32=0),"",$AL32/$N32-1)
A33: A307 | B33: B2_Seas | C33: 2x2 | D33: 1141 | E33: t0029257 | F33: Nicholas Sleyko | G33: 45674 | H33: 12 | I33: 46219 | J33: 2026-07 | K33: Renewal lease start - 1d | L33: 2020 | M33: 3732 | N33: =IF(OR($L33="",$H33="",$H33=0),"",$L33-N($M33)/$H33) -> 1709 | O33: RR 1/1/26 | P33: HelloData (ask-eff x term) | Q33: Renewed | R33: Y | S33: Y | W33: 46220 | X33: 12 | Y33: 2058 | Z33: 0 | AA33: =IF(OR($Y33="",$X33="",$X33=0),"",$Y33-N($Z33)/$X33) -> 2058 | AC33: =IF(OR($Y33="",$L33="",$L33=0),"",$Y33/$L33-1) -> 0.018811881 | AD33: =IF(OR($AA33="",$N33="",$N33=0),"",$AA33/$N33-1) -> 0.20421299 | AL33: =IF(OR($AJ33="",$AI33="",$AI33=0),"",$AJ33-N($AK33)/$AI33) | AM33: =IF(OR($AJ33="",$L33="",$L33=0),"",$AJ33/$L33-1) | AN33: =IF(OR($AL33="",$N33="",$N33=0),"",$AL33/$N33-1)
A34: A310 | B34: A2_Seas | C34: 1x1 | D34: 746 | E34: t0029775 | F34: Leah Walborn | G34: 45717 | H34: 18 | I34: 46265 | J34: 2026-08 | K34: Rent roll (still on initial lease) | L34: 1689 | M34: 0 | N34: =IF(OR($L34="",$H34="",$H34=0),"",$L34-N($M34)/$H34) -> 1689 | O34: RR 1/1/26 | P34: Burn-off | Q34: Not Yet Expired | AA34: =IF(OR($Y34="",$X34="",$X34=0),"",$Y34-N($Z34)/$X34) | AC34: =IF(OR($Y34="",$L34="",$L34=0),"",$Y34/$L34-1) | AD34: =IF(OR($AA34="",$N34="",$N34=0),"",$AA34/$N34-1) | AL34: =IF(OR($AJ34="",$AI34="",$AI34=0),"",$AJ34-N($AK34)/$AI34) | AM34: =IF(OR($AJ34="",$L34="",$L34=0),"",$AJ34/$L34-1) | AN34: =IF(OR($AL34="",$N34="",$N34=0),"",$AL34/$N34-1)
A35: A312 | B35: B3b_Seas | C35: 2x2 | D35: 1177 | E35: t0030987 | F35: Natalle Wallace | G35: 45744 | H35: 12 | I35: 46292 | J35: 2026-09 | K35: Rent roll (still on initial lease) | L35: 1770 | M35: 2448 | N35: =IF(OR($L35="",$H35="",$H35=0),"",$L35-N($M35)/$H35) -> 1566 | O35: RR 1/1/26 | P35: HelloData (ask-eff x term) | Q35: Moved Out | T35: Y | AA35: =IF(OR($Y35="",$X35="",$X35=0),"",$Y35-N($Z35)/$X35) | AC35: =IF(OR($Y35="",$L35="",$L35=0),"",$Y35/$L35-1) | AD35: =IF(OR($AA35="",$N35="",$N35=0),"",$AA35/$N35-1) | AE35: 46053 | AF35: t0037719 | AG35: Madeline Schmitt | AH35: 46093 | AI35: 12 | AJ35: 1850 | AK35: 0 | AL35: =IF(OR($AJ35="",$AI35="",$AI35=0),"",$AJ35-N($AK35)/$AI35) -> 1850 | AM35: =IF(OR($AJ35="",$L35="",$L35=0),"",$AJ35/$L35-1) -> 0.04519774 | AN35: =IF(OR($AL35="",$N35="",$N35=0),"",$AL35/$N35-1) -> 0.18135377 | AO35: 40
A36: A313 | B36: B3b_Seas | C36: 2x2 | D36: 1177 | E36: t0031035 | F36: Paul Bockstedt III | G36: 45754 | H36: 13 | I36: 46148 | J36: 2026-05 | K36: Rent roll (still on initial lease) | L36: 1935 | M36: 2902.5 | N36: =IF(OR($L36="",$H36="",$H36=0),"",$L36-N($M36)/$H36) -> 1711.7308 | O36: RR 1/1/26 | P36: Burn-off | Q36: MTM Holdover | R36: Y | S36: Y | AA36: =IF(OR($Y36="",$X36="",$X36=0),"",$Y36-N($Z36)/$X36) | AC36: =IF(OR($Y36="",$L36="",$L36=0),"",$Y36/$L36-1) | AD36: =IF(OR($AA36="",$N36="",$N36=0),"",$AA36/$N36-1) | AL36: =IF(OR($AJ36="",$AI36="",$AI36=0),"",$AJ36-N($AK36)/$AI36) | AM36: =IF(OR($AJ36="",$L36="",$L36=0),"",$AJ36/$L36-1) | AN36: =IF(OR($AL36="",$N36="",$N36=0),"",$AL36/$N36-1)
A37: B101 | B37: B2_Seas | C37: 2x2 | D37: 1141 | E37: t0029806 | F37: Joseph Dobson | G37: 45694 | H37: 18 | I37: 46239 | J37: 2026-08 | K37: Rent roll (still on initial lease) | L37: 1845 | M37: 0 | N37: =IF(OR($L37="",$H37="",$H37=0),"",$L37-N($M37)/$H37) -> 1845 | O37: RR 1/1/26 | P37: Burn-off | Q37: Not Yet Expired | AA37: =IF(OR($Y37="",$X37="",$X37=0),"",$Y37-N($Z37)/$X37) | AC37: =IF(OR($Y37="",$L37="",$L37=0),"",$Y37/$L37-1) | AD37: =IF(OR($AA37="",$N37="",$N37=0),"",$AA37/$N37-1) | AL37: =IF(OR($AJ37="",$AI37="",$AI37=0),"",$AJ37-N($AK37)/$AI37) | AM37: =IF(OR($AJ37="",$L37="",$L37=0),"",$AJ37/$L37-1) | AN37: =IF(OR($AL37="",$N37="",$N37=0),"",$AL37/$N37-1)
A38: B102 | B38: B3a_Seas | C38: 2x2 | D38: 1165 | E38: t0038568 | F38: Christopher Dante | G38: 45813 | H38: 12 | I38: 46360 | J38: 2026-12 | K38: Rent roll (still on initial lease) | L38: 1820 | M38: 2520 | N38: =IF(OR($L38="",$H38="",$H38=0),"",$L38-N($M38)/$H38) -> 1610 | O38: RR 1/1/26 | P38: HelloData (ask-eff x term) | Q38: Moved Out | T38: Y | AA38: =IF(OR($Y38="",$X38="",$X38=0),"",$Y38-N($Z38)/$X38) | AC38: =IF(OR($Y38="",$L38="",$L38=0),"",$Y38/$L38-1) | AD38: =IF(OR($AA38="",$N38="",$N38=0),"",$AA38/$N38-1) | AE38: 46112 | AF38: t0035749 | AG38: Scott Pardew | AH38: 46122 | AI38: 12 | AJ38: 2045 | AK38: 0 | AL38: =IF(OR($AJ38="",$AI38="",$AI38=0),"",$AJ38-N($AK38)/$AI38) -> 2045 | AM38: =IF(OR($AJ38="",$L38="",$L38=0),"",$AJ38/$L38-1) -> 0.12362637 | AN38: =IF(OR($AL38="",$N38="",$N38=0),"",$AL38/$N38-1) -> 0.27018634 | AO38: 10
A39: B103 | B39: A1_Seas | C39: 1x1 | D39: 693 | E39: t0031260 | F39: Kevin Dustin | G39: 45762 | H39: 22 | I39: 46432 | J39: 2027-02 | K39: Rent roll (still on initial lease) | L39: 1510 | M39: 2265 | N39: =IF(OR($L39="",$H39="",$H39=0),"",$L39-N($M39)/$H39) -> 1407.0455 | O39: RR 1/1/26 | P39: Burn-off | Q39: Not Yet Expired | AA39: =IF(OR($Y39="",$X39="",$X39=0),"",$Y39-N($Z39)/$X39) | AC39: =IF(OR($Y39="",$L39="",$L39=0),"",$Y39/$L39-1) | AD39: =IF(OR($AA39="",$N39="",$N39=0),"",$AA39/$N39-1) | AL39: =IF(OR($AJ39="",$AI39="",$AI39=0),"",$AJ39-N($AK39)/$AI39) | AM39: =IF(OR($AJ39="",$L39="",$L39=0),"",$AJ39/$L39-1) | AN39: =IF(OR($AL39="",$N39="",$N39=0),"",$AL39/$N39-1)
A40: B105 | B40: A1_Seas | C40: 1x1 | D40: 693 | E40: t0038003 | F40: Mariana Luna | G40: 45680 | H40: 18 | I40: 46225 | J40: 2026-07 | K40: Rent roll (still on initial lease) | L40: 1425 | M40: 0 | N40: =IF(OR($L40="",$H40="",$H40=0),"",$L40-N($M40)/$H40) -> 1425 | O40: RR 1/1/26 | P40: Burn-off | Q40: Moved Out | R40: Y | S40: Y | AA40: =IF(OR($Y40="",$X40="",$X40=0),"",$Y40-N($Z40)/$X40) | AC40: =IF(OR($Y40="",$L40="",$L40=0),"",$Y40/$L40-1) | AD40: =IF(OR($AA40="",$N40="",$N40=0),"",$AA40/$N40-1) | AE40: 46225 | AF40: t0041407 | AG40: Paragon Corporate Housing | AH40: 46232 | AI40: 9 | AJ40: 1678 | AK40: 0 | AL40: =IF(OR($AJ40="",$AI40="",$AI40=0),"",$AJ40-N($AK40)/$AI40) -> 1678 | AM40: =IF(OR($AJ40="",$L40="",$L40=0),"",$AJ40/$L40-1) -> 0.17754386 | AN40: =IF(OR($AL40="",$N40="",$N40=0),"",$AL40/$N40-1) -> 0.17754386 | AO40: 7
A41: B106 | B41: A1_Seas | C41: 1x1 | D41: 693 | E41: t0031389 | F41: Ceci Palacio | G41: 45773 | H41: 15 | I41: 46228 | J41: 2026-07 | K41: Rent roll (still on initial lease) | L41: 1495 | M41: 2242 | N41: =IF(OR($L41="",$H41="",$H41=0),"",$L41-N($M41)/$H41) -> 1345.5333 | O41: RR 1/1/26 | P41: Burn-off | Q41: Moved Out | R41: Y | S41: Y | AA41: =IF(OR($Y41="",$X41="",$X41=0),"",$Y41-N($Z41)/$X41) | AC41: =IF(OR($Y41="",$L41="",$L41=0),"",$Y41/$L41-1) | AD41: =IF(OR($AA41="",$N41="",$N41=0),"",$AA41/$N41-1) | AE41: 46228 | AF41: t0041650 | AG41: Murata Machinery Inc | AH41: 46236 | AJ41: 1678 | AL41: =IF(OR($AJ41="",$AI41="",$AI41=0),"",$AJ41-N($AK41)/$AI41) | AM41: =IF(OR($AJ41="",$L41="",$L41=0),"",$AJ41/$L41-1) -> 0.12240803 | AN41: =IF(OR($AL41="",$N41="",$N41=0),"",$AL41/$N41-1) | AO41: 8
A42: B107 | B42: B2_Seas | C42: 2x2 | D42: 1141 | E42: t0033236 | F42: Amy Bourgoin | G42: 45843 | H42: 18 | I42: 46418 | J42: 2027-01 | K42: Rent roll (still on initial lease) | L42: 1894 | M42: 1894 | N42: =IF(OR($L42="",$H42="",$H42=0),"",$L42-N($M42)/$H42) -> 1788.7778 | O42: RR 1/1/26 | P42: Burn-off | Q42: Not Yet Expired | AA42: =IF(OR($Y42="",$X42="",$X42=0),"",$Y42-N($Z42)/$X42) | AC42: =IF(OR($Y42="",$L42="",$L42=0),"",$Y42/$L42-1) | AD42: =IF(OR($AA42="",$N42="",$N42=0),"",$AA42/$N42-1) | AL42: =IF(OR($AJ42="",$AI42="",$AI42=0),"",$AJ42-N($AK42)/$AI42) | AM42: =IF(OR($AJ42="",$L42="",$L42=0),"",$AJ42/$L42-1) | AN42: =IF(OR($AL42="",$N42="",$N42=0),"",$AL42/$N42-1)
A43: B108 | B43: A1_Seas | C43: 1x1 | D43: 693 | E43: t0033448 | F43: Natalyn Jordan | G43: 45845 | H43: 12 | I43: 46148 | J43: 2026-05 | K43: Rent roll (still on initial lease) | L43: 1575 | M43: 1572 | N43: =IF(OR($L43="",$H43="",$H43=0),"",$L43-N($M43)/$H43) -> 1444 | O43: RR 1/1/26 | P43: HelloData (ask-eff x term) | Q43: Moved Out | R43: Y | S43: Y | T43: Y | AA43: =IF(OR($Y43="",$X43="",$X43=0),"",$Y43-N($Z43)/$X43) | AC43: =IF(OR($Y43="",$L43="",$L43=0),"",$Y43/$L43-1) | AD43: =IF(OR($AA43="",$N43="",$N43=0),"",$AA43/$N43-1) | AE43: 46139 | AF43: t0039911 | AG43: Aleksey Vanin | AH43: 46140 | AI43: 9 | AJ43: 1575 | AK43: 0 | AL43: =IF(OR($AJ43="",$AI43="",$AI43=0),"",$AJ43-N($AK43)/$AI43) -> 1575 | AM43: =IF(OR($AJ43="",$L43="",$L43=0),"",$AJ43/$L43-1) -> 0 | AN43: =IF(OR($AL43="",$N43="",$N43=0),"",$AL43/$N43-1) -> 0.090720222 | AO43: 1
A44: B109 | B44: B1_Seas | C44: 2x2 | D44: 1092 | E44: t0030390 | F44: Diocelina Leguizamon Ramirez | G44: 45715 | H44: 15 | I44: 46138 | J44: 2026-04 | K44: Renewal lease start - 1d | L44: 1765 | M44: 495 | N44: =IF(OR($L44="",$H44="",$H44=0),"",$L44-N($M44)/$H44) -> 1732 | O44: RR 1/1/26 | P44: HelloData (ask-eff x term) | Q44: Renewed | R44: Y | S44: Y | W44: 46139 | X44: 12 | Y44: 1810 | Z44: 0 | AA44: =IF(OR($Y44="",$X44="",$X44=0),"",$Y44-N($Z44)/$X44) -> 1810 | AC44: =IF(OR($Y44="",$L44="",$L44=0),"",$Y44/$L44-1) -> 0.025495751 | AD44: =IF(OR($AA44="",$N44="",$N44=0),"",$AA44/$N44-1) -> 0.045034642 | AL44: =IF(OR($AJ44="",$AI44="",$AI44=0),"",$AJ44-N($AK44)/$AI44) | AM44: =IF(OR($AJ44="",$L44="",$L44=0),"",$AJ44/$L44-1) | AN44: =IF(OR($AL44="",$N44="",$N44=0),"",$AL44/$N44-1)
A45: B110 | B45: S1_Seas | C45: Studio | D45: 517 | E45: t0030047 | F45: Raymond Huntsman | G45: 45686 | H45: 15 | I45: 46140 | J45: 2026-04 | K45: Renewal lease start - 1d | L45: 1295 | M45: 495 | N45: =IF(OR($L45="",$H45="",$H45=0),"",$L45-N($M45)/$H45) -> 1262 | O45: RR 1/1/26 | P45: HelloData (ask-eff x term) | Q45: Renewed | R45: Y | S45: Y | W45: 46141 | X45: 12 | Y45: 1320 | Z45: 0 | AA45: =IF(OR($Y45="",$X45="",$X45=0),"",$Y45-N($Z45)/$X45) -> 1320 | AC45: =IF(OR($Y45="",$L45="",$L45=0),"",$Y45/$L45-1) -> 0.019305019 | AD45: =IF(OR($AA45="",$N45="",$N45=0),"",$AA45/$N45-1) -> 0.045958796 | AL45: =IF(OR($AJ45="",$AI45="",$AI45=0),"",$AJ45-N($AK45)/$AI45) | AM45: =IF(OR($AJ45="",$L45="",$L45=0),"",$AJ45/$L45-1) | AN45: =IF(OR($AL45="",$N45="",$N45=0),"",$AL45/$N45-1)
A46: B111 | B46: A1_Seas | C46: 1x1 | D46: 693 | E46: t0035706 | F46: Jeffrey Worley | G46: 45953 | H46: 12 | I46: 46317 | J46: 2026-10 | K46: Rent roll (still on initial lease) | L46: 1349 | M46: 674.5 | N46: =IF(OR($L46="",$H46="",$H46=0),"",$L46-N($M46)/$H46) -> 1292.7917 | O46: RR 1/1/26 | P46: Burn-off | Q46: Not Yet Expired | AA46: =IF(OR($Y46="",$X46="",$X46=0),"",$Y46-N($Z46)/$X46) | AC46: =IF(OR($Y46="",$L46="",$L46=0),"",$Y46/$L46-1) | AD46: =IF(OR($AA46="",$N46="",$N46=0),"",$AA46/$N46-1) | AL46: =IF(OR($AJ46="",$AI46="",$AI46=0),"",$AJ46-N($AK46)/$AI46) | AM46: =IF(OR($AJ46="",$L46="",$L46=0),"",$AJ46/$L46-1) | AN46: =IF(OR($AL46="",$N46="",$N46=0),"",$AL46/$N46-1)
A47: B112 | B47: C1a_Seas | C47: 3x2 | D47: 1328 | E47: t0032766 | F47: Jonathon Roberts | G47: 45835 | H47: 12 | I47: 46199 | J47: 2026-06 | K47: Rent roll (still on initial lease) | L47: 2526 | M47: 5052 | N47: =IF(OR($L47="",$H47="",$H47=0),"",$L47-N($M47)/$H47) -> 2105 | O47: RR 1/1/26 | P47: Burn-off | Q47: Moved Out | R47: Y | S47: Y | AA47: =IF(OR($Y47="",$X47="",$X47=0),"",$Y47-N($Z47)/$X47) | AC47: =IF(OR($Y47="",$L47="",$L47=0),"",$Y47/$L47-1) | AD47: =IF(OR($AA47="",$N47="",$N47=0),"",$AA47/$N47-1) | AE47: 46199 | AF47: t0041225 | AG47: Paragon Corporate Housing | AH47: 46209 | AI47: 9 | AJ47: 2579 | AK47: 0 | AL47: =IF(OR($AJ47="",$AI47="",$AI47=0),"",$AJ47-N($AK47)/$AI47) -> 2579 | AM47: =IF(OR($AJ47="",$L47="",$L47=0),"",$AJ47/$L47-1) -> 0.020981789 | AN47: =IF(OR($AL47="",$N47="",$N47=0),"",$AL47/$N47-1) -> 0.22517815 | AO47: 10
A48: B113 | B48: B2_Seas | C48: 2x2 | D48: 1141 | E48: t0034397 | F48: Brooke Warden | G48: 45910 | H48: 3 | I48: 46022 | J48: 2025-12 | K48: Renewal report | L48: 1894 | M48: 0 | N48: =IF(OR($L48="",$H48="",$H48=0),"",$L48-N($M48)/$H48) -> 1894 | O48: RR 1/1/26 | P48: Renewal report | Q48: Renewed | R48: Y | S48: Y | W48: 46174 | X48: 11 | Y48: 1922 | Z48: 0 | AA48: =IF(OR($Y48="",$X48="",$X48=0),"",$Y48-N($Z48)/$X48) -> 1922 | AB48: Y | AC48: =IF(OR($Y48="",$L48="",$L48=0),"",$Y48/$L48-1) -> 0.014783527 | AD48: =IF(OR($AA48="",$N48="",$N48=0),"",$AA48/$N48-1) -> 0.014783527 | AL48: =IF(OR($AJ48="",$AI48="",$AI48=0),"",$AJ48-N($AK48)/$AI48) | AM48: =IF(OR($AJ48="",$L48="",$L48=0),"",$AJ48/$L48-1) | AN48: =IF(OR($AL48="",$N48="",$N48=0),"",$AL48/$N48-1)
A49: B201 | B49: B2_Seas | C49: 2x2 | D49: 1141 | E49: t0033910 | F49: Miguel Corzo | G49: 45869 | H49: 12 | I49: 46233 | J49: 2026-07 | K49: Rent roll (still on initial lease) | L49: 1869 | M49: 1872 | N49: =IF(OR($L49="",$H49="",$H49=0),"",$L49-N($M49)/$H49) -> 1713 | O49: RR 1/1/26 | P49: HelloData (ask-eff x term) | Q49: Moved Out | R49: Y | S49: Y | T49: Y | AA49: =IF(OR($Y49="",$X49="",$X49=0),"",$Y49-N($Z49)/$X49) | AC49: =IF(OR($Y49="",$L49="",$L49=0),"",$Y49/$L49-1) | AD49: =IF(OR($AA49="",$N49="",$N49=0),"",$AA49/$N49-1) | AE49: 46173 | AF49: t0039802 | AG49: Brent Mcgirr | AH49: 46183 | AI49: 12 | AJ49: 1985 | AK49: 1985 | AL49: =IF(OR($AJ49="",$AI49="",$AI49=0),"",$AJ49-N($AK49)/$AI49) -> 1819.5833 | AM49: =IF(OR($AJ49="",$L49="",$L49=0),"",$AJ49/$L49-1) -> 0.062065276 | AN49: =IF(OR($AL49="",$N49="",$N49=0),"",$AL49/$N49-1) -> 0.062220276 | AO49: 10
A50: B202 | B50: B3b_Seas | C50: 2x2 | D50: 1177 | E50: t0029962 | F50: Tamara Poff | G50: 45682 | H50: 18 | I50: 46227 | J50: 2026-07 | K50: Rent roll (still on initial lease) | L50: 1798 | M50: 0 | N50: =IF(OR($L50="",$H50="",$H50=0),"",$L50-N($M50)/$H50) -> 1798 | O50: RR 1/1/26 | P50: Burn-off | Q50: Moved Out | R50: Y | S50: Y | AA50: =IF(OR($Y50="",$X50="",$X50=0),"",$Y50-N($Z50)/$X50) | AC50: =IF(OR($Y50="",$L50="",$L50=0),"",$Y50/$L50-1) | AD50: =IF(OR($AA50="",$N50="",$N50=0),"",$AA50/$N50-1) | AE50: 46227 | AF50: t0041048 | AG50: Clare Converse | AH50: 46234 | AJ50: 2096 | AL50: =IF(OR($AJ50="",$AI50="",$AI50=0),"",$AJ50-N($AK50)/$AI50) | AM50: =IF(OR($AJ50="",$L50="",$L50=0),"",$AJ50/$L50-1) -> 0.16573971 | AN50: =IF(OR($AL50="",$N50="",$N50=0),"",$AL50/$N50-1) | AO50: 7
A51: B203 | B51: A1_Seas | C51: 1x1 | D51: 693 | E51: t0029849 | F51: Jessica Macri-Feasel | G51: 45672 | H51: 14 | I51: 46036 | J51: 2026-01 | K51: Rent roll (still on initial lease) | L51: 1400 | M51: 504 | N51: =IF(OR($L51="",$H51="",$H51=0),"",$L51-N($M51)/$H51) -> 1364 | O51: RR 1/1/26 | P51: HelloData (ask-eff x term) | Q51: Moved Out | R51: Y | S51: Y | AA51: =IF(OR($Y51="",$X51="",$X51=0),"",$Y51-N($Z51)/$X51) | AC51: =IF(OR($Y51="",$L51="",$L51=0),"",$Y51/$L51-1) | AD51: =IF(OR($AA51="",$N51="",$N51=0),"",$AA51/$N51-1) | AE51: 46053 | AF51: t0037754 | AG51: Anne Dalpini | AH51: 46088 | AI51: 18 | AJ51: 1490 | AK51: 0 | AL51: =IF(OR($AJ51="",$AI51="",$AI51=0),"",$AJ51-N($AK51)/$AI51) -> 1490 | AM51: =IF(OR($AJ51="",$L51="",$L51=0),"",$AJ51/$L51-1) -> 0.064285714 | AN51: =IF(OR($AL51="",$N51="",$N51=0),"",$AL51/$N51-1) -> 0.092375367 | AO51: 35
A52: B204 | B52: A2_Seas | C52: 1x1 | D52: 746 | E52: t0033388 | F52: Sherry McKellip | G52: 45855 | H52: 20 | I52: 46462 | J52: 2027-03 | K52: Rent roll (still on initial lease) | L52: 1669 | M52: 1669 | N52: =IF(OR($L52="",$H52="",$H52=0),"",$L52-N($M52)/$H52) -> 1585.55 | O52: RR 1/1/26 | P52: Burn-off | Q52: Not Yet Expired | AA52: =IF(OR($Y52="",$X52="",$X52=0),"",$Y52-N($Z52)/$X52) | AC52: =IF(OR($Y52="",$L52="",$L52=0),"",$Y52/$L52-1) | AD52: =IF(OR($AA52="",$N52="",$N52=0),"",$AA52/$N52-1) | AL52: =IF(OR($AJ52="",$AI52="",$AI52=0),"",$AJ52-N($AK52)/$AI52) | AM52: =IF(OR($AJ52="",$L52="",$L52=0),"",$AJ52/$L52-1) | AN52: =IF(OR($AL52="",$N52="",$N52=0),"",$AL52/$N52-1)
A53: B205 | B53: A1_Seas | C53: 1x1 | D53: 693 | E53: t0035120 | F53: Harley Boisselle | G53: 45959 | H53: 18 | I53: 46505 | J53: 2027-04 | K53: Rent roll (still on initial lease) | L53: 1399 | M53: 1399 | N53: =IF(OR($L53="",$H53="",$H53=0),"",$L53-N($M53)/$H53) -> 1321.2778 | O53: RR 1/1/26 | P53: Burn-off | Q53: Not Yet Expired | AA53: =IF(OR($Y53="",$X53="",$X53=0),"",$Y53-N($Z53)/$X53) | AC53: =IF(OR($Y53="",$L53="",$L53=0),"",$Y53/$L53-1) | AD53: =IF(OR($AA53="",$N53="",$N53=0),"",$AA53/$N53-1) | AL53: =IF(OR($AJ53="",$AI53="",$AI53=0),"",$AJ53-N($AK53)/$AI53) | AM53: =IF(OR($AJ53="",$L53="",$L53=0),"",$AJ53/$L53-1) | AN53: =IF(OR($AL53="",$N53="",$N53=0),"",$AL53/$N53-1)
A54: B206 | B54: A1_Seas | C54: 1x1 | D54: 693 | E54: t0034065 | F54: Mradul Mourya | G54: 45900 | H54: 12 | I54: 46264 | J54: 2026-08 | K54: Rent roll (still on initial lease) | L54: 1525 | M54: 1525 | N54: =IF(OR($L54="",$H54="",$H54=0),"",$L54-N($M54)/$H54) -> 1397.9167 | O54: RR 1/1/26 | P54: Burn-off | Q54: Not Yet Expired | U54: Y | AA54: =IF(OR($Y54="",$X54="",$X54=0),"",$Y54-N($Z54)/$X54) | AC54: =IF(OR($Y54="",$L54="",$L54=0),"",$Y54/$L54-1) | AD54: =IF(OR($AA54="",$N54="",$N54=0),"",$AA54/$N54-1) | AL54: =IF(OR($AJ54="",$AI54="",$AI54=0),"",$AJ54-N($AK54)/$AI54) | AM54: =IF(OR($AJ54="",$L54="",$L54=0),"",$AJ54/$L54-1) | AN54: =IF(OR($AL54="",$N54="",$N54=0),"",$AL54/$N54-1)
A55: B207 | B55: B2_Seas | C55: 2x2 | D55: 1141 | E55: t0040535 | F55: Camille Munk | G55: 45878 | H55: 12 | I55: 46242 | J55: 2026-08 | K55: Rent roll (still on initial lease) | L55: 1919 | M55: 0 | N55: =IF(OR($L55="",$H55="",$H55=0),"",$L55-N($M55)/$H55) -> 1919 | O55: RR 1/1/26 | P55: Burn-off | Q55: Not Yet Expired | U55: Y | AA55: =IF(OR($Y55="",$X55="",$X55=0),"",$Y55-N($Z55)/$X55) | AC55: =IF(OR($Y55="",$L55="",$L55=0),"",$Y55/$L55-1) | AD55: =IF(OR($AA55="",$N55="",$N55=0),"",$AA55/$N55-1) | AL55: =IF(OR($AJ55="",$AI55="",$AI55=0),"",$AJ55-N($AK55)/$AI55) | AM55: =IF(OR($AJ55="",$L55="",$L55=0),"",$AJ55/$L55-1) | AN55: =IF(OR($AL55="",$N55="",$N55=0),"",$AL55/$N55-1)
A56: B208 | B56: A1_Seas | C56: 1x1 | D56: 693 | E56: t0037734 | F56: Michael Saffery Hoopii | G56: 45751 | H56: 12 | I56: 46298 | J56: 2026-10 | K56: Rent roll (still on initial lease) | L56: 1470 | M56: 2040 | N56: =IF(OR($L56="",$H56="",$H56=0),"",$L56-N($M56)/$H56) -> 1300 | O56: RR 1/1/26 | P56: HelloData (ask-eff x term) | Q56: Moved Out | T56: Y | AA56: =IF(OR($Y56="",$X56="",$X56=0),"",$Y56-N($Z56)/$X56) | AC56: =IF(OR($Y56="",$L56="",$L56=0),"",$Y56/$L56-1) | AD56: =IF(OR($AA56="",$N56="",$N56=0),"",$AA56/$N56-1) | AE56: 46074 | AF56: t0037959 | AG56: Kennedi Fischer | AH56: 46095 | AI56: 18 | AJ56: 1475 | AK56: 0 | AL56: =IF(OR($AJ56="",$AI56="",$AI56=0),"",$AJ56-N($AK56)/$AI56) -> 1475 | AM56: =IF(OR($AJ56="",$L56="",$L56=0),"",$AJ56/$L56-1) -> 0.0034013605 | AN56: =IF(OR($AL56="",$N56="",$N56=0),"",$AL56/$N56-1) -> 0.13461538 | AO56: 21
A57: B209 | B57: B1_Seas | C57: 2x2 | D57: 1092 | E57: t0030710 | F57: Jacqueline Cornejo | G57: 45743 | H57: 12 | I57: 46107 | J57: 2026-03 | K57: Renewal lease start - 1d | L57: 1715 | M57: 1716 | N57: =IF(OR($L57="",$H57="",$H57=0),"",$L57-N($M57)/$H57) -> 1572 | O57: RR 1/1/26 | P57: HelloData (ask-eff x term) | Q57: Renewed | R57: Y | S57: Y | W57: 46108 | X57: 9 | Y57: 1715 | Z57: 0 | AA57: =IF(OR($Y57="",$X57="",$X57=0),"",$Y57-N($Z57)/$X57) -> 1715 | AC57: =IF(OR($Y57="",$L57="",$L57=0),"",$Y57/$L57-1) -> 0 | AD57: =IF(OR($AA57="",$N57="",$N57=0),"",$AA57/$N57-1) -> 0.090966921 | AL57: =IF(OR($AJ57="",$AI57="",$AI57=0),"",$AJ57-N($AK57)/$AI57) | AM57: =IF(OR($AJ57="",$L57="",$L57=0),"",$AJ57/$L57-1) | AN57: =IF(OR($AL57="",$N57="",$N57=0),"",$AL57/$N57-1)
A58: B211 | B58: A1_Seas | C58: 1x1 | D58: 693 | E58: t0031131 | F58: Megan Gist | G58: 45759 | H58: 15 | I58: 46214 | J58: 2026-07 | K58: Rent roll (still on initial lease) | L58: 1485 | M58: 2227.5 | N58: =IF(OR($L58="",$H58="",$H58=0),"",$L58-N($M58)/$H58) -> 1336.5 | O58: RR 1/1/26 | P58: Burn-off | Q58: Moved Out | R58: Y | S58: Y | T58: Y | AA58: =IF(OR($Y58="",$X58="",$X58=0),"",$Y58-N($Z58)/$X58) | AC58: =IF(OR($Y58="",$L58="",$L58=0),"",$Y58/$L58-1) | AD58: =IF(OR($AA58="",$N58="",$N58=0),"",$AA58/$N58-1) | AE58: 46204 | AF58: t0042612 | AG58: Stephanie Huner | AH58: 46223 | AI58: 12 | AJ58: 1668 | AK58: 0 | AL58: =IF(OR($AJ58="",$AI58="",$AI58=0),"",$AJ58-N($AK58)/$AI58) -> 1668 | AM58: =IF(OR($AJ58="",$L58="",$L58=0),"",$AJ58/$L58-1) -> 0.12323232 | AN58: =IF(OR($AL58="",$N58="",$N58=0),"",$AL58/$N58-1) -> 0.24803591 | AO58: 19
A59: B212 | B59: C1b_Seas | C59: 3x2 | D59: 1340 | E59: t0033347 | F59: Austin Parker | G59: 45845 | H59: 13 | I59: 46240 | J59: 2026-08 | K59: Rent roll (still on initial lease) | L59: 2330 | M59: 4660 | N59: =IF(OR($L59="",$H59="",$H59=0),"",$L59-N($M59)/$H59) -> 1971.5385 | O59: RR 1/1/26 | P59: Burn-off | Q59: Not Yet Expired | U59: Y | AA59: =IF(OR($Y59="",$X59="",$X59=0),"",$Y59-N($Z59)/$X59) | AC59: =IF(OR($Y59="",$L59="",$L59=0),"",$Y59/$L59-1) | AD59: =IF(OR($AA59="",$N59="",$N59=0),"",$AA59/$N59-1) | AL59: =IF(OR($AJ59="",$AI59="",$AI59=0),"",$AJ59-N($AK59)/$AI59) | AM59: =IF(OR($AJ59="",$L59="",$L59=0),"",$AJ59/$L59-1) | AN59: =IF(OR($AL59="",$N59="",$N59=0),"",$AL59/$N59-1)
A60: B213 | B60: B2_Seas | C60: 2x2 | D60: 1141 | E60: t0033040 | F60: Sofia Orrico | G60: 45836 | H60: 12 | I60: 46200 | J60: 2026-06 | K60: Rent roll (still on initial lease) | L60: 1919 | M60: 2878 | N60: =IF(OR($L60="",$H60="",$H60=0),"",$L60-N($M60)/$H60) -> 1679.1667 | O60: RR 1/1/26 | P60: Burn-off | Q60: Moved Out | R60: Y | S60: Y | AA60: =IF(OR($Y60="",$X60="",$X60=0),"",$Y60-N($Z60)/$X60) | AC60: =IF(OR($Y60="",$L60="",$L60=0),"",$Y60/$L60-1) | AD60: =IF(OR($AA60="",$N60="",$N60=0),"",$AA60/$N60-1) | AE60: 46234 | AL60: =IF(OR($AJ60="",$AI60="",$AI60=0),"",$AJ60-N($AK60)/$AI60) | AM60: =IF(OR($AJ60="",$L60="",$L60=0),"",$AJ60/$L60-1) | AN60: =IF(OR($AL60="",$N60="",$N60=0),"",$AL60/$N60-1)
A61: B302 | B61: B3b_Seas | C61: 2x2 | D61: 1177 | E61: t0031340 | F61: John Gomez | G61: 45818 | H61: 12 | I61: 46182 | J61: 2026-06 | K61: Rent roll (still on initial lease) | L61: 1970 | M61: 2724 | N61: =IF(OR($L61="",$H61="",$H61=0),"",$L61-N($M61)/$H61) -> 1743 | O61: RR 1/1/26 | P61: HelloData (ask-eff x term) | Q61: Moved Out | R61: Y | S61: Y | AA61: =IF(OR($Y61="",$X61="",$X61=0),"",$Y61-N($Z61)/$X61) | AC61: =IF(OR($Y61="",$L61="",$L61=0),"",$Y61/$L61-1) | AD61: =IF(OR($AA61="",$N61="",$N61=0),"",$AA61/$N61-1) | AE61: 46182 | AF61: t0040032 | AG61: Karey Hoke | AH61: 46189 | AI61: 12 | AJ61: 2135 | AK61: 2135 | AL61: =IF(OR($AJ61="",$AI61="",$AI61=0),"",$AJ61-N($AK61)/$AI61) -> 1957.0833 | AM61: =IF(OR($AJ61="",$L61="",$L61=0),"",$AJ61/$L61-1) -> 0.083756345 | AN61: =IF(OR($AL61="",$N61="",$N61=0),"",$AL61/$N61-1) -> 0.12282463 | AO61: 7
A62: B304 | B62: A2_Seas | C62: 1x1 | D62: 746 | E62: t0029884 | F62: Zane Cooper | G62: 45706 | H62: 14 | I62: 46129 | J62: 2026-04 | K62: Rent roll (still on initial lease) | L62: 1689 | M62: 504 | N62: =IF(OR($L62="",$H62="",$H62=0),"",$L62-N($M62)/$H62) -> 1653 | O62: RR 1/1/26 | P62: HelloData (ask-eff x term) | Q62: Moved Out | R62: Y | S62: Y | AA62: =IF(OR($Y62="",$X62="",$X62=0),"",$Y62-N($Z62)/$X62) | AC62: =IF(OR($Y62="",$L62="",$L62=0),"",$Y62/$L62-1) | AD62: =IF(OR($AA62="",$N62="",$N62=0),"",$AA62/$N62-1) | AE62: 46129 | AF62: t0037906 | AG62: Leah Sullivan | AH62: 46136 | AI62: 15 | AJ62: 1689 | AK62: 1689 | AL62: =IF(OR($AJ62="",$AI62="",$AI62=0),"",$AJ62-N($AK62)/$AI62) -> 1576.4 | AM62: =IF(OR($AJ62="",$L62="",$L62=0),"",$AJ62/$L62-1) -> 0 | AN62: =IF(OR($AL62="",$N62="",$N62=0),"",$AL62/$N62-1) -> -0.046339988 | AO62: 7
A63: B307 | B63: B2_Seas | C63: 2x2 | D63: 1141 | E63: t0028450 | F63: Coleman Environmental Engineering | G63: 45673 | H63: 13 | I63: 46068 | J63: 2026-02 | K63: Rent roll (still on initial lease) | L63: 2245 | M63: 1122 | N63: =IF(OR($L63="",$H63="",$H63=0),"",$L63-N($M63)/$H63) -> 2158.6923 | O63: RR 1/1/26 | P63: Burn-off | Q63: MTM Holdover | R63: Y | S63: Y | U63: Y | V63: Y | AA63: =IF(OR($Y63="",$X63="",$X63=0),"",$Y63-N($Z63)/$X63) | AC63: =IF(OR($Y63="",$L63="",$L63=0),"",$Y63/$L63-1) | AD63: =IF(OR($AA63="",$N63="",$N63=0),"",$AA63/$N63-1) | AL63: =IF(OR($AJ63="",$AI63="",$AI63=0),"",$AJ63-N($AK63)/$AI63) | AM63: =IF(OR($AJ63="",$L63="",$L63=0),"",$AJ63/$L63-1) | AN63: =IF(OR($AL63="",$N63="",$N63=0),"",$AL63/$N63-1)
A64: B308 | B64: A1_Seas | C64: 1x1 | D64: 693 | E64: t0035844 | F64: Tim Burgett | G64: 45951 | H64: 17 | I64: 46466 | J64: 2027-03 | K64: Rent roll (still on initial lease) | L64: 1349 | M64: 674.5 | N64: =IF(OR($L64="",$H64="",$H64=0),"",$L64-N($M64)/$H64) -> 1309.3235 | O64: RR 1/1/26 | P64: Burn-off | Q64: Not Yet Expired | AA64: =IF(OR($Y64="",$X64="",$X64=0),"",$Y64-N($Z64)/$X64) | AC64: =IF(OR($Y64="",$L64="",$L64=0),"",$Y64/$L64-1) | AD64: =IF(OR($AA64="",$N64="",$N64=0),"",$AA64/$N64-1) | AL64: =IF(OR($AJ64="",$AI64="",$AI64=0),"",$AJ64-N($AK64)/$AI64) | AM64: =IF(OR($AJ64="",$L64="",$L64=0),"",$AJ64/$L64-1) | AN64: =IF(OR($AL64="",$N64="",$N64=0),"",$AL64/$N64-1)
A65: B309 | B65: B1_Seas | C65: 2x2 | D65: 1092 | E65: t0036272 | F65: Habeeb Babatunde | G65: 46006 | H65: 12 | I65: 46370 | J65: 2026-12 | K65: Rent roll (still on initial lease) | L65: 1695 | M65: 0 | N65: =IF(OR($L65="",$H65="",$H65=0),"",$L65-N($M65)/$H65) -> 1695 | O65: RR 1/1/26 | P65: Burn-off | Q65: Not Yet Expired | AA65: =IF(OR($Y65="",$X65="",$X65=0),"",$Y65-N($Z65)/$X65) | AC65: =IF(OR($Y65="",$L65="",$L65=0),"",$Y65/$L65-1) | AD65: =IF(OR($AA65="",$N65="",$N65=0),"",$AA65/$N65-1) | AL65: =IF(OR($AJ65="",$AI65="",$AI65=0),"",$AJ65-N($AK65)/$AI65) | AM65: =IF(OR($AJ65="",$L65="",$L65=0),"",$AJ65/$L65-1) | AN65: =IF(OR($AL65="",$N65="",$N65=0),"",$AL65/$N65-1)
A66: B310 | B66: S1_Seas | C66: Studio | D66: 517 | E66: t0032334 | F66: Tara Roehr | G66: 45794 | H66: 12 | I66: 46158 | J66: 2026-05 | K66: Rent roll (still on initial lease) | L66: 1530 | M66: 1536 | N66: =IF(OR($L66="",$H66="",$H66=0),"",$L66-N($M66)/$H66) -> 1402 | O66: RR 1/1/26 | P66: HelloData (ask-eff x term) | Q66: Moved Out | R66: Y | S66: Y | AA66: =IF(OR($Y66="",$X66="",$X66=0),"",$Y66-N($Z66)/$X66) | AC66: =IF(OR($Y66="",$L66="",$L66=0),"",$Y66/$L66-1) | AD66: =IF(OR($AA66="",$N66="",$N66=0),"",$AA66/$N66-1) | AE66: 46158 | AF66: t0039805 | AG66: Rikkie Flores | AH66: 46165 | AI66: 12 | AJ66: 1530 | AK66: 0 | AL66: =IF(OR($AJ66="",$AI66="",$AI66=0),"",$AJ66-N($AK66)/$AI66) -> 1530 | AM66: =IF(OR($AJ66="",$L66="",$L66=0),"",$AJ66/$L66-1) -> 0 | AN66: =IF(OR($AL66="",$N66="",$N66=0),"",$AL66/$N66-1) -> 0.091298146 | AO66: 7
A67: B311 | B67: A1_Seas | C67: 1x1 | D67: 693 | E67: t0026782 | F67: Hannah Marcarian | G67: 45985 | H67: 12 | I67: 46356 | J67: 2026-11 | K67: Rent roll (still on initial lease) | L67: 1399 | M67: 0 | N67: =IF(OR($L67="",$H67="",$H67=0),"",$L67-N($M67)/$H67) -> 1399 | O67: RR 1/1/26 | P67: Burn-off | Q67: Not Yet Expired | AA67: =IF(OR($Y67="",$X67="",$X67=0),"",$Y67-N($Z67)/$X67) | AC67: =IF(OR($Y67="",$L67="",$L67=0),"",$Y67/$L67-1) | AD67: =IF(OR($AA67="",$N67="",$N67=0),"",$AA67/$N67-1) | AL67: =IF(OR($AJ67="",$AI67="",$AI67=0),"",$AJ67-N($AK67)/$AI67) | AM67: =IF(OR($AJ67="",$L67="",$L67=0),"",$AJ67/$L67-1) | AN67: =IF(OR($AL67="",$N67="",$N67=0),"",$AL67/$N67-1)
A68: B312 | B68: C1b_Seas | C68: 3x2 | D68: 1340 | E68: t0032713 | F68: Omor Khan | G68: 45827 | H68: 20 | I68: 46436 | J68: 2027-02 | K68: Rent roll (still on initial lease) | L68: 2380 | M68: 4760 | N68: =IF(OR($L68="",$H68="",$H68=0),"",$L68-N($M68)/$H68) -> 2142 | O68: RR 1/1/26 | P68: Burn-off | Q68: Not Yet Expired | AA68: =IF(OR($Y68="",$X68="",$X68=0),"",$Y68-N($Z68)/$X68) | AC68: =IF(OR($Y68="",$L68="",$L68=0),"",$Y68/$L68-1) | AD68: =IF(OR($AA68="",$N68="",$N68=0),"",$AA68/$N68-1) | AL68: =IF(OR($AJ68="",$AI68="",$AI68=0),"",$AJ68-N($AK68)/$AI68) | AM68: =IF(OR($AJ68="",$L68="",$L68=0),"",$AJ68/$L68-1) | AN68: =IF(OR($AL68="",$N68="",$N68=0),"",$AL68/$N68-1)
A69: B313 | B69: B2_Seas | C69: 2x2 | D69: 1141 | E69: t0034276 | F69: Almir Godusevic | G69: 45900 | H69: 12 | I69: 46264 | J69: 2026-08 | K69: Rent roll (still on initial lease) | L69: 1919 | M69: 2878 | N69: =IF(OR($L69="",$H69="",$H69=0),"",$L69-N($M69)/$H69) -> 1679.1667 | O69: RR 1/1/26 | P69: Burn-off | Q69: Not Yet Expired | AA69: =IF(OR($Y69="",$X69="",$X69=0),"",$Y69-N($Z69)/$X69) | AC69: =IF(OR($Y69="",$L69="",$L69=0),"",$Y69/$L69-1) | AD69: =IF(OR($AA69="",$N69="",$N69=0),"",$AA69/$N69-1) | AL69: =IF(OR($AJ69="",$AI69="",$AI69=0),"",$AJ69-N($AK69)/$AI69) | AM69: =IF(OR($AJ69="",$L69="",$L69=0),"",$AJ69/$L69-1) | AN69: =IF(OR($AL69="",$N69="",$N69=0),"",$AL69/$N69-1)
A70: C101 | B70: B2_Seas | C70: 2x2 | D70: 1141 | E70: t0033679 | F70: Nephi Bigler | G70: 45880 | H70: 12 | I70: 46244 | J70: 2026-08 | K70: Rent roll (still on initial lease) | L70: 1894 | M70: 1894 | N70: =IF(OR($L70="",$H70="",$H70=0),"",$L70-N($M70)/$H70) -> 1736.1667 | O70: RR 1/1/26 | P70: Burn-off | Q70: Not Yet Expired | AA70: =IF(OR($Y70="",$X70="",$X70=0),"",$Y70-N($Z70)/$X70) | AC70: =IF(OR($Y70="",$L70="",$L70=0),"",$Y70/$L70-1) | AD70: =IF(OR($AA70="",$N70="",$N70=0),"",$AA70/$N70-1) | AL70: =IF(OR($AJ70="",$AI70="",$AI70=0),"",$AJ70-N($AK70)/$AI70) | AM70: =IF(OR($AJ70="",$L70="",$L70=0),"",$AJ70/$L70-1) | AN70: =IF(OR($AL70="",$N70="",$N70=0),"",$AL70/$N70-1)
A71: C102 | B71: C1a_Seas | C71: 3x2 | D71: 1328 | E71: t0035184 | F71: Bacilia Benitez | G71: 45940 | H71: 16 | I71: 46427 | J71: 2027-02 | K71: Rent roll (still on initial lease) | L71: 2326 | M71: 4652 | N71: =IF(OR($L71="",$H71="",$H71=0),"",$L71-N($M71)/$H71) -> 2035.25 | O71: RR 1/1/26 | P71: Burn-off | Q71: Moved Out | T71: Y | AA71: =IF(OR($Y71="",$X71="",$X71=0),"",$Y71-N($Z71)/$X71) | AC71: =IF(OR($Y71="",$L71="",$L71=0),"",$Y71/$L71-1) | AD71: =IF(OR($AA71="",$N71="",$N71=0),"",$AA71/$N71-1) | AF71: t0042908 | AG71: maria colina | AH71: 46237 | AJ71: 2879 | AL71: =IF(OR($AJ71="",$AI71="",$AI71=0),"",$AJ71-N($AK71)/$AI71) | AM71: =IF(OR($AJ71="",$L71="",$L71=0),"",$AJ71/$L71-1) -> 0.23774721 | AN71: =IF(OR($AL71="",$N71="",$N71=0),"",$AL71/$N71-1)
A72: C103 | B72: A1_Seas | C72: 1x1 | D72: 693 | E72: t0035663 | F72: Haley Gotchall | G72: 45943 | H72: 16 | I72: 46430 | J72: 2027-02 | K72: Rent roll (still on initial lease) | L72: 1565 | M72: 3130 | N72: =IF(OR($L72="",$H72="",$H72=0),"",$L72-N($M72)/$H72) -> 1369.375 | O72: RR 1/1/26 | P72: Burn-off | Q72: Not Yet Expired | AA72: =IF(OR($Y72="",$X72="",$X72=0),"",$Y72-N($Z72)/$X72) | AC72: =IF(OR($Y72="",$L72="",$L72=0),"",$Y72/$L72-1) | AD72: =IF(OR($AA72="",$N72="",$N72=0),"",$AA72/$N72-1) | AL72: =IF(OR($AJ72="",$AI72="",$AI72=0),"",$AJ72-N($AK72)/$AI72) | AM72: =IF(OR($AJ72="",$L72="",$L72=0),"",$AJ72/$L72-1) | AN72: =IF(OR($AL72="",$N72="",$N72=0),"",$AL72/$N72-1)
A73: C105 | B73: B1_Seas | C73: 2x2 | D73: 1092 | E73: t0030693 | F73: David Ballew | G73: 45798 | H73: 18 | I73: 46346 | J73: 2026-11 | K73: Rent roll (still on initial lease) | L73: 1765 | M73: 2647.5 | N73: =IF(OR($L73="",$H73="",$H73=0),"",$L73-N($M73)/$H73) -> 1617.9167 | O73: RR 1/1/26 | P73: Burn-off | Q73: Not Yet Expired | AA73: =IF(OR($Y73="",$X73="",$X73=0),"",$Y73-N($Z73)/$X73) | AC73: =IF(OR($Y73="",$L73="",$L73=0),"",$Y73/$L73-1) | AD73: =IF(OR($AA73="",$N73="",$N73=0),"",$AA73/$N73-1) | AL73: =IF(OR($AJ73="",$AI73="",$AI73=0),"",$AJ73-N($AK73)/$AI73) | AM73: =IF(OR($AJ73="",$L73="",$L73=0),"",$AJ73/$L73-1) | AN73: =IF(OR($AL73="",$N73="",$N73=0),"",$AL73/$N73-1)
A74: C106 | B74: A1_Seas | C74: 1x1 | D74: 693 | E74: t0032889 | F74: Khloe Risinger | G74: 45850 | H74: 12 | I74: 46214 | J74: 2026-07 | K74: Rent roll (still on initial lease) | L74: 1590 | M74: 2385 | N74: =IF(OR($L74="",$H74="",$H74=0),"",$L74-N($M74)/$H74) -> 1391.25 | O74: RR 1/1/26 | P74: Burn-off | Q74: Moved Out | R74: Y | S74: Y | AA74: =IF(OR($Y74="",$X74="",$X74=0),"",$Y74-N($Z74)/$X74) | AC74: =IF(OR($Y74="",$L74="",$L74=0),"",$Y74/$L74-1) | AD74: =IF(OR($AA74="",$N74="",$N74=0),"",$AA74/$N74-1) | AE74: 46214 | AF74: t0040715 | AG74: Catherine McInnes | AH74: 46225 | AI74: 12 | AJ74: 1693 | AK74: 0 | AL74: =IF(OR($AJ74="",$AI74="",$AI74=0),"",$AJ74-N($AK74)/$AI74) -> 1693 | AM74: =IF(OR($AJ74="",$L74="",$L74=0),"",$AJ74/$L74-1) -> 0.064779874 | AN74: =IF(OR($AL74="",$N74="",$N74=0),"",$AL74/$N74-1) -> 0.21689128 | AO74: 11
A75: C107 | B75: B2_Seas | C75: 2x2 | D75: 1141 | E75: t0033579 | F75: Melcolm Lopez | G75: 45879 | H75: 12 | I75: 46243 | J75: 2026-08 | K75: Rent roll (still on initial lease) | L75: 1894 | M75: 0 | N75: =IF(OR($L75="",$H75="",$H75=0),"",$L75-N($M75)/$H75) -> 1894 | O75: Burn-off 6/21 (Jan roll rent was 0) | P75: Burn-off | Q75: Not Yet Expired | AA75: =IF(OR($Y75="",$X75="",$X75=0),"",$Y75-N($Z75)/$X75) | AC75: =IF(OR($Y75="",$L75="",$L75=0),"",$Y75/$L75-1) | AD75: =IF(OR($AA75="",$N75="",$N75=0),"",$AA75/$N75-1) | AL75: =IF(OR($AJ75="",$AI75="",$AI75=0),"",$AJ75-N($AK75)/$AI75) | AM75: =IF(OR($AJ75="",$L75="",$L75=0),"",$AJ75/$L75-1) | AN75: =IF(OR($AL75="",$N75="",$N75=0),"",$AL75/$N75-1)
A76: C108 | B76: A1_Seas | C76: 1x1 | D76: 693 | E76: t0031911 | F76: Renata Holmes | G76: 45841 | H76: 12 | I76: 46205 | J76: 2026-07 | K76: Renewal report | L76: 1650 | M76: 1000 | N76: =IF(OR($L76="",$H76="",$H76=0),"",$L76-N($M76)/$H76) -> 1566.6667 | O76: RR 1/1/26 | P76: Renewal report | Q76: Renewed | R76: Y | S76: Y | W76: 46206 | X76: 12 | Y76: 1650 | Z76: 0 | AA76: =IF(OR($Y76="",$X76="",$X76=0),"",$Y76-N($Z76)/$X76) -> 1650 | AB76: Y | AC76: =IF(OR($Y76="",$L76="",$L76=0),"",$Y76/$L76-1) -> 0 | AD76: =IF(OR($AA76="",$N76="",$N76=0),"",$AA76/$N76-1) -> 0.053191489 | AL76: =IF(OR($AJ76="",$AI76="",$AI76=0),"",$AJ76-N($AK76)/$AI76) | AM76: =IF(OR($AJ76="",$L76="",$L76=0),"",$AJ76/$L76-1) | AN76: =IF(OR($AL76="",$N76="",$N76=0),"",$AL76/$N76-1)
A77: C109 | B77: A1_Seas | C77: 1x1 | D77: 693 | E77: t0036085 | F77: Emily Delzer | G77: 45963 | H77: 12 | I77: 46327 | J77: 2026-11 | K77: Rent roll (still on initial lease) | L77: 1349 | M77: 674.5 | N77: =IF(OR($L77="",$H77="",$H77=0),"",$L77-N($M77)/$H77) -> 1292.7917 | O77: RR 1/1/26 | P77: Burn-off | Q77: Moved Out | T77: Y | AA77: =IF(OR($Y77="",$X77="",$X77=0),"",$Y77-N($Z77)/$X77) | AC77: =IF(OR($Y77="",$L77="",$L77=0),"",$Y77/$L77-1) | AD77: =IF(OR($AA77="",$N77="",$N77=0),"",$AA77/$N77-1) | AL77: =IF(OR($AJ77="",$AI77="",$AI77=0),"",$AJ77-N($AK77)/$AI77) | AM77: =IF(OR($AJ77="",$L77="",$L77=0),"",$AJ77/$L77-1) | AN77: =IF(OR($AL77="",$N77="",$N77=0),"",$AL77/$N77-1)
A78: C111 | B78: A1_Seas | C78: 1x1 | D78: 693 | E78: t0031925 | F78: Zachary Langford | G78: 45839 | H78: 12 | I78: 46203 | J78: 2026-06 | K78: Renewal report | L78: 1555 | M78: 1000 | N78: =IF(OR($L78="",$H78="",$H78=0),"",$L78-N($M78)/$H78) -> 1471.6667 | O78: RR 1/1/26 | P78: Renewal report | Q78: Renewed | R78: Y | S78: Y | W78: 46204 | X78: 12 | Y78: 1555 | Z78: 0 | AA78: =IF(OR($Y78="",$X78="",$X78=0),"",$Y78-N($Z78)/$X78) -> 1555 | AB78: Y | AC78: =IF(OR($Y78="",$L78="",$L78=0),"",$Y78/$L78-1) -> 0 | AD78: =IF(OR($AA78="",$N78="",$N78=0),"",$AA78/$N78-1) -> 0.056625142 | AL78: =IF(OR($AJ78="",$AI78="",$AI78=0),"",$AJ78-N($AK78)/$AI78) | AM78: =IF(OR($AJ78="",$L78="",$L78=0),"",$AJ78/$L78-1) | AN78: =IF(OR($AL78="",$N78="",$N78=0),"",$AL78/$N78-1)
A79: C112 | B79: B3a_Seas | C79: 2x2 | D79: 1165 | E79: t0033511 | F79: Zachary Gaines | G79: 45868 | H79: 12 | I79: 46232 | J79: 2026-07 | K79: Rent roll (still on initial lease) | L79: 1820 | M79: 1820 | N79: =IF(OR($L79="",$H79="",$H79=0),"",$L79-N($M79)/$H79) -> 1668.3333 | O79: RR 1/1/26 | P79: Burn-off | Q79: Moved Out | R79: Y | S79: Y | AA79: =IF(OR($Y79="",$X79="",$X79=0),"",$Y79-N($Z79)/$X79) | AC79: =IF(OR($Y79="",$L79="",$L79=0),"",$Y79/$L79-1) | AD79: =IF(OR($AA79="",$N79="",$N79=0),"",$AA79/$N79-1) | AE79: 46232 | AL79: =IF(OR($AJ79="",$AI79="",$AI79=0),"",$AJ79-N($AK79)/$AI79) | AM79: =IF(OR($AJ79="",$L79="",$L79=0),"",$AJ79/$L79-1) | AN79: =IF(OR($AL79="",$N79="",$N79=0),"",$AL79/$N79-1)
A80: C113 | B80: B3a_Seas | C80: 2x2 | D80: 1165 | E80: t0036010 | F80: Simon Ayala Teran | G80: 45965 | H80: 17 | I80: 46480 | J80: 2027-04 | K80: Rent roll (still on initial lease) | L80: 2135 | M80: 4270 | N80: =IF(OR($L80="",$H80="",$H80=0),"",$L80-N($M80)/$H80) -> 1883.8235 | O80: RR 1/1/26 | P80: Burn-off | Q80: Not Yet Expired | AA80: =IF(OR($Y80="",$X80="",$X80=0),"",$Y80-N($Z80)/$X80) | AC80: =IF(OR($Y80="",$L80="",$L80=0),"",$Y80/$L80-1) | AD80: =IF(OR($AA80="",$N80="",$N80=0),"",$AA80/$N80-1) | AL80: =IF(OR($AJ80="",$AI80="",$AI80=0),"",$AJ80-N($AK80)/$AI80) | AM80: =IF(OR($AJ80="",$L80="",$L80=0),"",$AJ80/$L80-1) | AN80: =IF(OR($AL80="",$N80="",$N80=0),"",$AL80/$N80-1)
A81: C201 | B81: B2_Seas | C81: 2x2 | D81: 1141 | E81: t0033287 | F81: Matthew Luna | G81: 45870 | H81: 19 | I81: 46446 | J81: 2027-02 | K81: Rent roll (still on initial lease) | L81: 1869 | M81: 1869 | N81: =IF(OR($L81="",$H81="",$H81=0),"",$L81-N($M81)/$H81) -> 1770.6316 | O81: RR 1/1/26 | P81: Burn-off | Q81: Not Yet Expired | AA81: =IF(OR($Y81="",$X81="",$X81=0),"",$Y81-N($Z81)/$X81) | AC81: =IF(OR($Y81="",$L81="",$L81=0),"",$Y81/$L81-1) | AD81: =IF(OR($AA81="",$N81="",$N81=0),"",$AA81/$N81-1) | AL81: =IF(OR($AJ81="",$AI81="",$AI81=0),"",$AJ81-N($AK81)/$AI81) | AM81: =IF(OR($AJ81="",$L81="",$L81=0),"",$AJ81/$L81-1) | AN81: =IF(OR($AL81="",$N81="",$N81=0),"",$AL81/$N81-1)
A82: C202 | B82: C1b_Seas | C82: 3x2 | D82: 1340 | E82: t0031302 | F82: Angelina Messecar | G82: 45798 | H82: 15 | I82: 46254 | J82: 2026-08 | K82: Rent roll (still on initial lease) | L82: 2160 | M82: 0 | N82: =IF(OR($L82="",$H82="",$H82=0),"",$L82-N($M82)/$H82) -> 2160 | O82: RR 1/1/26 | P82: Burn-off | Q82: Not Yet Expired | U82: Y | AA82: =IF(OR($Y82="",$X82="",$X82=0),"",$Y82-N($Z82)/$X82) | AC82: =IF(OR($Y82="",$L82="",$L82=0),"",$Y82/$L82-1) | AD82: =IF(OR($AA82="",$N82="",$N82=0),"",$AA82/$N82-1) | AL82: =IF(OR($AJ82="",$AI82="",$AI82=0),"",$AJ82-N($AK82)/$AI82) | AM82: =IF(OR($AJ82="",$L82="",$L82=0),"",$AJ82/$L82-1) | AN82: =IF(OR($AL82="",$N82="",$N82=0),"",$AL82/$N82-1)
A83: C203 | B83: A1_Seas | C83: 1x1 | D83: 693 | E83: t0031333 | F83: David Berry | G83: 45809 | H83: 18 | I83: 46356 | J83: 2026-11 | K83: Rent roll (still on initial lease) | L83: 1485 | M83: 0 | N83: =IF(OR($L83="",$H83="",$H83=0),"",$L83-N($M83)/$H83) -> 1485 | O83: RR 1/1/26 | P83: Burn-off | Q83: Not Yet Expired | AA83: =IF(OR($Y83="",$X83="",$X83=0),"",$Y83-N($Z83)/$X83) | AC83: =IF(OR($Y83="",$L83="",$L83=0),"",$Y83/$L83-1) | AD83: =IF(OR($AA83="",$N83="",$N83=0),"",$AA83/$N83-1) | AL83: =IF(OR($AJ83="",$AI83="",$AI83=0),"",$AJ83-N($AK83)/$AI83) | AM83: =IF(OR($AJ83="",$L83="",$L83=0),"",$AJ83/$L83-1) | AN83: =IF(OR($AL83="",$N83="",$N83=0),"",$AL83/$N83-1)
A84: C205 | B84: B1_Seas | C84: 2x2 | D84: 1092 | E84: t0030451 | F84: Taylor Smith | G84: 45798 | H84: 12 | I84: 46162 | J84: 2026-05 | K84: Renewal report | L84: 1715 | M84: 0 | N84: =IF(OR($L84="",$H84="",$H84=0),"",$L84-N($M84)/$H84) -> 1715 | O84: RR 1/1/26 | P84: Renewal report | Q84: Renewed | R84: Y | S84: Y | W84: 46163 | X84: 11 | Y84: 1765 | Z84: 0 | AA84: =IF(OR($Y84="",$X84="",$X84=0),"",$Y84-N($Z84)/$X84) -> 1765 | AB84: Y | AC84: =IF(OR($Y84="",$L84="",$L84=0),"",$Y84/$L84-1) -> 0.029154519 | AD84: =IF(OR($AA84="",$N84="",$N84=0),"",$AA84/$N84-1) -> 0.029154519 | AL84: =IF(OR($AJ84="",$AI84="",$AI84=0),"",$AJ84-N($AK84)/$AI84) | AM84: =IF(OR($AJ84="",$L84="",$L84=0),"",$AJ84/$L84-1) | AN84: =IF(OR($AL84="",$N84="",$N84=0),"",$AL84/$N84-1)
A85: C206 | B85: A1_Seas | C85: 1x1 | D85: 693 | E85: t0036712 | F85: Glen Bradbury | G85: 45822 | H85: 12 | I85: 46308 | J85: 2026-10 | K85: Rent roll (still on initial lease) | L85: 1485 | M85: 2052 | N85: =IF(OR($L85="",$H85="",$H85=0),"",$L85-N($M85)/$H85) -> 1314 | O85: RR 1/1/26 | P85: HelloData (ask-eff x term) | Q85: Moved Out | T85: Y | AA85: =IF(OR($Y85="",$X85="",$X85=0),"",$Y85-N($Z85)/$X85) | AC85: =IF(OR($Y85="",$L85="",$L85=0),"",$Y85/$L85-1) | AD85: =IF(OR($AA85="",$N85="",$N85=0),"",$AA85/$N85-1) | AE85: 46055 | AF85: t0031027 | AG85: Steven Peterson | AH85: 46112 | AI85: 9 | AJ85: 1490 | AK85: 0 | AL85: =IF(OR($AJ85="",$AI85="",$AI85=0),"",$AJ85-N($AK85)/$AI85) -> 1490 | AM85: =IF(OR($AJ85="",$L85="",$L85=0),"",$AJ85/$L85-1) -> 0.0033670034 | AN85: =IF(OR($AL85="",$N85="",$N85=0),"",$AL85/$N85-1) -> 0.13394216 | AO85: 57
A86: C207 | B86: B2_Seas | C86: 2x2 | D86: 1141 | E86: t0033760 | F86: Logan Juhl | G86: 45900 | H86: 18 | I86: 46446 | J86: 2027-02 | K86: Rent roll (still on initial lease) | L86: 1869 | M86: 1869 | N86: =IF(OR($L86="",$H86="",$H86=0),"",$L86-N($M86)/$H86) -> 1765.1667 | O86: RR 1/1/26 | P86: Burn-off | Q86: Not Yet Expired | AA86: =IF(OR($Y86="",$X86="",$X86=0),"",$Y86-N($Z86)/$X86) | AC86: =IF(OR($Y86="",$L86="",$L86=0),"",$Y86/$L86-1) | AD86: =IF(OR($AA86="",$N86="",$N86=0),"",$AA86/$N86-1) | AL86: =IF(OR($AJ86="",$AI86="",$AI86=0),"",$AJ86-N($AK86)/$AI86) | AM86: =IF(OR($AJ86="",$L86="",$L86=0),"",$AJ86/$L86-1) | AN86: =IF(OR($AL86="",$N86="",$N86=0),"",$AL86/$N86-1)
A87: C208 | B87: A1_Seas | C87: 1x1 | D87: 693 | E87: t0032011 | F87: Julie moaddeli | G87: 45859 | H87: 14 | I87: 46285 | J87: 2026-09 | K87: Rent roll (still on initial lease) | L87: 1600 | M87: 0 | N87: =IF(OR($L87="",$H87="",$H87=0),"",$L87-N($M87)/$H87) -> 1600 | O87: RR 1/1/26 | P87: Burn-off | Q87: Not Yet Expired | AA87: =IF(OR($Y87="",$X87="",$X87=0),"",$Y87-N($Z87)/$X87) | AC87: =IF(OR($Y87="",$L87="",$L87=0),"",$Y87/$L87-1) | AD87: =IF(OR($AA87="",$N87="",$N87=0),"",$AA87/$N87-1) | AL87: =IF(OR($AJ87="",$AI87="",$AI87=0),"",$AJ87-N($AK87)/$AI87) | AM87: =IF(OR($AJ87="",$L87="",$L87=0),"",$AJ87/$L87-1) | AN87: =IF(OR($AL87="",$N87="",$N87=0),"",$AL87/$N87-1)
A88: C209 | B88: A1_Seas | C88: 1x1 | D88: 693 | E88: t0031949 | F88: Connor Ashwood | G88: 45846 | H88: 13 | I88: 46241 | J88: 2026-08 | K88: Rent roll (still on initial lease) | L88: 1600 | M88: 0 | N88: =IF(OR($L88="",$H88="",$H88=0),"",$L88-N($M88)/$H88) -> 1600 | O88: RR 1/1/26 | P88: Burn-off | Q88: Not Yet Expired | AA88: =IF(OR($Y88="",$X88="",$X88=0),"",$Y88-N($Z88)/$X88) | AC88: =IF(OR($Y88="",$L88="",$L88=0),"",$Y88/$L88-1) | AD88: =IF(OR($AA88="",$N88="",$N88=0),"",$AA88/$N88-1) | AL88: =IF(OR($AJ88="",$AI88="",$AI88=0),"",$AJ88-N($AK88)/$AI88) | AM88: =IF(OR($AJ88="",$L88="",$L88=0),"",$AJ88/$L88-1) | AN88: =IF(OR($AL88="",$N88="",$N88=0),"",$AL88/$N88-1)
A89: C210 | B89: A2_Seas | C89: 1x1 | D89: 746 | E89: t0033480 | F89: Kylee Gloria | G89: 45867 | H89: 12 | I89: 46231 | J89: 2026-07 | K89: Renewal lease start - 1d | L89: 1669 | M89: 1668 | N89: =IF(OR($L89="",$H89="",$H89=0),"",$L89-N($M89)/$H89) -> 1530 | O89: RR 1/1/26 | P89: HelloData (ask-eff x term) | Q89: Renewed | R89: Y | S89: Y | W89: 46232 | X89: 12 | Y89: 1679 | Z89: 0 | AA89: =IF(OR($Y89="",$X89="",$X89=0),"",$Y89-N($Z89)/$X89) -> 1679 | AC89: =IF(OR($Y89="",$L89="",$L89=0),"",$Y89/$L89-1) -> 0.0059916117 | AD89: =IF(OR($AA89="",$N89="",$N89=0),"",$AA89/$N89-1) -> 0.097385621 | AL89: =IF(OR($AJ89="",$AI89="",$AI89=0),"",$AJ89-N($AK89)/$AI89) | AM89: =IF(OR($AJ89="",$L89="",$L89=0),"",$AJ89/$L89-1) | AN89: =IF(OR($AL89="",$N89="",$N89=0),"",$AL89/$N89-1)
A90: C212 | B90: B3b_Seas | C90: 2x2 | D90: 1177 | E90: t0030621 | F90: Holly House | G90: 45839 | H90: 15 | I90: 46295 | J90: 2026-09 | K90: Rent roll (still on initial lease) | L90: 1885 | M90: 2827 | N90: =IF(OR($L90="",$H90="",$H90=0),"",$L90-N($M90)/$H90) -> 1696.5333 | O90: RR 1/1/26 | P90: Burn-off | Q90: Not Yet Expired | AA90: =IF(OR($Y90="",$X90="",$X90=0),"",$Y90-N($Z90)/$X90) | AC90: =IF(OR($Y90="",$L90="",$L90=0),"",$Y90/$L90-1) | AD90: =IF(OR($AA90="",$N90="",$N90=0),"",$AA90/$N90-1) | AL90: =IF(OR($AJ90="",$AI90="",$AI90=0),"",$AJ90-N($AK90)/$AI90) | AM90: =IF(OR($AJ90="",$L90="",$L90=0),"",$AJ90/$L90-1) | AN90: =IF(OR($AL90="",$N90="",$N90=0),"",$AL90/$N90-1)
A91: C213 | B91: B3b_Seas | C91: 2x2 | D91: 1177 | E91: t0030186 | F91: Tyler Winkler | G91: 45836 | H91: 18 | I91: 46383 | J91: 2026-12 | K91: Rent roll (still on initial lease) | L91: 1833 | M91: 0 | N91: =IF(OR($L91="",$H91="",$H91=0),"",$L91-N($M91)/$H91) -> 1833 | O91: RR 1/1/26 | P91: Burn-off | Q91: Not Yet Expired | AA91: =IF(OR($Y91="",$X91="",$X91=0),"",$Y91-N($Z91)/$X91) | AC91: =IF(OR($Y91="",$L91="",$L91=0),"",$Y91/$L91-1) | AD91: =IF(OR($AA91="",$N91="",$N91=0),"",$AA91/$N91-1) | AL91: =IF(OR($AJ91="",$AI91="",$AI91=0),"",$AJ91-N($AK91)/$AI91) | AM91: =IF(OR($AJ91="",$L91="",$L91=0),"",$AJ91/$L91-1) | AN91: =IF(OR($AL91="",$N91="",$N91=0),"",$AL91/$N91-1)
A92: C302 | B92: C1b_Seas | C92: 3x2 | D92: 1340 | E92: t0033532 | F92: Lauren von Seelen | G92: 45854 | H92: 12 | I92: 46218 | J92: 2026-07 | K92: Rent roll (still on initial lease) | L92: 2380 | M92: 4760 | N92: =IF(OR($L92="",$H92="",$H92=0),"",$L92-N($M92)/$H92) -> 1983.3333 | O92: RR 1/1/26 | P92: Burn-off | Q92: MTM Holdover | R92: Y | S92: Y | AA92: =IF(OR($Y92="",$X92="",$X92=0),"",$Y92-N($Z92)/$X92) | AC92: =IF(OR($Y92="",$L92="",$L92=0),"",$Y92/$L92-1) | AD92: =IF(OR($AA92="",$N92="",$N92=0),"",$AA92/$N92-1) | AL92: =IF(OR($AJ92="",$AI92="",$AI92=0),"",$AJ92-N($AK92)/$AI92) | AM92: =IF(OR($AJ92="",$L92="",$L92=0),"",$AJ92/$L92-1) | AN92: =IF(OR($AL92="",$N92="",$N92=0),"",$AL92/$N92-1)
A93: C303 | B93: A1_Seas | C93: 1x1 | D93: 693 | E93: t0036172 | F93: Savannah Mancini | G93: 45990 | H93: 12 | I93: 46354 | J93: 2026-11 | K93: Rent roll (still on initial lease) | L93: 1349 | M93: 0 | N93: =IF(OR($L93="",$H93="",$H93=0),"",$L93-N($M93)/$H93) -> 1349 | O93: RR 1/1/26 | P93: Burn-off | Q93: Not Yet Expired | AA93: =IF(OR($Y93="",$X93="",$X93=0),"",$Y93-N($Z93)/$X93) | AC93: =IF(OR($Y93="",$L93="",$L93=0),"",$Y93/$L93-1) | AD93: =IF(OR($AA93="",$N93="",$N93=0),"",$AA93/$N93-1) | AL93: =IF(OR($AJ93="",$AI93="",$AI93=0),"",$AJ93-N($AK93)/$AI93) | AM93: =IF(OR($AJ93="",$L93="",$L93=0),"",$AJ93/$L93-1) | AN93: =IF(OR($AL93="",$N93="",$N93=0),"",$AL93/$N93-1)
A94: C306 | B94: A1_Seas | C94: 1x1 | D94: 693 | E94: t0036148 | F94: Elijah Johnson | G94: 45990 | H94: 12 | I94: 46354 | J94: 2026-11 | K94: Rent roll (still on initial lease) | L94: 1399 | M94: 699.5 | N94: =IF(OR($L94="",$H94="",$H94=0),"",$L94-N($M94)/$H94) -> 1340.7083 | O94: RR 1/1/26 | P94: Burn-off | Q94: Not Yet Expired | AA94: =IF(OR($Y94="",$X94="",$X94=0),"",$Y94-N($Z94)/$X94) | AC94: =IF(OR($Y94="",$L94="",$L94=0),"",$Y94/$L94-1) | AD94: =IF(OR($AA94="",$N94="",$N94=0),"",$AA94/$N94-1) | AL94: =IF(OR($AJ94="",$AI94="",$AI94=0),"",$AJ94-N($AK94)/$AI94) | AM94: =IF(OR($AJ94="",$L94="",$L94=0),"",$AJ94/$L94-1) | AN94: =IF(OR($AL94="",$N94="",$N94=0),"",$AL94/$N94-1)
A95: C307 | B95: B2_Seas | C95: 2x2 | D95: 1141 | E95: t0034039 | F95: Philip Mengeling | G95: 45886 | H95: 18 | I95: 46434 | J95: 2027-02 | K95: Rent roll (still on initial lease) | L95: 1929 | M95: 2893 | N95: =IF(OR($L95="",$H95="",$H95=0),"",$L95-N($M95)/$H95) -> 1768.2778 | O95: RR 1/1/26 | P95: Burn-off | Q95: Not Yet Expired | AA95: =IF(OR($Y95="",$X95="",$X95=0),"",$Y95-N($Z95)/$X95) | AC95: =IF(OR($Y95="",$L95="",$L95=0),"",$Y95/$L95-1) | AD95: =IF(OR($AA95="",$N95="",$N95=0),"",$AA95/$N95-1) | AL95: =IF(OR($AJ95="",$AI95="",$AI95=0),"",$AJ95-N($AK95)/$AI95) | AM95: =IF(OR($AJ95="",$L95="",$L95=0),"",$AJ95/$L95-1) | AN95: =IF(OR($AL95="",$N95="",$N95=0),"",$AL95/$N95-1)
A96: C313 | B96: B3b_Seas | C96: 2x2 | D96: 1177 | E96: t0030322 | F96: Erika Marangi | G96: 45839 | H96: 16 | I96: 46326 | J96: 2026-10 | K96: Rent roll (still on initial lease) | L96: 2098 | M96: 3147 | N96: =IF(OR($L96="",$H96="",$H96=0),"",$L96-N($M96)/$H96) -> 1901.3125 | O96: RR 1/1/26 | P96: Burn-off | Q96: Not Yet Expired | AA96: =IF(OR($Y96="",$X96="",$X96=0),"",$Y96-N($Z96)/$X96) | AC96: =IF(OR($Y96="",$L96="",$L96=0),"",$Y96/$L96-1) | AD96: =IF(OR($AA96="",$N96="",$N96=0),"",$AA96/$N96-1) | AL96: =IF(OR($AJ96="",$AI96="",$AI96=0),"",$AJ96-N($AK96)/$AI96) | AM96: =IF(OR($AJ96="",$L96="",$L96=0),"",$AJ96/$L96-1) | AN96: =IF(OR($AL96="",$N96="",$N96=0),"",$AL96/$N96-1)
A97: D101 | B97: B2_Seas | C97: 2x2 | D97: 1141 | E97: t0034396 | F97: Cole McCunniff | G97: 45941 | H97: 12 | I97: 46022 | J97: 2025-12 | K97: Rent roll (still on initial lease) | L97: 1894 | M97: 1896 | N97: =IF(OR($L97="",$H97="",$H97=0),"",$L97-N($M97)/$H97) -> 1736 | O97: RR 1/1/26 | P97: HelloData (ask-eff x term) | Q97: Moved Out | R97: Y | S97: Y | AA97: =IF(OR($Y97="",$X97="",$X97=0),"",$Y97-N($Z97)/$X97) | AC97: =IF(OR($Y97="",$L97="",$L97=0),"",$Y97/$L97-1) | AD97: =IF(OR($AA97="",$N97="",$N97=0),"",$AA97/$N97-1) | AE97: 46168 | AF97: t0040447 | AG97: Tana Mclaughlin | AH97: 46173 | AI97: 12 | AJ97: 2095 | AK97: 0 | AL97: =IF(OR($AJ97="",$AI97="",$AI97=0),"",$AJ97-N($AK97)/$AI97) -> 2095 | AM97: =IF(OR($AJ97="",$L97="",$L97=0),"",$AJ97/$L97-1) -> 0.1061246 | AN97: =IF(OR($AL97="",$N97="",$N97=0),"",$AL97/$N97-1) -> 0.20679724 | AO97: 5
A98: D102 | B98: B3a_Seas | C98: 2x2 | D98: 1165 | E98: t0030197 | F98: Stanimir Ilchev | G98: 45897 | H98: 12 | I98: 46081 | J98: 2026-02 | K98: Renewal lease start - 1d | L98: 1920 | M98: 1920 | N98: =IF(OR($L98="",$H98="",$H98=0),"",$L98-N($M98)/$H98) -> 1760 | O98: RR 1/1/26 | P98: HelloData (ask-eff x term) | Q98: Renewed | R98: Y | S98: Y | W98: 46082 | X98: 9 | Y98: 1945 | Z98: 0 | AA98: =IF(OR($Y98="",$X98="",$X98=0),"",$Y98-N($Z98)/$X98) -> 1945 | AC98: =IF(OR($Y98="",$L98="",$L98=0),"",$Y98/$L98-1) -> 0.013020833 | AD98: =IF(OR($AA98="",$N98="",$N98=0),"",$AA98/$N98-1) -> 0.10511364 | AL98: =IF(OR($AJ98="",$AI98="",$AI98=0),"",$AJ98-N($AK98)/$AI98) | AM98: =IF(OR($AJ98="",$L98="",$L98=0),"",$AJ98/$L98-1) | AN98: =IF(OR($AL98="",$N98="",$N98=0),"",$AL98/$N98-1)
A99: D103 | B99: A1_Seas | C99: 1x1 | D99: 693 | E99: t0031960 | F99: Caleb Cosentino | G99: 45825 | H99: 12 | I99: 46189 | J99: 2026-06 | K99: Renewal report | L99: 1555 | M99: 1000 | N99: =IF(OR($L99="",$H99="",$H99=0),"",$L99-N($M99)/$H99) -> 1471.6667 | O99: RR 1/1/26 | P99: Renewal report | Q99: Renewed | R99: Y | S99: Y | W99: 46190 | X99: 12 | Y99: 1555 | Z99: 0 | AA99: =IF(OR($Y99="",$X99="",$X99=0),"",$Y99-N($Z99)/$X99) -> 1555 | AB99: Y | AC99: =IF(OR($Y99="",$L99="",$L99=0),"",$Y99/$L99-1) -> 0 | AD99: =IF(OR($AA99="",$N99="",$N99=0),"",$AA99/$N99-1) -> 0.056625142 | AL99: =IF(OR($AJ99="",$AI99="",$AI99=0),"",$AJ99-N($AK99)/$AI99) | AM99: =IF(OR($AJ99="",$L99="",$L99=0),"",$AJ99/$L99-1) | AN99: =IF(OR($AL99="",$N99="",$N99=0),"",$AL99/$N99-1)
A100: D104 | B100: A2_Seas | C100: 1x1 | D100: 746 | E100: t0033339 | F100: Caden Paulson | G100: 45862 | H100: 12 | I100: 46226 | J100: 2026-07 | K100: Rent roll (still on initial lease) | L100: 1749 | M100: 3498 | N100: =IF(OR($L100="",$H100="",$H100=0),"",$L100-N($M100)/$H100) -> 1457.5 | O100: RR 1/1/26 | P100: Burn-off | Q100: Moved Out | R100: Y | S100: Y | AA100: =IF(OR($Y100="",$X100="",$X100=0),"",$Y100-N($Z100)/$X100) | AC100: =IF(OR($Y100="",$L100="",$L100=0),"",$Y100/$L100-1) | AD100: =IF(OR($AA100="",$N100="",$N100=0),"",$AA100/$N100-1) | AE100: 46226 | AF100: t0041472 | AG100: Zach Pulkinen | AH100: 46233 | AI100: 9 | AJ100: 1769 | AK100: 0 | AL100: =IF(OR($AJ100="",$AI100="",$AI100=0),"",$AJ100-N($AK100)/$AI100) -> 1769 | AM100: =IF(OR($AJ100="",$L100="",$L100=0),"",$AJ100/$L100-1) -> 0.011435106 | AN100: =IF(OR($AL100="",$N100="",$N100=0),"",$AL100/$N100-1) -> 0.21372213 | AO100: 7
...

Sheet By Floor Plan
A1: Group | B1: Cohort Units | C1: Expirations Due | D1: Renewed | E1: Moved Out | F1: MTM | G1: Retention % | H1: Avg Initial Gross | I1: Renewal TO Gross % | J1: Renewal TO Eff % | K1: New-Lease TO Gross % | L1: New-Lease TO Eff %
A2: A1_Seas | B2: =COUNTIF('Unit Ledger'!$B$2:$B$315,"A1_Seas") -> 108 | C2: =D2+E2+F2 -> 49 | D2: =COUNTIFS('Unit Ledger'!$B$2:$B$315,"A1_Seas",'Unit Ledger'!$S$2:$S$315,"Y",'Unit Ledger'!$Q$2:$Q$315,"Renewed") -> 25 | E2: =COUNTIFS('Unit Ledger'!$B$2:$B$315,"A1_Seas",'Unit Ledger'!$S$2:$S$315,"Y",'Unit Ledger'!$Q$2:$Q$315,"Moved Out") -> 23 | F2: =COUNTIFS('Unit Ledger'!$B$2:$B$315,"A1_Seas",'Unit Ledger'!$S$2:$S$315,"Y",'Unit Ledger'!$Q$2:$Q$315,"MTM Holdover") -> 1 | G2: =IF(C2=0,"",D2/C2) -> 0.51020408 | H2: =IFERROR(AVERAGEIFS('Unit Ledger'!$L$2:$L$315,'Unit Ledger'!$Q$2:$Q$315,"<>zz",'Unit Ledger'!$B$2:$B$315,"A1_Seas"),"") -> 1457.2037 | I2: =IFERROR(AVERAGEIFS('Unit Ledger'!$AC$2:$AC$315,'Unit Ledger'!$Q$2:$Q$315,"Renewed",'Unit Ledger'!$V$2:$V$315,"<>Y",'Unit Ledger'!$B$2:$B$315,"A1_Seas"),"") -> 0.015513322 | J2: =IFERROR(AVERAGEIFS('Unit Ledger'!$AD$2:$AD$315,'Unit Ledger'!$Q$2:$Q$315,"Renewed",'Unit Ledger'!$V$2:$V$315,"<>Y",'Unit Ledger'!$B$2:$B$315,"A1_Seas"),"") -> 0.10125143 | K2: =IFERROR(AVERAGEIFS('Unit Ledger'!$AM$2:$AM$315,'Unit Ledger'!$Q$2:$Q$315,"Moved Out",'Unit Ledger'!$V$2:$V$315,"<>Y",'Unit Ledger'!$B$2:$B$315,"A1_Seas"),"") -> 0.060345481 | L2: =IFERROR(AVERAGEIFS('Unit Ledger'!$AN$2:$AN$315,'Unit Ledger'!$Q$2:$Q$315,"Moved Out",'Unit Ledger'!$V$2:$V$315,"<>Y",'Unit Ledger'!$B$2:$B$315,"A1_Seas"),"") -> 0.1313323
A3: A2_Seas | B3: =COUNTIF('Unit Ledger'!$B$2:$B$315,"A2_Seas") -> 32 | C3: =D3+E3+F3 -> 14 | D3: =COUNTIFS('Unit Ledger'!$B$2:$B$315,"A2_Seas",'Unit Ledger'!$S$2:$S$315,"Y",'Unit Ledger'!$Q$2:$Q$315,"Renewed") -> 3 | E3: =COUNTIFS('Unit Ledger'!$B$2:$B$315,"A2_Seas",'Unit Ledger'!$S$2:$S$315,"Y",'Unit Ledger'!$Q$2:$Q$315,"Moved Out") -> 10 | F3: =COUNTIFS('Unit Ledger'!$B$2:$B$315,"A2_Seas",'Unit Ledger'!$S$2:$S$315,"Y",'Unit Ledger'!$Q$2:$Q$315,"MTM Holdover") -> 1 | G3: =IF(C3=0,"",D3/C3) -> 0.21428571 | H3: =IFERROR(AVERAGEIFS('Unit Ledger'!$L$2:$L$315,'Unit Ledger'!$Q$2:$Q$315,"<>zz",'Unit Ledger'!$B$2:$B$315,"A2_Seas"),"") -> 1648.5938 | I3: =IFERROR(AVERAGEIFS('Unit Ledger'!$AC$2:$AC$315,'Unit Ledger'!$Q$2:$Q$315,"Renewed",'Unit Ledger'!$V$2:$V$315,"<>Y",'Unit Ledger'!$B$2:$B$315,"A2_Seas"),"") -> 0.0019972039 | J3: =IFERROR(AVERAGEIFS('Unit Ledger'!$AD$2:$AD$315,'Unit Ledger'!$Q$2:$Q$315,"Renewed",'Unit Ledger'!$V$2:$V$315,"<>Y",'Unit Ledger'!$B$2:$B$315,"A2_Seas"),"") -> 0.06283904 | K3: =IFERROR(AVERAGEIFS('Unit Ledger'!$AM$2:$AM$315,'Unit Ledger'!$Q$2:$Q$315,"Moved Out",'Unit Ledger'!$V$2:$V$315,"<>Y",'Unit Ledger'!$B$2:$B$315,"A2_Seas"),"") -> 0.014428815 | L3: =IFERROR(AVERAGEIFS('Unit Ledger'!$AN$2:$AN$315,'Unit Ledger'!$Q$2:$Q$315,"Moved Out",'Unit Ledger'!$V$2:$V$315,"<>Y",'Unit Ledger'!$B$2:$B$315,"A2_Seas"),"") -> 0.079321835
A4: B1_Seas | B4: =COUNTIF('Unit Ledger'!$B$2:$B$315,"B1_Seas") -> 25 | C4: =D4+E4+F4 -> 10 | D4: =COUNTIFS('Unit Ledger'!$B$2:$B$315,"B1_Seas",'Unit Ledger'!$S$2:$S$315,"Y",'Unit Ledger'!$Q$2:$Q$315,"Renewed") -> 6 | E4: =COUNTIFS('Unit Ledger'!$B$2:$B$315,"B1_Seas",'Unit Ledger'!$S$2:$S$315,"Y",'Unit Ledger'!$Q$2:$Q$315,"Moved Out") -> 4 | F4: =COUNTIFS('Unit Ledger'!$B$2:$B$315,"B1_Seas",'Unit Ledger'!$S$2:$S$315,"Y",'Unit Ledger'!$Q$2:$Q$315,"MTM Holdover") -> 0 | G4: =IF(C4=0,"",D4/C4) -> 0.6 | H4: =IFERROR(AVERAGEIFS('Unit Ledger'!$L$2:$L$315,'Unit Ledger'!$Q$2:$Q$315,"<>zz",'Unit Ledger'!$B$2:$B$315,"B1_Seas"),"") -> 1782.72 | I4: =IFERROR(AVERAGEIFS('Unit Ledger'!$AC$2:$AC$315,'Unit Ledger'!$Q$2:$Q$315,"Renewed",'Unit Ledger'!$V$2:$V$315,"<>Y",'Unit Ledger'!$B$2:$B$315,"B1_Seas"),"") -> 0.016704199 | J4: =IFERROR(AVERAGEIFS('Unit Ledger'!$AD$2:$AD$315,'Unit Ledger'!$Q$2:$Q$315,"Renewed",'Unit Ledger'!$V$2:$V$315,"<>Y",'Unit Ledger'!$B$2:$B$315,"B1_Seas"),"") -> 0.06839647 | K4: =IFERROR(AVERAGEIFS('Unit Ledger'!$AM$2:$AM$315,'Unit Ledger'!$Q$2:$Q$315,"Moved Out",'Unit Ledger'!$V$2:$V$315,"<>Y",'Unit Ledger'!$B$2:$B$315,"B1_Seas"),"") -> 0.03812016 | L4: =IFERROR(AVERAGEIFS('Unit Ledger'!$AN$2:$AN$315,'Unit Ledger'!$Q$2:$Q$315,"Moved Out",'Unit Ledger'!$V$2:$V$315,"<>Y",'Unit Ledger'!$B$2:$B$315,"B1_Seas"),"") -> 0.045162692
A5: B2_Seas | B5: =COUNTIF('Unit Ledger'!$B$2:$B$315,"B2_Seas") -> 70 | C5: =D5+E5+F5 -> 35 | D5: =COUNTIFS('Unit Ledger'!$B$2:$B$315,"B2_Seas",'Unit Ledger'!$S$2:$S$315,"Y",'Unit Ledger'!$Q$2:$Q$315,"Renewed") -> 12 | E5: =COUNTIFS('Unit Ledger'!$B$2:$B$315,"B2_Seas",'Unit Ledger'!$S$2:$S$315,"Y",'Unit Ledger'!$Q$2:$Q$315,"Moved Out") -> 22 | F5: =COUNTIFS('Unit Ledger'!$B$2:$B$315,"B2_Seas",'Unit Ledger'!$S$2:$S$315,"Y",'Unit Ledger'!$Q$2:$Q$315,"MTM Holdover") -> 1 | G5: =IF(C5=0,"",D5/C5) -> 0.34285714 | H5: =IFERROR(AVERAGEIFS('Unit Ledger'!$L$2:$L$315,'Unit Ledger'!$Q$2:$Q$315,"<>zz",'Unit Ledger'!$B$2:$B$315,"B2_Seas"),"") -> 1959.6429 | I5: =IFERROR(AVERAGEIFS('Unit Ledger'!$AC$2:$AC$315,'Unit Ledger'!$Q$2:$Q$315,"Renewed",'Unit Ledger'!$V$2:$V$315,"<>Y",'Unit Ledger'!$B$2:$B$315,"B2_Seas"),"") -> 0.010533404 | J5: =IFERROR(AVERAGEIFS('Unit Ledger'!$AD$2:$AD$315,'Unit Ledger'!$Q$2:$Q$315,"Renewed",'Unit Ledger'!$V$2:$V$315,"<>Y",'Unit Ledger'!$B$2:$B$315,"B2_Seas"),"") -> 0.10736541 | K5: =IFERROR(AVERAGEIFS('Unit Ledger'!$AM$2:$AM$315,'Unit Ledger'!$Q$2:$Q$315,"Moved Out",'Unit Ledger'!$V$2:$V$315,"<>Y",'Unit Ledger'!$B$2:$B$315,"B2_Seas"),"") -> 0.019674464 | L5: =IFERROR(AVERAGEIFS('Unit Ledger'!$AN$2:$AN$315,'Unit Ledger'!$Q$2:$Q$315,"Moved Out",'Unit Ledger'!$V$2:$V$315,"<>Y",'Unit Ledger'!$B$2:$B$315,"B2_Seas"),"") -> 0.065979197
A6: B3a_Seas | B6: =COUNTIF('Unit Ledger'!$B$2:$B$315,"B3a_Seas") -> 15 | C6: =D6+E6+F6 -> 9 | D6: =COUNTIFS('Unit Ledger'!$B$2:$B$315,"B3a_Seas",'Unit Ledger'!$S$2:$S$315,"Y",'Unit Ledger'!$Q$2:$Q$315,"Renewed") -> 4 | E6: =COUNTIFS('Unit Ledger'!$B$2:$B$315,"B3a_Seas",'Unit Ledger'!$S$2:$S$315,"Y",'Unit Ledger'!$Q$2:$Q$315,"Moved Out") -> 5 | F6: =COUNTIFS('Unit Ledger'!$B$2:$B$315,"B3a_Seas",'Unit Ledger'!$S$2:$S$315,"Y",'Unit Ledger'!$Q$2:$Q$315,"MTM Holdover") -> 0 | G6: =IF(C6=0,"",D6/C6) -> 0.44444444 | H6: =IFERROR(AVERAGEIFS('Unit Ledger'!$L$2:$L$315,'Unit Ledger'!$Q$2:$Q$315,"<>zz",'Unit Ledger'!$B$2:$B$315,"B3a_Seas"),"") -> 1867.3333 | I6: =IFERROR(AVERAGEIFS('Unit Ledger'!$AC$2:$AC$315,'Unit Ledger'!$Q$2:$Q$315,"Renewed",'Unit Ledger'!$V$2:$V$315,"<>Y",'Unit Ledger'!$B$2:$B$315,"B3a_Seas"),"") -> 0.023491167 | J6: =IFERROR(AVERAGEIFS('Unit Ledger'!$AD$2:$AD$315,'Unit Ledger'!$Q$2:$Q$315,"Renewed",'Unit Ledger'!$V$2:$V$315,"<>Y",'Unit Ledger'!$B$2:$B$315,"B3a_Seas"),"") -> 0.10547941 | K6: =IFERROR(AVERAGEIFS('Unit Ledger'!$AM$2:$AM$315,'Unit Ledger'!$Q$2:$Q$315,"Moved Out",'Unit Ledger'!$V$2:$V$315,"<>Y",'Unit Ledger'!$B$2:$B$315,"B3a_Seas"),"") -> 0.086813187 | L6: =IFERROR(AVERAGEIFS('Unit Ledger'!$AN$2:$AN$315,'Unit Ledger'!$Q$2:$Q$315,"Moved Out",'Unit Ledger'!$V$2:$V$315,"<>Y",'Unit Ledger'!$B$2:$B$315,"B3a_Seas"),"") -> 0.2199285
A7: B3b_Seas | B7: =COUNTIF('Unit Ledger'!$B$2:$B$315,"B3b_Seas") -> 26 | C7: =D7+E7+F7 -> 11 | D7: =COUNTIFS('Unit Ledger'!$B$2:$B$315,"B3b_Seas",'Unit Ledger'!$S$2:$S$315,"Y",'Unit Ledger'!$Q$2:$Q$315,"Renewed") -> 4 | E7: =COUNTIFS('Unit Ledger'!$B$2:$B$315,"B3b_Seas",'Unit Ledger'!$S$2:$S$315,"Y",'Unit Ledger'!$Q$2:$Q$315,"Moved Out") -> 6 | F7: =COUNTIFS('Unit Ledger'!$B$2:$B$315,"B3b_Seas",'Unit Ledger'!$S$2:$S$315,"Y",'Unit Ledger'!$Q$2:$Q$315,"MTM Holdover") -> 1 | G7: =IF(C7=0,"",D7/C7) -> 0.36363636 | H7: =IFERROR(AVERAGEIFS('Unit Ledger'!$L$2:$L$315,'Unit Ledger'!$Q$2:$Q$315,"<>zz",'Unit Ledger'!$B$2:$B$315,"B3b_Seas"),"") -> 1873.8846 | I7: =IFERROR(AVERAGEIFS('Unit Ledger'!$AC$2:$AC$315,'Unit Ledger'!$Q$2:$Q$315,"Renewed",'Unit Ledger'!$V$2:$V$315,"<>Y",'Unit Ledger'!$B$2:$B$315,"B3b_Seas"),"") -> 0.025428796 | J7: =IFERROR(AVERAGEIFS('Unit Ledger'!$AD$2:$AD$315,'Unit Ledger'!$Q$2:$Q$315,"Renewed",'Unit Ledger'!$V$2:$V$315,"<>Y",'Unit Ledger'!$B$2:$B$315,"B3b_Seas"),"") -> 0.12991612 | K7: =IFERROR(AVERAGEIFS('Unit Ledger'!$AM$2:$AM$315,'Unit Ledger'!$Q$2:$Q$315,"Moved Out",'Unit Ledger'!$V$2:$V$315,"<>Y",'Unit Ledger'!$B$2:$B$315,"B3b_Seas"),"") -> 0.090925763 | L7: =IFERROR(AVERAGEIFS('Unit Ledger'!$AN$2:$AN$315,'Unit Ledger'!$Q$2:$Q$315,"Moved Out",'Unit Ledger'!$V$2:$V$315,"<>Y",'Unit Ledger'!$B$2:$B$315,"B3b_Seas"),"") -> 0.1316302
A8: C1a_Seas | B8: =COUNTIF('Unit Ledger'!$B$2:$B$315,"C1a_Seas") -> 10 | C8: =D8+E8+F8 -> 7 | D8: =COUNTIFS('Unit Ledger'!$B$2:$B$315,"C1a_Seas",'Unit Ledger'!$S$2:$S$315,"Y",'Unit Ledger'!$Q$2:$Q$315,"Renewed") -> 3 | E8: =COUNTIFS('Unit Ledger'!$B$2:$B$315,"C1a_Seas",'Unit Ledger'!$S$2:$S$315,"Y",'Unit Ledger'!$Q$2:$Q$315,"Moved Out") -> 3 | F8: =COUNTIFS('Unit Ledger'!$B$2:$B$315,"C1a_Seas",'Unit Ledger'!$S$2:$S$315,"Y",'Unit Ledger'!$Q$2:$Q$315,"MTM Holdover") -> 1 | G8: =IF(C8=0,"",D8/C8) -> 0.42857143 | H8: =IFERROR(AVERAGEIFS('Unit Ledger'!$L$2:$L$315,'Unit Ledger'!$Q$2:$Q$315,"<>zz",'Unit Ledger'!$B$2:$B$315,"C1a_Seas"),"") -> 2253.1 | I8: =IFERROR(AVERAGEIFS('Unit Ledger'!$AC$2:$AC$315,'Unit Ledger'!$Q$2:$Q$315,"Renewed",'Unit Ledger'!$V$2:$V$315,"<>Y",'Unit Ledger'!$B$2:$B$315,"C1a_Seas"),"") -> 0.027803048 | J8: =IFERROR(AVERAGEIFS('Unit Ledger'!$AD$2:$AD$315,'Unit Ledger'!$Q$2:$Q$315,"Renewed",'Unit Ledger'!$V$2:$V$315,"<>Y",'Unit Ledger'!$B$2:$B$315,"C1a_Seas"),"") -> 0.12729331 | K8: =IFERROR(AVERAGEIFS('Unit Ledger'!$AM$2:$AM$315,'Unit Ledger'!$Q$2:$Q$315,"Moved Out",'Unit Ledger'!$V$2:$V$315,"<>Y",'Unit Ledger'!$B$2:$B$315,"C1a_Seas"),"") -> 0.088312576 | L8: =IFERROR(AVERAGEIFS('Unit Ledger'!$AN$2:$AN$315,'Unit Ledger'!$Q$2:$Q$315,"Moved Out",'Unit Ledger'!$V$2:$V$315,"<>Y",'Unit Ledger'!$B$2:$B$315,"C1a_Seas"),"") -> 0.092767527
A9: C1b_Seas | B9: =COUNTIF('Unit Ledger'!$B$2:$B$315,"C1b_Seas") -> 15 | C9: =D9+E9+F9 -> 9 | D9: =COUNTIFS('Unit Ledger'!$B$2:$B$315,"C1b_Seas",'Unit Ledger'!$S$2:$S$315,"Y",'Unit Ledger'!$Q$2:$Q$315,"Renewed") -> 3 | E9: =COUNTIFS('Unit Ledger'!$B$2:$B$315,"C1b_Seas",'Unit Ledger'!$S$2:$S$315,"Y",'Unit Ledger'!$Q$2:$Q$315,"Moved Out") -> 4 | F9: =COUNTIFS('Unit Ledger'!$B$2:$B$315,"C1b_Seas",'Unit Ledger'!$S$2:$S$315,"Y",'Unit Ledger'!$Q$2:$Q$315,"MTM Holdover") -> 2 | G9: =IF(C9=0,"",D9/C9) -> 0.33333333 | H9: =IFERROR(AVERAGEIFS('Unit Ledger'!$L$2:$L$315,'Unit Ledger'!$Q$2:$Q$315,"<>zz",'Unit Ledger'!$B$2:$B$315,"C1b_Seas"),"") -> 2237.3333 | I9: =IFERROR(AVERAGEIFS('Unit Ledger'!$AC$2:$AC$315,'Unit Ledger'!$Q$2:$Q$315,"Renewed",'Unit Ledger'!$V$2:$V$315,"<>Y",'Unit Ledger'!$B$2:$B$315,"C1b_Seas"),"") -> 0.01135442 | J9: =IFERROR(AVERAGEIFS('Unit Ledger'!$AD$2:$AD$315,'Unit Ledger'!$Q$2:$Q$315,"Renewed",'Unit Ledger'!$V$2:$V$315,"<>Y",'Unit Ledger'!$B$2:$B$315,"C1b_Seas"),"") -> 0.022940571 | K9: =IFERROR(AVERAGEIFS('Unit Ledger'!$AM$2:$AM$315,'Unit Ledger'!$Q$2:$Q$315,"Moved Out",'Unit Ledger'!$V$2:$V$315,"<>Y",'Unit Ledger'!$B$2:$B$315,"C1b_Seas"),"") -> 0.081109712 | L9: =IFERROR(AVERAGEIFS('Unit Ledger'!$AN$2:$AN$315,'Unit Ledger'!$Q$2:$Q$315,"Moved Out",'Unit Ledger'!$V$2:$V$315,"<>Y",'Unit Ledger'!$B$2:$B$315,"C1b_Seas"),"") -> 0.097188613
A10: S1_Seas | B10: =COUNTIF('Unit Ledger'!$B$2:$B$315,"S1_Seas") -> 13 | C10: =D10+E10+F10 -> 10 | D10: =COUNTIFS('Unit Ledger'!$B$2:$B$315,"S1_Seas",'Unit Ledger'!$S$2:$S$315,"Y",'Unit Ledger'!$Q$2:$Q$315,"Renewed") -> 4 | E10: =COUNTIFS('Unit Ledger'!$B$2:$B$315,"S1_Seas",'Unit Ledger'!$S$2:$S$315,"Y",'Unit Ledger'!$Q$2:$Q$315,"Moved Out") -> 6 | F10: =COUNTIFS('Unit Ledger'!$B$2:$B$315,"S1_Seas",'Unit Ledger'!$S$2:$S$315,"Y",'Unit Ledger'!$Q$2:$Q$315,"MTM Holdover") -> 0 | G10: =IF(C10=0,"",D10/C10) -> 0.4 | H10: =IFERROR(AVERAGEIFS('Unit Ledger'!$L$2:$L$315,'Unit Ledger'!$Q$2:$Q$315,"<>zz",'Unit Ledger'!$B$2:$B$315,"S1_Seas"),"") -> 1355 | I10: =IFERROR(AVERAGEIFS('Unit Ledger'!$AC$2:$AC$315,'Unit Ledger'!$Q$2:$Q$315,"Renewed",'Unit Ledger'!$V$2:$V$315,"<>Y",'Unit Ledger'!$B$2:$B$315,"S1_Seas"),"") -> 0.012426548 | J10: =IFERROR(AVERAGEIFS('Unit Ledger'!$AD$2:$AD$315,'Unit Ledger'!$Q$2:$Q$315,"Renewed",'Unit Ledger'!$V$2:$V$315,"<>Y",'Unit Ledger'!$B$2:$B$315,"S1_Seas"),"") -> 0.072240757 | K10: =IFERROR(AVERAGEIFS('Unit Ledger'!$AM$2:$AM$315,'Unit Ledger'!$Q$2:$Q$315,"Moved Out",'Unit Ledger'!$V$2:$V$315,"<>Y",'Unit Ledger'!$B$2:$B$315,"S1_Seas"),"") -> 0.084197784 | L10: =IFERROR(AVERAGEIFS('Unit Ledger'!$AN$2:$AN$315,'Unit Ledger'!$Q$2:$Q$315,"Moved Out",'Unit Ledger'!$V$2:$V$315,"<>Y",'Unit Ledger'!$B$2:$B$315,"S1_Seas"),"") -> 0.15931241
A12: Studio | B12: =COUNTIF('Unit Ledger'!$C$2:$C$315,"Studio") -> 13 | C12: =D12+E12+F12 -> 10 | D12: =COUNTIFS('Unit Ledger'!$C$2:$C$315,"Studio",'Unit Ledger'!$S$2:$S$315,"Y",'Unit Ledger'!$Q$2:$Q$315,"Renewed") -> 4 | E12: =COUNTIFS('Unit Ledger'!$C$2:$C$315,"Studio",'Unit Ledger'!$S$2:$S$315,"Y",'Unit Ledger'!$Q$2:$Q$315,"Moved Out") -> 6 | F12: =COUNTIFS('Unit Ledger'!$C$2:$C$315,"Studio",'Unit Ledger'!$S$2:$S$315,"Y",'Unit Ledger'!$Q$2:$Q$315,"MTM Holdover") -> 0 | G12: =IF(C12=0,"",D12/C12) -> 0.4 | H12: =IFERROR(AVERAGEIFS('Unit Ledger'!$L$2:$L$315,'Unit Ledger'!$Q$2:$Q$315,"<>zz",'Unit Ledger'!$C$2:$C$315,"Studio"),"") -> 1355 | I12: =IFERROR(AVERAGEIFS('Unit Ledger'!$AC$2:$AC$315,'Unit Ledger'!$Q$2:$Q$315,"Renewed",'Unit Ledger'!$V$2:$V$315,"<>Y",'Unit Ledger'!$C$2:$C$315,"Studio"),"") -> 0.012426548 | J12: =IFERROR(AVERAGEIFS('Unit Ledger'!$AD$2:$AD$315,'Unit Ledger'!$Q$2:$Q$315,"Renewed",'Unit Ledger'!$V$2:$V$315,"<>Y",'Unit Ledger'!$C$2:$C$315,"Studio"),"") -> 0.072240757 | K12: =IFERROR(AVERAGEIFS('Unit Ledger'!$AM$2:$AM$315,'Unit Ledger'!$Q$2:$Q$315,"Moved Out",'Unit Ledger'!$V$2:$V$315,"<>Y",'Unit Ledger'!$C$2:$C$315,"Studio"),"") -> 0.084197784 | L12: =IFERROR(AVERAGEIFS('Unit Ledger'!$AN$2:$AN$315,'Unit Ledger'!$Q$2:$Q$315,"Moved Out",'Unit Ledger'!$V$2:$V$315,"<>Y",'Unit Ledger'!$C$2:$C$315,"Studio"),"") -> 0.15931241
A13: 1x1 | B13: =COUNTIF('Unit Ledger'!$C$2:$C$315,"1x1") -> 140 | C13: =D13+E13+F13 -> 63 | D13: =COUNTIFS('Unit Ledger'!$C$2:$C$315,"1x1",'Unit Ledger'!$S$2:$S$315,"Y",'Unit Ledger'!$Q$2:$Q$315,"Renewed") -> 28 | E13: =COUNTIFS('Unit Ledger'!$C$2:$C$315,"1x1",'Unit Ledger'!$S$2:$S$315,"Y",'Unit Ledger'!$Q$2:$Q$315,"Moved Out") -> 33 | F13: =COUNTIFS('Unit Ledger'!$C$2:$C$315,"1x1",'Unit Ledger'!$S$2:$S$315,"Y",'Unit Ledger'!$Q$2:$Q$315,"MTM Holdover") -> 2 | G13: =IF(C13=0,"",D13/C13) -> 0.44444444 | H13: =IFERROR(AVERAGEIFS('Unit Ledger'!$L$2:$L$315,'Unit Ledger'!$Q$2:$Q$315,"<>zz",'Unit Ledger'!$C$2:$C$315,"1x1"),"") -> 1500.95 | I13: =IFERROR(AVERAGEIFS('Unit Ledger'!$AC$2:$AC$315,'Unit Ledger'!$Q$2:$Q$315,"Renewed",'Unit Ledger'!$V$2:$V$315,"<>Y",'Unit Ledger'!$C$2:$C$315,"1x1"),"") -> 0.014065166 | J13: =IFERROR(AVERAGEIFS('Unit Ledger'!$AD$2:$AD$315,'Unit Ledger'!$Q$2:$Q$315,"Renewed",'Unit Ledger'!$V$2:$V$315,"<>Y",'Unit Ledger'!$C$2:$C$315,"1x1"),"") -> 0.097135816 | K13: =IFERROR(AVERAGEIFS('Unit Ledger'!$AM$2:$AM$315,'Unit Ledger'!$Q$2:$Q$315,"Moved Out",'Unit Ledger'!$V$2:$V$315,"<>Y",'Unit Ledger'!$C$2:$C$315,"1x1"),"") -> 0.045422565 | L13: =IFERROR(AVERAGEIFS('Unit Ledger'!$AN$2:$AN$315,'Unit Ledger'!$Q$2:$Q$315,"Moved Out",'Unit Ledger'!$V$2:$V$315,"<>Y",'Unit Ledger'!$C$2:$C$315,"1x1"),"") -> 0.11399548
A14: 2x2 | B14: =COUNTIF('Unit Ledger'!$C$2:$C$315,"2x2") -> 136 | C14: =D14+E14+F14 -> 65 | D14: =COUNTIFS('Unit Ledger'!$C$2:$C$315,"2x2",'Unit Ledger'!$S$2:$S$315,"Y",'Unit Ledger'!$Q$2:$Q$315,"Renewed") -> 26 | E14: =COUNTIFS('Unit Ledger'!$C$2:$C$315,"2x2",'Unit Ledger'!$S$2:$S$315,"Y",'Unit Ledger'!$Q$2:$Q$315,"Moved Out") -> 37 | F14: =COUNTIFS('Unit Ledger'!$C$2:$C$315,"2x2",'Unit Ledger'!$S$2:$S$315,"Y",'Unit Ledger'!$Q$2:$Q$315,"MTM Holdover") -> 2 | G14: =IF(C14=0,"",D14/C14) -> 0.4 | H14: =IFERROR(AVERAGEIFS('Unit Ledger'!$L$2:$L$315,'Unit Ledger'!$Q$2:$Q$315,"<>zz",'Unit Ledger'!$C$2:$C$315,"2x2"),"") -> 1900.5441 | I14: =IFERROR(AVERAGEIFS('Unit Ledger'!$AC$2:$AC$315,'Unit Ledger'!$Q$2:$Q$315,"Renewed",'Unit Ledger'!$V$2:$V$315,"<>Y",'Unit Ledger'!$C$2:$C$315,"2x2"),"") -> 0.016242534 | J14: =IFERROR(AVERAGEIFS('Unit Ledger'!$AD$2:$AD$315,'Unit Ledger'!$Q$2:$Q$315,"Renewed",'Unit Ledger'!$V$2:$V$315,"<>Y",'Unit Ledger'!$C$2:$C$315,"2x2"),"") -> 0.10155176 | K14: =IFERROR(AVERAGEIFS('Unit Ledger'!$AM$2:$AM$315,'Unit Ledger'!$Q$2:$Q$315,"Moved Out",'Unit Ledger'!$V$2:$V$315,"<>Y",'Unit Ledger'!$C$2:$C$315,"2x2"),"") -> 0.046152296 | L14: =IFERROR(AVERAGEIFS('Unit Ledger'!$AN$2:$AN$315,'Unit Ledger'!$Q$2:$Q$315,"Moved Out",'Unit Ledger'!$V$2:$V$315,"<>Y",'Unit Ledger'!$C$2:$C$315,"2x2"),"") -> 0.092329875
A15: 3x2 | B15: =COUNTIF('Unit Ledger'!$C$2:$C$315,"3x2") -> 25 | C15: =D15+E15+F15 -> 16 | D15: =COUNTIFS('Unit Ledger'!$C$2:$C$315,"3x2",'Unit Ledger'!$S$2:$S$315,"Y",'Unit Ledger'!$Q$2:$Q$315,"Renewed") -> 6 | E15: =COUNTIFS('Unit Ledger'!$C$2:$C$315,"3x2",'Unit Ledger'!$S$2:$S$315,"Y",'Unit Ledger'!$Q$2:$Q$315,"Moved Out") -> 7 | F15: =COUNTIFS('Unit Ledger'!$C$2:$C$315,"3x2",'Unit Ledger'!$S$2:$S$315,"Y",'Unit Ledger'!$Q$2:$Q$315,"MTM Holdover") -> 3 | G15: =IF(C15=0,"",D15/C15) -> 0.375 | H15: =IFERROR(AVERAGEIFS('Unit Ledger'!$L$2:$L$315,'Unit Ledger'!$Q$2:$Q$315,"<>zz",'Unit Ledger'!$C$2:$C$315,"3x2"),"") -> 2243.64 | I15: =IFERROR(AVERAGEIFS('Unit Ledger'!$AC$2:$AC$315,'Unit Ledger'!$Q$2:$Q$315,"Renewed",'Unit Ledger'!$V$2:$V$315,"<>Y",'Unit Ledger'!$C$2:$C$315,"3x2"),"") -> 0.019578734 | J15: =IFERROR(AVERAGEIFS('Unit Ledger'!$AD$2:$AD$315,'Unit Ledger'!$Q$2:$Q$315,"Renewed",'Unit Ledger'!$V$2:$V$315,"<>Y",'Unit Ledger'!$C$2:$C$315,"3x2"),"") -> 0.075116942 | K15: =IFERROR(AVERAGEIFS('Unit Ledger'!$AM$2:$AM$315,'Unit Ledger'!$Q$2:$Q$315,"Moved Out",'Unit Ledger'!$V$2:$V$315,"<>Y",'Unit Ledger'!$C$2:$C$315,"3x2"),"") -> 0.085611502 | L15: =IFERROR(AVERAGEIFS('Unit Ledger'!$AN$2:$AN$315,'Unit Ledger'!$Q$2:$Q$315,"Moved Out",'Unit Ledger'!$V$2:$V$315,"<>Y",'Unit Ledger'!$C$2:$C$315,"3x2"),"") -> 0.094662278
A17: TOTAL | B17: =COUNTA('Unit Ledger'!$A$2:$A$315) -> 314 | C17: =D17+E17+F17 -> 154 | D17: =COUNTIFS('Unit Ledger'!$S$2:$S$315,"Y",'Unit Ledger'!$Q$2:$Q$315,"Renewed") -> 64 | E17: =COUNTIFS('Unit Ledger'!$S$2:$S$315,"Y",'Unit Ledger'!$Q$2:$Q$315,"Moved Out") -> 83 | F17: =COUNTIFS('Unit Ledger'!$S$2:$S$315,"Y",'Unit Ledger'!$Q$2:$Q$315,"MTM Holdover") -> 7 | G17: =IF(C17=0,"",D17/C17) -> 0.41558442 | H17: =IFERROR(AVERAGEIFS('Unit Ledger'!$L$2:$L$315,'Unit Ledger'!$Q$2:$Q$315,"<>zz"),"") -> 1727.1115 | I17: =IFERROR(AVERAGEIFS('Unit Ledger'!$AC$2:$AC$315,'Unit Ledger'!$Q$2:$Q$315,"Renewed",'Unit Ledger'!$V$2:$V$315,"<>Y"),"") -> 0.015364205 | J17: =IFERROR(AVERAGEIFS('Unit Ledger'!$AD$2:$AD$315,'Unit Ledger'!$Q$2:$Q$315,"Renewed",'Unit Ledger'!$V$2:$V$315,"<>Y"),"") -> 0.095309584 | K17: =IFERROR(AVERAGEIFS('Unit Ledger'!$AM$2:$AM$315,'Unit Ledger'!$Q$2:$Q$315,"Moved Out",'Unit Ledger'!$V$2:$V$315,"<>Y"),"") -> 0.051747484 | L17: =IFERROR(AVERAGEIFS('Unit Ledger'!$AN$2:$AN$315,'Unit Ledger'!$Q$2:$Q$315,"Moved Out",'Unit Ledger'!$V$2:$V$315,"<>Y"),"") -> 0.1066842

Sheet By Month
A1: First-Expiration Month | B1: Expirations Due | C1: Renewed | D1: Moved Out | E1: MTM | F1: Retention % | G1: Renewal TO Gross % | H1: Renewal TO Eff % | I1: New-Lease TO Gross % | J1: New-Lease TO Eff % | K1: Coming Due (not yet expired)
A2: 2025-08 | B2: =C2+D2+E2 -> 1 | C2: =COUNTIFS('Unit Ledger'!$J$2:$J$315,"2025-08",'Unit Ledger'!$S$2:$S$315,"Y",'Unit Ledger'!$Q$2:$Q$315,"Renewed") -> 1 | D2: =COUNTIFS('Unit Ledger'!$J$2:$J$315,"2025-08",'Unit Ledger'!$S$2:$S$315,"Y",'Unit Ledger'!$Q$2:$Q$315,"Moved Out") -> 0 | E2: =COUNTIFS('Unit Ledger'!$J$2:$J$315,"2025-08",'Unit Ledger'!$S$2:$S$315,"Y",'Unit Ledger'!$Q$2:$Q$315,"MTM Holdover") -> 0 | F2: =IF(B2=0,"",C2/B2) -> 1 | G2: =IFERROR(AVERAGEIFS('Unit Ledger'!$AC$2:$AC$315,'Unit Ledger'!$J$2:$J$315,"2025-08",'Unit Ledger'!$Q$2:$Q$315,"Renewed",'Unit Ledger'!$V$2:$V$315,"<>Y"),"") -> 0.014336918 | H2: =IFERROR(AVERAGEIFS('Unit Ledger'!$AD$2:$AD$315,'Unit Ledger'!$J$2:$J$315,"2025-08",'Unit Ledger'!$Q$2:$Q$315,"Renewed",'Unit Ledger'!$V$2:$V$315,"<>Y"),"") -> 0.014336918 | I2: =IFERROR(AVERAGEIFS('Unit Ledger'!$AM$2:$AM$315,'Unit Ledger'!$J$2:$J$315,"2025-08",'Unit Ledger'!$Q$2:$Q$315,"Moved Out",'Unit Ledger'!$V$2:$V$315,"<>Y"),"") | J2: =IFERROR(AVERAGEIFS('Unit Ledger'!$AN$2:$AN$315,'Unit Ledger'!$J$2:$J$315,"2025-08",'Unit Ledger'!$Q$2:$Q$315,"Moved Out",'Unit Ledger'!$V$2:$V$315,"<>Y"),"") | K2: =COUNTIFS('Unit Ledger'!$J$2:$J$315,"2025-08",'Unit Ledger'!$Q$2:$Q$315,"Not Yet Expired") -> 0
A3: 2025-10 | B3: =C3+D3+E3 -> 2 | C3: =COUNTIFS('Unit Ledger'!$J$2:$J$315,"2025-10",'Unit Ledger'!$S$2:$S$315,"Y",'Unit Ledger'!$Q$2:$Q$315,"Renewed") -> 2 | D3: =COUNTIFS('Unit Ledger'!$J$2:$J$315,"2025-10",'Unit Ledger'!$S$2:$S$315,"Y",'Unit Ledger'!$Q$2:$Q$315,"Moved Out") -> 0 | E3: =COUNTIFS('Unit Ledger'!$J$2:$J$315,"2025-10",'Unit Ledger'!$S$2:$S$315,"Y",'Unit Ledger'!$Q$2:$Q$315,"MTM Holdover") -> 0 | F3: =IF(B3=0,"",C3/B3) -> 1 | G3: =IFERROR(AVERAGEIFS('Unit Ledger'!$AC$2:$AC$315,'Unit Ledger'!$J$2:$J$315,"2025-10",'Unit Ledger'!$Q$2:$Q$315,"Renewed",'Unit Ledger'!$V$2:$V$315,"<>Y"),"") -> 0.0090252708 | H3: =IFERROR(AVERAGEIFS('Unit Ledger'!$AD$2:$AD$315,'Unit Ledger'!$J$2:$J$315,"2025-10",'Unit Ledger'!$Q$2:$Q$315,"Renewed",'Unit Ledger'!$V$2:$V$315,"<>Y"),"") -> 0.11354536 | I3: =IFERROR(AVERAGEIFS('Unit Ledger'!$AM$2:$AM$315,'Unit Ledger'!$J$2:$J$315,"2025-10",'Unit Ledger'!$Q$2:$Q$315,"Moved Out",'Unit Ledger'!$V$2:$V$315,"<>Y"),"") | J3: =IFERROR(AVERAGEIFS('Unit Ledger'!$AN$2:$AN$315,'Unit Ledger'!$J$2:$J$315,"2025-10",'Unit Ledger'!$Q$2:$Q$315,"Moved Out",'Unit Ledger'!$V$2:$V$315,"<>Y"),"") | K3: =COUNTIFS('Unit Ledger'!$J$2:$J$315,"2025-10",'Unit Ledger'!$Q$2:$Q$315,"Not Yet Expired") -> 0
A4: 2025-11 | B4: =C4+D4+E4 -> 4 | C4: =COUNTIFS('Unit Ledger'!$J$2:$J$315,"2025-11",'Unit Ledger'!$S$2:$S$315,"Y",'Unit Ledger'!$Q$2:$Q$315,"Renewed") -> 4 | D4: =COUNTIFS('Unit Ledger'!$J$2:$J$315,"2025-11",'Unit Ledger'!$S$2:$S$315,"Y",'Unit Ledger'!$Q$2:$Q$315,"Moved Out") -> 0 | E4: =COUNTIFS('Unit Ledger'!$J$2:$J$315,"2025-11",'Unit Ledger'!$S$2:$S$315,"Y",'Unit Ledger'!$Q$2:$Q$315,"MTM Holdover") -> 0 | F4: =IF(B4=0,"",C4/B4) -> 1 | G4: =IFERROR(AVERAGEIFS('Unit Ledger'!$AC$2:$AC$315,'Unit Ledger'!$J$2:$J$315,"2025-11",'Unit Ledger'!$Q$2:$Q$315,"Renewed",'Unit Ledger'!$V$2:$V$315,"<>Y"),"") -> -0.0076261741 | H4: =IFERROR(AVERAGEIFS('Unit Ledger'!$AD$2:$AD$315,'Unit Ledger'!$J$2:$J$315,"2025-11",'Unit Ledger'!$Q$2:$Q$315,"Renewed",'Unit Ledger'!$V$2:$V$315,"<>Y"),"") -> 0.16708954 | I4: =IFERROR(AVERAGEIFS('Unit Ledger'!$AM$2:$AM$315,'Unit Ledger'!$J$2:$J$315,"2025-11",'Unit Ledger'!$Q$2:$Q$315,"Moved Out",'Unit Ledger'!$V$2:$V$315,"<>Y"),"") | J4: =IFERROR(AVERAGEIFS('Unit Ledger'!$AN$2:$AN$315,'Unit Ledger'!$J$2:$J$315,"2025-11",'Unit Ledger'!$Q$2:$Q$315,"Moved Out",'Unit Ledger'!$V$2:$V$315,"<>Y"),"") | K4: =COUNTIFS('Unit Ledger'!$J$2:$J$315,"2025-11",'Unit Ledger'!$Q$2:$Q$315,"Not Yet Expired") -> 0
A5: 2025-12 | B5: =C5+D5+E5 -> 6 | C5: =COUNTIFS('Unit Ledger'!$J$2:$J$315,"2025-12",'Unit Ledger'!$S$2:$S$315,"Y",'Unit Ledger'!$Q$2:$Q$315,"Renewed") -> 5 | D5: =COUNTIFS('Unit Ledger'!$J$2:$J$315,"2025-12",'Unit Ledger'!$S$2:$S$315,"Y",'Unit Ledger'!$Q$2:$Q$315,"Moved Out") -> 1 | E5: =COUNTIFS('Unit Ledger'!$J$2:$J$315,"2025-12",'Unit Ledger'!$S$2:$S$315,"Y",'Unit Ledger'!$Q$2:$Q$315,"MTM Holdover") -> 0 | F5: =IF(B5=0,"",C5/B5) -> 0.83333333 | G5: =IFERROR(AVERAGEIFS('Unit Ledger'!$AC$2:$AC$315,'Unit Ledger'!$J$2:$J$315,"2025-12",'Unit Ledger'!$Q$2:$Q$315,"Renewed",'Unit Ledger'!$V$2:$V$315,"<>Y"),"") -> 0.0064654773 | H5: =IFERROR(AVERAGEIFS('Unit Ledger'!$AD$2:$AD$315,'Unit Ledger'!$J$2:$J$315,"2025-12",'Unit Ledger'!$Q$2:$Q$315,"Renewed",'Unit Ledger'!$V$2:$V$315,"<>Y"),"") -> 0.092349584 | I5: =IFERROR(AVERAGEIFS('Unit Ledger'!$AM$2:$AM$315,'Unit Ledger'!$J$2:$J$315,"2025-12",'Unit Ledger'!$Q$2:$Q$315,"Moved Out",'Unit Ledger'!$V$2:$V$315,"<>Y"),"") -> 0.1061246 | J5: =IFERROR(AVERAGEIFS('Unit Ledger'!$AN$2:$AN$315,'Unit Ledger'!$J$2:$J$315,"2025-12",'Unit Ledger'!$Q$2:$Q$315,"Moved Out",'Unit Ledger'!$V$2:$V$315,"<>Y"),"") -> 0.20679724 | K5: =COUNTIFS('Unit Ledger'!$J$2:$J$315,"2025-12",'Unit Ledger'!$Q$2:$Q$315,"Not Yet Expired") -> 0
A6: 2026-01 | B6: =C6+D6+E6 -> 5 | C6: =COUNTIFS('Unit Ledger'!$J$2:$J$315,"2026-01",'Unit Ledger'!$S$2:$S$315,"Y",'Unit Ledger'!$Q$2:$Q$315,"Renewed") -> 2 | D6: =COUNTIFS('Unit Ledger'!$J$2:$J$315,"2026-01",'Unit Ledger'!$S$2:$S$315,"Y",'Unit Ledger'!$Q$2:$Q$315,"Moved Out") -> 3 | E6: =COUNTIFS('Unit Ledger'!$J$2:$J$315,"2026-01",'Unit Ledger'!$S$2:$S$315,"Y",'Unit Ledger'!$Q$2:$Q$315,"MTM Holdover") -> 0 | F6: =IF(B6=0,"",C6/B6) -> 0.4 | G6: =IFERROR(AVERAGEIFS('Unit Ledger'!$AC$2:$AC$315,'Unit Ledger'!$J$2:$J$315,"2026-01",'Unit Ledger'!$Q$2:$Q$315,"Renewed",'Unit Ledger'!$V$2:$V$315,"<>Y"),"") -> 0 | H6: =IFERROR(AVERAGEIFS('Unit Ledger'!$AD$2:$AD$315,'Unit Ledger'!$J$2:$J$315,"2026-01",'Unit Ledger'!$Q$2:$Q$315,"Renewed",'Unit Ledger'!$V$2:$V$315,"<>Y"),"") -> 0.10451724 | I6: =IFERROR(AVERAGEIFS('Unit Ledger'!$AM$2:$AM$315,'Unit Ledger'!$J$2:$J$315,"2026-01",'Unit Ledger'!$Q$2:$Q$315,"Moved Out",'Unit Ledger'!$V$2:$V$315,"<>Y"),"") -> 0.042688988 | J6: =IFERROR(AVERAGEIFS('Unit Ledger'!$AN$2:$AN$315,'Unit Ledger'!$J$2:$J$315,"2026-01",'Unit Ledger'!$Q$2:$Q$315,"Moved Out",'Unit Ledger'!$V$2:$V$315,"<>Y"),"") -> 0.095470191 | K6: =COUNTIFS('Unit Ledger'!$J$2:$J$315,"2026-01",'Unit Ledger'!$Q$2:$Q$315,"Not Yet Expired") -> 0
A7: 2026-02 | B7: =C7+D7+E7 -> 13 | C7: =COUNTIFS('Unit Ledger'!$J$2:$J$315,"2026-02",'Unit Ledger'!$S$2:$S$315,"Y",'Unit Ledger'!$Q$2:$Q$315,"Renewed") -> 4 | D7: =COUNTIFS('Unit Ledger'!$J$2:$J$315,"2026-02",'Unit Ledger'!$S$2:$S$315,"Y",'Unit Ledger'!$Q$2:$Q$315,"Moved Out") -> 8 | E7: =COUNTIFS('Unit Ledger'!$J$2:$J$315,"2026-02",'Unit Ledger'!$S$2:$S$315,"Y",'Unit Ledger'!$Q$2:$Q$315,"MTM Holdover") -> 1 | F7: =IF(B7=0,"",C7/B7) -> 0.30769231 | G7: =IFERROR(AVERAGEIFS('Unit Ledger'!$AC$2:$AC$315,'Unit Ledger'!$J$2:$J$315,"2026-02",'Unit Ledger'!$Q$2:$Q$315,"Renewed",'Unit Ledger'!$V$2:$V$315,"<>Y"),"") -> 0.023464465 | H7: =IFERROR(AVERAGEIFS('Unit Ledger'!$AD$2:$AD$315,'Unit Ledger'!$J$2:$J$315,"2026-02",'Unit Ledger'!$Q$2:$Q$315,"Renewed",'Unit Ledger'!$V$2:$V$315,"<>Y"),"") -> 0.05405142 | I7: =IFERROR(AVERAGEIFS('Unit Ledger'!$AM$2:$AM$315,'Unit Ledger'!$J$2:$J$315,"2026-02",'Unit Ledger'!$Q$2:$Q$315,"Moved Out",'Unit Ledger'!$V$2:$V$315,"<>Y"),"") -> 0.08713165 | J7: =IFERROR(AVERAGEIFS('Unit Ledger'!$AN$2:$AN$315,'Unit Ledger'!$J$2:$J$315,"2026-02",'Unit Ledger'!$Q$2:$Q$315,"Moved Out",'Unit Ledger'!$V$2:$V$315,"<>Y"),"") -> 0.15558352 | K7: =COUNTIFS('Unit Ledger'!$J$2:$J$315,"2026-02",'Unit Ledger'!$Q$2:$Q$315,"Not Yet Expired") -> 0
A8: 2026-03 | B8: =C8+D8+E8 -> 17 | C8: =COUNTIFS('Unit Ledger'!$J$2:$J$315,"2026-03",'Unit Ledger'!$S$2:$S$315,"Y",'Unit Ledger'!$Q$2:$Q$315,"Renewed") -> 5 | D8: =COUNTIFS('Unit Ledger'!$J$2:$J$315,"2026-03",'Unit Ledger'!$S$2:$S$315,"Y",'Unit Ledger'!$Q$2:$Q$315,"Moved Out") -> 12 | E8: =COUNTIFS('Unit Ledger'!$J$2:$J$315,"2026-03",'Unit Ledger'!$S$2:$S$315,"Y",'Unit Ledger'!$Q$2:$Q$315,"MTM Holdover") -> 0 | F8: =IF(B8=0,"",C8/B8) -> 0.29411765 | G8: =IFERROR(AVERAGEIFS('Unit Ledger'!$AC$2:$AC$315,'Unit Ledger'!$J$2:$J$315,"2026-03",'Unit Ledger'!$Q$2:$Q$315,"Renewed",'Unit Ledger'!$V$2:$V$315,"<>Y"),"") -> 0 | H8: =IFERROR(AVERAGEIFS('Unit Ledger'!$AD$2:$AD$315,'Unit Ledger'!$J$2:$J$315,"2026-03",'Unit Ledger'!$Q$2:$Q$315,"Renewed",'Unit Ledger'!$V$2:$V$315,"<>Y"),"") -> 0.050509328 | I8: =IFERROR(AVERAGEIFS('Unit Ledger'!$AM$2:$AM$315,'Unit Ledger'!$J$2:$J$315,"2026-03",'Unit Ledger'!$Q$2:$Q$315,"Moved Out",'Unit Ledger'!$V$2:$V$315,"<>Y"),"") -> 0.00050870221 | J8: =IFERROR(AVERAGEIFS('Unit Ledger'!$AN$2:$AN$315,'Unit Ledger'!$J$2:$J$315,"2026-03",'Unit Ledger'!$Q$2:$Q$315,"Moved Out",'Unit Ledger'!$V$2:$V$315,"<>Y"),"") -> 0.0039637119 | K8: =COUNTIFS('Unit Ledger'!$J$2:$J$315,"2026-03",'Unit Ledger'!$Q$2:$Q$315,"Not Yet Expired") -> 0
A9: 2026-04 | B9: =C9+D9+E9 -> 18 | C9: =COUNTIFS('Unit Ledger'!$J$2:$J$315,"2026-04",'Unit Ledger'!$S$2:$S$315,"Y",'Unit Ledger'!$Q$2:$Q$315,"Renewed") -> 10 | D9: =COUNTIFS('Unit Ledger'!$J$2:$J$315,"2026-04",'Unit Ledger'!$S$2:$S$315,"Y",'Unit Ledger'!$Q$2:$Q$315,"Moved Out") -> 8 | E9: =COUNTIFS('Unit Ledger'!$J$2:$J$315,"2026-04",'Unit Ledger'!$S$2:$S$315,"Y",'Unit Ledger'!$Q$2:$Q$315,"MTM Holdover") -> 0 | F9: =IF(B9=0,"",C9/B9) -> 0.55555556 | G9: =IFERROR(AVERAGEIFS('Unit Ledger'!$AC$2:$AC$315,'Unit Ledger'!$J$2:$J$315,"2026-04",'Unit Ledger'!$Q$2:$Q$315,"Renewed",'Unit Ledger'!$V$2:$V$315,"<>Y"),"") -> 0.020494977 | H9: =IFERROR(AVERAGEIFS('Unit Ledger'!$AD$2:$AD$315,'Unit Ledger'!$J$2:$J$315,"2026-04",'Unit Ledger'!$Q$2:$Q$315,"Renewed",'Unit Ledger'!$V$2:$V$315,"<>Y"),"") -> 0.071950532 | I9: =IFERROR(AVERAGEIFS('Unit Ledger'!$AM$2:$AM$315,'Unit Ledger'!$J$2:$J$315,"2026-04",'Unit Ledger'!$Q$2:$Q$315,"Moved Out",'Unit Ledger'!$V$2:$V$315,"<>Y"),"") -> -0.0096146429 | J9: =IFERROR(AVERAGEIFS('Unit Ledger'!$AN$2:$AN$315,'Unit Ledger'!$J$2:$J$315,"2026-04",'Unit Ledger'!$Q$2:$Q$315,"Moved Out",'Unit Ledger'!$V$2:$V$315,"<>Y"),"") -> 0.055312619 | K9: =COUNTIFS('Unit Ledger'!$J$2:$J$315,"2026-04",'Unit Ledger'!$Q$2:$Q$315,"Not Yet Expired") -> 0
A10: 2026-05 | B10: =C10+D10+E10 -> 21 | C10: =COUNTIFS('Unit Ledger'!$J$2:$J$315,"2026-05",'Unit Ledger'!$S$2:$S$315,"Y",'Unit Ledger'!$Q$2:$Q$315,"Renewed") -> 9 | D10: =COUNTIFS('Unit Ledger'!$J$2:$J$315,"2026-05",'Unit Ledger'!$S$2:$S$315,"Y",'Unit Ledger'!$Q$2:$Q$315,"Moved Out") -> 11 | E10: =COUNTIFS('Unit Ledger'!$J$2:$J$315,"2026-05",'Unit Ledger'!$S$2:$S$315,"Y",'Unit Ledger'!$Q$2:$Q$315,"MTM Holdover") -> 1 | F10: =IF(B10=0,"",C10/B10) -> 0.42857143 | G10: =IFERROR(AVERAGEIFS('Unit Ledger'!$AC$2:$AC$315,'Unit Ledger'!$J$2:$J$315,"2026-05",'Unit Ledger'!$Q$2:$Q$315,"Renewed",'Unit Ledger'!$V$2:$V$315,"<>Y"),"") -> 0.022594804 | H10: =IFERROR(AVERAGEIFS('Unit Ledger'!$AD$2:$AD$315,'Unit Ledger'!$J$2:$J$315,"2026-05",'Unit Ledger'!$Q$2:$Q$315,"Renewed",'Unit Ledger'!$V$2:$V$315,"<>Y"),"") -> 0.1290408 | I10: =IFERROR(AVERAGEIFS('Unit Ledger'!$AM$2:$AM$315,'Unit Ledger'!$J$2:$J$315,"2026-05",'Unit Ledger'!$Q$2:$Q$315,"Moved Out",'Unit Ledger'!$V$2:$V$315,"<>Y"),"") -> 0.04457453 | J10: =IFERROR(AVERAGEIFS('Unit Ledger'!$AN$2:$AN$315,'Unit Ledger'!$J$2:$J$315,"2026-05",'Unit Ledger'!$Q$2:$Q$315,"Moved Out",'Unit Ledger'!$V$2:$V$315,"<>Y"),"") -> 0.12057259 | K10: =COUNTIFS('Unit Ledger'!$J$2:$J$315,"2026-05",'Unit Ledger'!$Q$2:$Q$315,"Not Yet Expired") -> 0
A11: 2026-06 | B11: =C11+D11+E11 -> 28 | C11: =COUNTIFS('Unit Ledger'!$J$2:$J$315,"2026-06",'Unit Ledger'!$S$2:$S$315,"Y",'Unit Ledger'!$Q$2:$Q$315,"Renewed") -> 14 | D11: =COUNTIFS('Unit Ledger'!$J$2:$J$315,"2026-06",'Unit Ledger'!$S$2:$S$315,"Y",'Unit Ledger'!$Q$2:$Q$315,"Moved Out") -> 14 | E11: =COUNTIFS('Unit Ledger'!$J$2:$J$315,"2026-06",'Unit Ledger'!$S$2:$S$315,"Y",'Unit Ledger'!$Q$2:$Q$315,"MTM Holdover") -> 0 | F11: =IF(B11=0,"",C11/B11) -> 0.5 | G11: =IFERROR(AVERAGEIFS('Unit Ledger'!$AC$2:$AC$315,'Unit Ledger'!$J$2:$J$315,"2026-06",'Unit Ledger'!$Q$2:$Q$315,"Renewed",'Unit Ledger'!$V$2:$V$315,"<>Y"),"") -> 0.018171449 | H11: =IFERROR(AVERAGEIFS('Unit Ledger'!$AD$2:$AD$315,'Unit Ledger'!$J$2:$J$315,"2026-06",'Unit Ledger'!$Q$2:$Q$315,"Renewed",'Unit Ledger'!$V$2:$V$315,"<>Y"),"") -> 0.097349857 | I11: =IFERROR(AVERAGEIFS('Unit Ledger'!$AM$2:$AM$315,'Unit Ledger'!$J$2:$J$315,"2026-06",'Unit Ledger'!$Q$2:$Q$315,"Moved Out",'Unit Ledger'!$V$2:$V$315,"<>Y"),"") -> 0.051054297 | J11: =IFERROR(AVERAGEIFS('Unit Ledger'!$AN$2:$AN$315,'Unit Ledger'!$J$2:$J$315,"2026-06",'Unit Ledger'!$Q$2:$Q$315,"Moved Out",'Unit Ledger'!$V$2:$V$315,"<>Y"),"") -> 0.14776918 | K11: =COUNTIFS('Unit Ledger'!$J$2:$J$315,"2026-06",'Unit Ledger'!$Q$2:$Q$315,"Not Yet Expired") -> 0
A12: 2026-07 | B12: =C12+D12+E12 -> 37 | C12: =COUNTIFS('Unit Ledger'!$J$2:$J$315,"2026-07",'Unit Ledger'!$S$2:$S$315,"Y",'Unit Ledger'!$Q$2:$Q$315,"Renewed") -> 8 | D12: =COUNTIFS('Unit Ledger'!$J$2:$J$315,"2026-07",'Unit Ledger'!$S$2:$S$315,"Y",'Unit Ledger'!$Q$2:$Q$315,"Moved Out") -> 25 | E12: =COUNTIFS('Unit Ledger'!$J$2:$J$315,"2026-07",'Unit Ledger'!$S$2:$S$315,"Y",'Unit Ledger'!$Q$2:$Q$315,"MTM Holdover") -> 4 | F12: =IF(B12=0,"",C12/B12) -> 0.21621622 | G12: =IFERROR(AVERAGEIFS('Unit Ledger'!$AC$2:$AC$315,'Unit Ledger'!$J$2:$J$315,"2026-07",'Unit Ledger'!$Q$2:$Q$315,"Renewed",'Unit Ledger'!$V$2:$V$315,"<>Y"),"") -> 0.02406723 | H12: =IFERROR(AVERAGEIFS('Unit Ledger'!$AD$2:$AD$315,'Unit Ledger'!$J$2:$J$315,"2026-07",'Unit Ledger'!$Q$2:$Q$315,"Renewed",'Unit Ledger'!$V$2:$V$315,"<>Y"),"") -> 0.1008403 | I12: =IFERROR(AVERAGEIFS('Unit Ledger'!$AM$2:$AM$315,'Unit Ledger'!$J$2:$J$315,"2026-07",'Unit Ledger'!$Q$2:$Q$315,"Moved Out",'Unit Ledger'!$V$2:$V$315,"<>Y"),"") -> 0.0812179 | J12: =IFERROR(AVERAGEIFS('Unit Ledger'!$AN$2:$AN$315,'Unit Ledger'!$J$2:$J$315,"2026-07",'Unit Ledger'!$Q$2:$Q$315,"Moved Out",'Unit Ledger'!$V$2:$V$315,"<>Y"),"") -> 0.14299011 | K12: =COUNTIFS('Unit Ledger'!$J$2:$J$315,"2026-07",'Unit Ledger'!$Q$2:$Q$315,"Not Yet Expired") -> 0
A13: 2026-08 | B13: =C13+D13+E13 -> 2 | C13: =COUNTIFS('Unit Ledger'!$J$2:$J$315,"2026-08",'Unit Ledger'!$S$2:$S$315,"Y",'Unit Ledger'!$Q$2:$Q$315,"Renewed") -> 0 | D13: =COUNTIFS('Unit Ledger'!$J$2:$J$315,"2026-08",'Unit Ledger'!$S$2:$S$315,"Y",'Unit Ledger'!$Q$2:$Q$315,"Moved Out") -> 1 | E13: =COUNTIFS('Unit Ledger'!$J$2:$J$315,"2026-08",'Unit Ledger'!$S$2:$S$315,"Y",'Unit Ledger'!$Q$2:$Q$315,"MTM Holdover") -> 1 | F13: =IF(B13=0,"",C13/B13) -> 0 | G13: =IFERROR(AVERAGEIFS('Unit Ledger'!$AC$2:$AC$315,'Unit Ledger'!$J$2:$J$315,"2026-08",'Unit Ledger'!$Q$2:$Q$315,"Renewed",'Unit Ledger'!$V$2:$V$315,"<>Y"),"") | H13: =IFERROR(AVERAGEIFS('Unit Ledger'!$AD$2:$AD$315,'Unit Ledger'!$J$2:$J$315,"2026-08",'Unit Ledger'!$Q$2:$Q$315,"Renewed",'Unit Ledger'!$V$2:$V$315,"<>Y"),"") | I13: =IFERROR(AVERAGEIFS('Unit Ledger'!$AM$2:$AM$315,'Unit Ledger'!$J$2:$J$315,"2026-08",'Unit Ledger'!$Q$2:$Q$315,"Moved Out",'Unit Ledger'!$V$2:$V$315,"<>Y"),"") -> 0.089340102 | J13: =IFERROR(AVERAGEIFS('Unit Ledger'!$AN$2:$AN$315,'Unit Ledger'!$J$2:$J$315,"2026-08",'Unit Ledger'!$Q$2:$Q$315,"Moved Out",'Unit Ledger'!$V$2:$V$315,"<>Y"),"") -> 0.089340102 | K13: =COUNTIFS('Unit Ledger'!$J$2:$J$315,"2026-08",'Unit Ledger'!$Q$2:$Q$315,"Not Yet Expired") -> 30
A14: 2026-09 | B14: =C14+D14+E14 -> 0 | C14: =COUNTIFS('Unit Ledger'!$J$2:$J$315,"2026-09",'Unit Ledger'!$S$2:$S$315,"Y",'Unit Ledger'!$Q$2:$Q$315,"Renewed") -> 0 | D14: =COUNTIFS('Unit Ledger'!$J$2:$J$315,"2026-09",'Unit Ledger'!$S$2:$S$315,"Y",'Unit Ledger'!$Q$2:$Q$315,"Moved Out") -> 0 | E14: =COUNTIFS('Unit Ledger'!$J$2:$J$315,"2026-09",'Unit Ledger'!$S$2:$S$315,"Y",'Unit Ledger'!$Q$2:$Q$315,"MTM Holdover") -> 0 | F14: =IF(B14=0,"",C14/B14) | G14: =IFERROR(AVERAGEIFS('Unit Ledger'!$AC$2:$AC$315,'Unit Ledger'!$J$2:$J$315,"2026-09",'Unit Ledger'!$Q$2:$Q$315,"Renewed",'Unit Ledger'!$V$2:$V$315,"<>Y"),"") | H14: =IFERROR(AVERAGEIFS('Unit Ledger'!$AD$2:$AD$315,'Unit Ledger'!$J$2:$J$315,"2026-09",'Unit Ledger'!$Q$2:$Q$315,"Renewed",'Unit Ledger'!$V$2:$V$315,"<>Y"),"") | I14: =IFERROR(AVERAGEIFS('Unit Ledger'!$AM$2:$AM$315,'Unit Ledger'!$J$2:$J$315,"2026-09",'Unit Ledger'!$Q$2:$Q$315,"Moved Out",'Unit Ledger'!$V$2:$V$315,"<>Y"),"") -> 0.033005045 | J14: =IFERROR(AVERAGEIFS('Unit Ledger'!$AN$2:$AN$315,'Unit Ledger'!$J$2:$J$315,"2026-09",'Unit Ledger'!$Q$2:$Q$315,"Moved Out",'Unit Ledger'!$V$2:$V$315,"<>Y"),"") -> 0.15603623 | K14: =COUNTIFS('Unit Ledger'!$J$2:$J$315,"2026-09",'Unit Ledger'!$Q$2:$Q$315,"Not Yet Expired") -> 14
A15: 2026-10 | B15: =C15+D15+E15 -> 0 | C15: =COUNTIFS('Unit Ledger'!$J$2:$J$315,"2026-10",'Unit Ledger'!$S$2:$S$315,"Y",'Unit Ledger'!$Q$2:$Q$315,"Renewed") -> 0 | D15: =COUNTIFS('Unit Ledger'!$J$2:$J$315,"2026-10",'Unit Ledger'!$S$2:$S$315,"Y",'Unit Ledger'!$Q$2:$Q$315,"Moved Out") -> 0 | E15: =COUNTIFS('Unit Ledger'!$J$2:$J$315,"2026-10",'Unit Ledger'!$S$2:$S$315,"Y",'Unit Ledger'!$Q$2:$Q$315,"MTM Holdover") -> 0 | F15: =IF(B15=0,"",C15/B15) | G15: =IFERROR(AVERAGEIFS('Unit Ledger'!$AC$2:$AC$315,'Unit Ledger'!$J$2:$J$315,"2026-10",'Unit Ledger'!$Q$2:$Q$315,"Renewed",'Unit Ledger'!$V$2:$V$315,"<>Y"),"") | H15: =IFERROR(AVERAGEIFS('Unit Ledger'!$AD$2:$AD$315,'Unit Ledger'!$J$2:$J$315,"2026-10",'Unit Ledger'!$Q$2:$Q$315,"Renewed",'Unit Ledger'!$V$2:$V$315,"<>Y"),"") | I15: =IFERROR(AVERAGEIFS('Unit Ledger'!$AM$2:$AM$315,'Unit Ledger'!$J$2:$J$315,"2026-10",'Unit Ledger'!$Q$2:$Q$315,"Moved Out",'Unit Ledger'!$V$2:$V$315,"<>Y"),"") -> 0.022499392 | J15: =IFERROR(AVERAGEIFS('Unit Ledger'!$AN$2:$AN$315,'Unit Ledger'!$J$2:$J$315,"2026-10",'Unit Ledger'!$Q$2:$Q$315,"Moved Out",'Unit Ledger'!$V$2:$V$315,"<>Y"),"") -> 0.081342594 | K15: =COUNTIFS('Unit Ledger'!$J$2:$J$315,"2026-10",'Unit Ledger'!$Q$2:$Q$315,"Not Yet Expired") -> 20
A16: 2026-11 | B16: =C16+D16+E16 -> 0 | C16: =COUNTIFS('Unit Ledger'!$J$2:$J$315,"2026-11",'Unit Ledger'!$S$2:$S$315,"Y",'Unit Ledger'!$Q$2:$Q$315,"Renewed") -> 0 | D16: =COUNTIFS('Unit Ledger'!$J$2:$J$315,"2026-11",'Unit Ledger'!$S$2:$S$315,"Y",'Unit Ledger'!$Q$2:$Q$315,"Moved Out") -> 0 | E16: =COUNTIFS('Unit Ledger'!$J$2:$J$315,"2026-11",'Unit Ledger'!$S$2:$S$315,"Y",'Unit Ledger'!$Q$2:$Q$315,"MTM Holdover") -> 0 | F16: =IF(B16=0,"",C16/B16) | G16: =IFERROR(AVERAGEIFS('Unit Ledger'!$AC$2:$AC$315,'Unit Ledger'!$J$2:$J$315,"2026-11",'Unit Ledger'!$Q$2:$Q$315,"Renewed",'Unit Ledger'!$V$2:$V$315,"<>Y"),"") | H16: =IFERROR(AVERAGEIFS('Unit Ledger'!$AD$2:$AD$315,'Unit Ledger'!$J$2:$J$315,"2026-11",'Unit Ledger'!$Q$2:$Q$315,"Renewed",'Unit Ledger'!$V$2:$V$315,"<>Y"),"") | I16: =IFERROR(AVERAGEIFS('Unit Ledger'!$AM$2:$AM$315,'Unit Ledger'!$J$2:$J$315,"2026-11",'Unit Ledger'!$Q$2:$Q$315,"Moved Out",'Unit Ledger'!$V$2:$V$315,"<>Y"),"") | J16: =IFERROR(AVERAGEIFS('Unit Ledger'!$AN$2:$AN$315,'Unit Ledger'!$J$2:$J$315,"2026-11",'Unit Ledger'!$Q$2:$Q$315,"Moved Out",'Unit Ledger'!$V$2:$V$315,"<>Y"),"") | K16: =COUNTIFS('Unit Ledger'!$J$2:$J$315,"2026-11",'Unit Ledger'!$Q$2:$Q$315,"Not Yet Expired") -> 15
A17: 2026-12 | B17: =C17+D17+E17 -> 0 | C17: =COUNTIFS('Unit Ledger'!$J$2:$J$315,"2026-12",'Unit Ledger'!$S$2:$S$315,"Y",'Unit Ledger'!$Q$2:$Q$315,"Renewed") -> 0 | D17: =COUNTIFS('Unit Ledger'!$J$2:$J$315,"2026-12",'Unit Ledger'!$S$2:$S$315,"Y",'Unit Ledger'!$Q$2:$Q$315,"Moved Out") -> 0 | E17: =COUNTIFS('Unit Ledger'!$J$2:$J$315,"2026-12",'Unit Ledger'!$S$2:$S$315,"Y",'Unit Ledger'!$Q$2:$Q$315,"MTM Holdover") -> 0 | F17: =IF(B17=0,"",C17/B17) | G17: =IFERROR(AVERAGEIFS('Unit Ledger'!$AC$2:$AC$315,'Unit Ledger'!$J$2:$J$315,"2026-12",'Unit Ledger'!$Q$2:$Q$315,"Renewed",'Unit Ledger'!$V$2:$V$315,"<>Y"),"") | H17: =IFERROR(AVERAGEIFS('Unit Ledger'!$AD$2:$AD$315,'Unit Ledger'!$J$2:$J$315,"2026-12",'Unit Ledger'!$Q$2:$Q$315,"Renewed",'Unit Ledger'!$V$2:$V$315,"<>Y"),"") | I17: =IFERROR(AVERAGEIFS('Unit Ledger'!$AM$2:$AM$315,'Unit Ledger'!$J$2:$J$315,"2026-12",'Unit Ledger'!$Q$2:$Q$315,"Moved Out",'Unit Ledger'!$V$2:$V$315,"<>Y"),"") -> 0.12522611 | J17: =IFERROR(AVERAGEIFS('Unit Ledger'!$AN$2:$AN$315,'Unit Ledger'!$J$2:$J$315,"2026-12",'Unit Ledger'!$Q$2:$Q$315,"Moved Out",'Unit Ledger'!$V$2:$V$315,"<>Y"),"") -> 0.13854415 | K17: =COUNTIFS('Unit Ledger'!$J$2:$J$315,"2026-12",'Unit Ledger'!$Q$2:$Q$315,"Not Yet Expired") -> 12
A18: 2027-01 | B18: =C18+D18+E18 -> 0 | C18: =COUNTIFS('Unit Ledger'!$J$2:$J$315,"2027-01",'Unit Ledger'!$S$2:$S$315,"Y",'Unit Ledger'!$Q$2:$Q$315,"Renewed") -> 0 | D18: =COUNTIFS('Unit Ledger'!$J$2:$J$315,"2027-01",'Unit Ledger'!$S$2:$S$315,"Y",'Unit Ledger'!$Q$2:$Q$315,"Moved Out") -> 0 | E18: =COUNTIFS('Unit Ledger'!$J$2:$J$315,"2027-01",'Unit Ledger'!$S$2:$S$315,"Y",'Unit Ledger'!$Q$2:$Q$315,"MTM Holdover") -> 0 | F18: =IF(B18=0,"",C18/B18) | G18: =IFERROR(AVERAGEIFS('Unit Ledger'!$AC$2:$AC$315,'Unit Ledger'!$J$2:$J$315,"2027-01",'Unit Ledger'!$Q$2:$Q$315,"Renewed",'Unit Ledger'!$V$2:$V$315,"<>Y"),"") | H18: =IFERROR(AVERAGEIFS('Unit Ledger'!$AD$2:$AD$315,'Unit Ledger'!$J$2:$J$315,"2027-01",'Unit Ledger'!$Q$2:$Q$315,"Renewed",'Unit Ledger'!$V$2:$V$315,"<>Y"),"") | I18: =IFERROR(AVERAGEIFS('Unit Ledger'!$AM$2:$AM$315,'Unit Ledger'!$J$2:$J$315,"2027-01",'Unit Ledger'!$Q$2:$Q$315,"Moved Out",'Unit Ledger'!$V$2:$V$315,"<>Y"),"") | J18: =IFERROR(AVERAGEIFS('Unit Ledger'!$AN$2:$AN$315,'Unit Ledger'!$J$2:$J$315,"2027-01",'Unit Ledger'!$Q$2:$Q$315,"Moved Out",'Unit Ledger'!$V$2:$V$315,"<>Y"),"") | K18: =COUNTIFS('Unit Ledger'!$J$2:$J$315,"2027-01",'Unit Ledger'!$Q$2:$Q$315,"Not Yet Expired") -> 6
A19: 2027-02 | B19: =C19+D19+E19 -> 0 | C19: =COUNTIFS('Unit Ledger'!$J$2:$J$315,"2027-02",'Unit Ledger'!$S$2:$S$315,"Y",'Unit Ledger'!$Q$2:$Q$315,"Renewed") -> 0 | D19: =COUNTIFS('Unit Ledger'!$J$2:$J$315,"2027-02",'Unit Ledger'!$S$2:$S$315,"Y",'Unit Ledger'!$Q$2:$Q$315,"Moved Out") -> 0 | E19: =COUNTIFS('Unit Ledger'!$J$2:$J$315,"2027-02",'Unit Ledger'!$S$2:$S$315,"Y",'Unit Ledger'!$Q$2:$Q$315,"MTM Holdover") -> 0 | F19: =IF(B19=0,"",C19/B19) | G19: =IFERROR(AVERAGEIFS('Unit Ledger'!$AC$2:$AC$315,'Unit Ledger'!$J$2:$J$315,"2027-02",'Unit Ledger'!$Q$2:$Q$315,"Renewed",'Unit Ledger'!$V$2:$V$315,"<>Y"),"") | H19: =IFERROR(AVERAGEIFS('Unit Ledger'!$AD$2:$AD$315,'Unit Ledger'!$J$2:$J$315,"2027-02",'Unit Ledger'!$Q$2:$Q$315,"Renewed",'Unit Ledger'!$V$2:$V$315,"<>Y"),"") | I19: =IFERROR(AVERAGEIFS('Unit Ledger'!$AM$2:$AM$315,'Unit Ledger'!$J$2:$J$315,"2027-02",'Unit Ledger'!$Q$2:$Q$315,"Moved Out",'Unit Ledger'!$V$2:$V$315,"<>Y"),"") -> 0.18689528 | J19: =IFERROR(AVERAGEIFS('Unit Ledger'!$AN$2:$AN$315,'Unit Ledger'!$J$2:$J$315,"2027-02",'Unit Ledger'!$Q$2:$Q$315,"Moved Out",'Unit Ledger'!$V$2:$V$315,"<>Y"),"") -> 0.13604336 | K19: =COUNTIFS('Unit Ledger'!$J$2:$J$315,"2027-02",'Unit Ledger'!$Q$2:$Q$315,"Not Yet Expired") -> 11
A20: 2027-03 | B20: =C20+D20+E20 -> 0 | C20: =COUNTIFS('Unit Ledger'!$J$2:$J$315,"2027-03",'Unit Ledger'!$S$2:$S$315,"Y",'Unit Ledger'!$Q$2:$Q$315,"Renewed") -> 0 | D20: =COUNTIFS('Unit Ledger'!$J$2:$J$315,"2027-03",'Unit Ledger'!$S$2:$S$315,"Y",'Unit Ledger'!$Q$2:$Q$315,"Moved Out") -> 0 | E20: =COUNTIFS('Unit Ledger'!$J$2:$J$315,"2027-03",'Unit Ledger'!$S$2:$S$315,"Y",'Unit Ledger'!$Q$2:$Q$315,"MTM Holdover") -> 0 | F20: =IF(B20=0,"",C20/B20) | G20: =IFERROR(AVERAGEIFS('Unit Ledger'!$AC$2:$AC$315,'Unit Ledger'!$J$2:$J$315,"2027-03",'Unit Ledger'!$Q$2:$Q$315,"Renewed",'Unit Ledger'!$V$2:$V$315,"<>Y"),"") | H20: =IFERROR(AVERAGEIFS('Unit Ledger'!$AD$2:$AD$315,'Unit Ledger'!$J$2:$J$315,"2027-03",'Unit Ledger'!$Q$2:$Q$315,"Renewed",'Unit Ledger'!$V$2:$V$315,"<>Y"),"") | I20: =IFERROR(AVERAGEIFS('Unit Ledger'!$AM$2:$AM$315,'Unit Ledger'!$J$2:$J$315,"2027-03",'Unit Ledger'!$Q$2:$Q$315,"Moved Out",'Unit Ledger'!$V$2:$V$315,"<>Y"),"") | J20: =IFERROR(AVERAGEIFS('Unit Ledger'!$AN$2:$AN$315,'Unit Ledger'!$J$2:$J$315,"2027-03",'Unit Ledger'!$Q$2:$Q$315,"Moved Out",'Unit Ledger'!$V$2:$V$315,"<>Y"),"") | K20: =COUNTIFS('Unit Ledger'!$J$2:$J$315,"2027-03",'Unit Ledger'!$Q$2:$Q$315,"Not Yet Expired") -> 12
A21: 2027-04 | B21: =C21+D21+E21 -> 0 | C21: =COUNTIFS('Unit Ledger'!$J$2:$J$315,"2027-04",'Unit Ledger'!$S$2:$S$315,"Y",'Unit Ledger'!$Q$2:$Q$315,"Renewed") -> 0 | D21: =COUNTIFS('Unit Ledger'!$J$2:$J$315,"2027-04",'Unit Ledger'!$S$2:$S$315,"Y",'Unit Ledger'!$Q$2:$Q$315,"Moved Out") -> 0 | E21: =COUNTIFS('Unit Ledger'!$J$2:$J$315,"2027-04",'Unit Ledger'!$S$2:$S$315,"Y",'Unit Ledger'!$Q$2:$Q$315,"MTM Holdover") -> 0 | F21: =IF(B21=0,"",C21/B21) | G21: =IFERROR(AVERAGEIFS('Unit Ledger'!$AC$2:$AC$315,'Unit Ledger'!$J$2:$J$315,"2027-04",'Unit Ledger'!$Q$2:$Q$315,"Renewed",'Unit Ledger'!$V$2:$V$315,"<>Y"),"") | H21: =IFERROR(AVERAGEIFS('Unit Ledger'!$AD$2:$AD$315,'Unit Ledger'!$J$2:$J$315,"2027-04",'Unit Ledger'!$Q$2:$Q$315,"Renewed",'Unit Ledger'!$V$2:$V$315,"<>Y"),"") | I21: =IFERROR(AVERAGEIFS('Unit Ledger'!$AM$2:$AM$315,'Unit Ledger'!$J$2:$J$315,"2027-04",'Unit Ledger'!$Q$2:$Q$315,"Moved Out",'Unit Ledger'!$V$2:$V$315,"<>Y"),"") -> 0.00066711141 | J21: =IFERROR(AVERAGEIFS('Unit Ledger'!$AN$2:$AN$315,'Unit Ledger'!$J$2:$J$315,"2027-04",'Unit Ledger'!$Q$2:$Q$315,"Moved Out",'Unit Ledger'!$V$2:$V$315,"<>Y"),"") -> 0.00066711141 | K21: =COUNTIFS('Unit Ledger'!$J$2:$J$315,"2027-04",'Unit Ledger'!$Q$2:$Q$315,"Not Yet Expired") -> 7
A22: 2027-05 | B22: =C22+D22+E22 -> 0 | C22: =COUNTIFS('Unit Ledger'!$J$2:$J$315,"2027-05",'Unit Ledger'!$S$2:$S$315,"Y",'Unit Ledger'!$Q$2:$Q$315,"Renewed") -> 0 | D22: =COUNTIFS('Unit Ledger'!$J$2:$J$315,"2027-05",'Unit Ledger'!$S$2:$S$315,"Y",'Unit Ledger'!$Q$2:$Q$315,"Moved Out") -> 0 | E22: =COUNTIFS('Unit Ledger'!$J$2:$J$315,"2027-05",'Unit Ledger'!$S$2:$S$315,"Y",'Unit Ledger'!$Q$2:$Q$315,"MTM Holdover") -> 0 | F22: =IF(B22=0,"",C22/B22) | G22: =IFERROR(AVERAGEIFS('Unit Ledger'!$AC$2:$AC$315,'Unit Ledger'!$J$2:$J$315,"2027-05",'Unit Ledger'!$Q$2:$Q$315,"Renewed",'Unit Ledger'!$V$2:$V$315,"<>Y"),"") | H22: =IFERROR(AVERAGEIFS('Unit Ledger'!$AD$2:$AD$315,'Unit Ledger'!$J$2:$J$315,"2027-05",'Unit Ledger'!$Q$2:$Q$315,"Renewed",'Unit Ledger'!$V$2:$V$315,"<>Y"),"") | I22: =IFERROR(AVERAGEIFS('Unit Ledger'!$AM$2:$AM$315,'Unit Ledger'!$J$2:$J$315,"2027-05",'Unit Ledger'!$Q$2:$Q$315,"Moved Out",'Unit Ledger'!$V$2:$V$315,"<>Y"),"") -> 0.018867925 | J22: =IFERROR(AVERAGEIFS('Unit Ledger'!$AN$2:$AN$315,'Unit Ledger'!$J$2:$J$315,"2027-05",'Unit Ledger'!$Q$2:$Q$315,"Moved Out",'Unit Ledger'!$V$2:$V$315,"<>Y"),"") -> 0.018867925 | K22: =COUNTIFS('Unit Ledger'!$J$2:$J$315,"2027-05",'Unit Ledger'!$Q$2:$Q$315,"Not Yet Expired") -> 6
A23: 2027-06 | B23: =C23+D23+E23 -> 0 | C23: =COUNTIFS('Unit Ledger'!$J$2:$J$315,"2027-06",'Unit Ledger'!$S$2:$S$315,"Y",'Unit Ledger'!$Q$2:$Q$315,"Renewed") -> 0 | D23: =COUNTIFS('Unit Ledger'!$J$2:$J$315,"2027-06",'Unit Ledger'!$S$2:$S$315,"Y",'Unit Ledger'!$Q$2:$Q$315,"Moved Out") -> 0 | E23: =COUNTIFS('Unit Ledger'!$J$2:$J$315,"2027-06",'Unit Ledger'!$S$2:$S$315,"Y",'Unit Ledger'!$Q$2:$Q$315,"MTM Holdover") -> 0 | F23: =IF(B23=0,"",C23/B23) | G23: =IFERROR(AVERAGEIFS('Unit Ledger'!$AC$2:$AC$315,'Unit Ledger'!$J$2:$J$315,"2027-06",'Unit Ledger'!$Q$2:$Q$315,"Renewed",'Unit Ledger'!$V$2:$V$315,"<>Y"),"") | H23: =IFERROR(AVERAGEIFS('Unit Ledger'!$AD$2:$AD$315,'Unit Ledger'!$J$2:$J$315,"2027-06",'Unit Ledger'!$Q$2:$Q$315,"Renewed",'Unit Ledger'!$V$2:$V$315,"<>Y"),"") | I23: =IFERROR(AVERAGEIFS('Unit Ledger'!$AM$2:$AM$315,'Unit Ledger'!$J$2:$J$315,"2027-06",'Unit Ledger'!$Q$2:$Q$315,"Moved Out",'Unit Ledger'!$V$2:$V$315,"<>Y"),"") | J23: =IFERROR(AVERAGEIFS('Unit Ledger'!$AN$2:$AN$315,'Unit Ledger'!$J$2:$J$315,"2027-06",'Unit Ledger'!$Q$2:$Q$315,"Moved Out",'Unit Ledger'!$V$2:$V$315,"<>Y"),"") | K23: =COUNTIFS('Unit Ledger'!$J$2:$J$315,"2027-06",'Unit Ledger'!$Q$2:$Q$315,"Not Yet Expired") -> 4
A24: 2027-07 | B24: =C24+D24+E24 -> 0 | C24: =COUNTIFS('Unit Ledger'!$J$2:$J$315,"2027-07",'Unit Ledger'!$S$2:$S$315,"Y",'Unit Ledger'!$Q$2:$Q$315,"Renewed") -> 0 | D24: =COUNTIFS('Unit Ledger'!$J$2:$J$315,"2027-07",'Unit Ledger'!$S$2:$S$315,"Y",'Unit Ledger'!$Q$2:$Q$315,"Moved Out") -> 0 | E24: =COUNTIFS('Unit Ledger'!$J$2:$J$315,"2027-07",'Unit Ledger'!$S$2:$S$315,"Y",'Unit Ledger'!$Q$2:$Q$315,"MTM Holdover") -> 0 | F24: =IF(B24=0,"",C24/B24) | G24: =IFERROR(AVERAGEIFS('Unit Ledger'!$AC$2:$AC$315,'Unit Ledger'!$J$2:$J$315,"2027-07",'Unit Ledger'!$Q$2:$Q$315,"Renewed",'Unit Ledger'!$V$2:$V$315,"<>Y"),"") | H24: =IFERROR(AVERAGEIFS('Unit Ledger'!$AD$2:$AD$315,'Unit Ledger'!$J$2:$J$315,"2027-07",'Unit Ledger'!$Q$2:$Q$315,"Renewed",'Unit Ledger'!$V$2:$V$315,"<>Y"),"") | I24: =IFERROR(AVERAGEIFS('Unit Ledger'!$AM$2:$AM$315,'Unit Ledger'!$J$2:$J$315,"2027-07",'Unit Ledger'!$Q$2:$Q$315,"Moved Out",'Unit Ledger'!$V$2:$V$315,"<>Y"),"") | J24: =IFERROR(AVERAGEIFS('Unit Ledger'!$AN$2:$AN$315,'Unit Ledger'!$J$2:$J$315,"2027-07",'Unit Ledger'!$Q$2:$Q$315,"Moved Out",'Unit Ledger'!$V$2:$V$315,"<>Y"),"") | K24: =COUNTIFS('Unit Ledger'!$J$2:$J$315,"2027-07",'Unit Ledger'!$Q$2:$Q$315,"Not Yet Expired") -> 2
A25: TOTAL | B25: =SUM(B2:B24) -> 154 | C25: =SUM(C2:C24) -> 64 | D25: =SUM(D2:D24) -> 83 | E25: =SUM(E2:E24) -> 7 | F25: =IF(B25=0,"",C25/B25) -> 0.41558442 | K25: =SUM(K2:K24) -> 139

Sheet Notes
A1: Seasons at Meridian — First Turn Analysis: Methodology & Caveats
A3: COHORT & CONVENTION
A4: • Cohort = 314 residents in place on the 1/1/2026 rent roll (360 units, 87% occupied). Tracked by Yardi Resident ID into the 8/4/2026 rent roll.
A5: • Retention = renewals ÷ initial leases whose first expiration came due by 8/4/2026. MTM holdovers stay in the denominator (not renewed, not gone).
A6: • Early terminations (moved out before first expiration) are excluded from the ratio until their expiration month passes; shown separately and in the all-in ratio.
A7: • Early renewals count as renewed as of their original expiration date. One corporate lease (B307, Coleman Environmental) is excluded from all trade-out averages.
A9: RENEWAL IDENTIFICATION
A10: • Primary: Concession Burn Off reports (6/21 & 7/30/2026) — the only source with Lease Start Date. Current lease start > move-in +45 days = renewal.
A11: • The Renewal Tradeouts report (5/10–7/9/2026) supplies exact prior/new concession and term detail for the 23 renewals in its window (all 23 reconcile with the ledger).
A12: • 10 tenants renewed before 1/1/2026 (moved in Aug 2024–early 2025). Their initial rent comes from their HelloData leasing episode, since the Jan roll already shows renewal rent.
A14: RENT & CONCESSION SOURCES (priority order, per lease)
A15: • Initial gross rent: 1/1/2026 rent roll Actual Rent (validated = as-of-January charge). Fallbacks for Yardi zero-charge rows: 6/21 burn-off Lease Rent, then HelloData last asking.
... A29: • Rebuild: python3 build_ledger.py && python3 build_workbook.py (analysis/first-turn/)
